distance_patient_clinic,distance_staff_patient,time_margin,workload,language,preferred_language,fitness_score,language_match
27.793415495878055,25.841392552835128,-12.553969695099454,7,Mandarin,Mandarin,2.6555008647030194,1
34.24122720137758,27.332611789400566,9.671443684461693,7,English,English,2.2353508645206253,1
31.384903929336037,25.707963162596965,-17.77418969632261,7,Malay,English,1.5843081018044114,0
6.4620608224888105,13.295063620846129,-11.829974043917552,8,English,Malay,2.010495508753592,0
25.086421773298646,28.013761891964204,-22.77003150000632,9,Malay,Mandarin,1.3947637046514458,0
3.4369765034504276,3.789417203436299,-12.18344362873555,6,Mandarin,Malay,2.369624584168681,0
30.24502352570615,27.240830162567164,-19.63878499878139,7,Malay,Mandarin,1.5719796592975885,0
13.306870664095529,5.055712346029127,8.985667791082005,7,English,Malay,1.8668757972108834,0
7.747690700036719,2.3588414912107236,-21.504873985093134,8,Malay,Malay,3.0747517648038816,1
32.2137510196533,25.24095969560216,-8.202226826195925,7,English,Malay,1.6105859661198174,0
30.143855267904417,29.977645407615697,-13.252816697457334,7,Malay,English,1.5522672671670514,0
23.145725066620166,26.688427068284856,-4.043832547449007,7,Mandarin,Malay,1.742989302743314,0
24.25364521241108,26.43892397676977,12.221283507061553,9,English,Mandarin,1.0803706676433658,0
10.342050147178327,11.121436769579843,10.51010080724161,6,English,Mandarin,1.900011602578962,0
1.3729786196166214,8.418828543567015,-18.345273363266408,7,Mandarin,Malay,2.2059310171572757,0
14.18199327547493,8.865383494966762,25.596563588235455,6,English,English,2.356146506707342,1
35.452456645585826,29.87894203174813,-14.324959077235164,7,English,Mandarin,1.4676506014284656,0
8.60941552933316,3.1306294472298086,-19.498558821579806,6,Malay,English,2.3001043541624377,0
1.7757631509356455,1.6995885151885468,20.496428154845432,6,Mandarin,Mandarin,2.730371497919168,1
5.639335308480244,11.302456121097258,-23.049865514345143,7,Mandarin,Malay,2.118749200656408,0
2.5455943113119908,12.511989786661369,22.142233767144216,6,Malay,Mandarin,1.556945977170219,0
12.974700246363518,9.077723916451715,-29.847945418504917,7,Malay,Malay,3.0449826069768315,1
14.72089252112992,6.2051274253474284,-4.39875970279202,7,Malay,English,2.1410772681925865,0
11.341174205582824,3.5559986751253687,24.10732753265843,6,Malay,Malay,2.489771807549873,1
8.956305828376216,2.2935232963980847,-21.864030510803715,6,Mandarin,English,2.297121607049578,0
3.6332619781942026,7.381291425816083,26.774938469452483,6,Mandarin,English,1.4352316195290604,0
10.364930596968614,1.0621884393428125,-0.42714213763307285,6,Mandarin,English,2.366805002511442,0
39.4753170095416,25.32285284606908,16.001178917970645,6,English,English,2.081153873450417,1
34.856707143338014,27.078297412206958,-27.53330933480042,7,English,Malay,1.4764555646866326,0
21.975684568211786,29.74138003219297,-15.271080137407774,7,English,Mandarin,1.6762753946467892,0
4.309770125875424,12.472627794231336,-22.60634247762014,7,Mandarin,Mandarin,3.121821545873532,1
23.700487219592993,27.814600611395075,-29.270151178842443,6,Malay,Malay,2.7502536853662667,1
11.506534657402154,7.7960868330575535,-7.56531098655924,7,English,English,3.1467560818068723,1
6.047469905990884,4.970856613096136,-26.86185433299925,7,Mandarin,Mandarin,3.165277220365799,1
23.27890855768389,26.326189399953066,-18.941197773673,6,Malay,Mandarin,1.8143944836356263,0
8.473511533605379,13.426373911982509,24.346448231944326,6,Malay,Mandarin,1.41137545742607,0
13.417269164879283,13.756815559952495,-26.19019099294986,6,Mandarin,English,2.123458516108516,0
37.1964646461858,29.500053747344012,-5.103894672886586,7,Malay,Mandarin,1.4771522871910254,0
22.065791134255964,26.641110427247888,-19.419310558239204,6,Mandarin,Mandarin,2.826772718293587,1
1.377143386667306,3.1523337370958844,12.6558669077486,8,English,Mandarin,1.759249886991167,0
14.294302015153905,1.4921263527064244,-13.059706676611718,7,Mandarin,Mandarin,3.163603360732691,1
27.39810246858608,28.422416733759817,29.165804794350276,9,Mandarin,Mandarin,1.4075443112723596,1
34.48851023297602,27.499617957549408,14.816046593816646,6,Mandarin,Malay,1.1663452640304663,0
28.058626539289595,28.150382744031152,21.59982701249021,7,English,English,1.9013103546000756,1
11.574640951231018,5.703565646716542,-22.685489468545885,6,Malay,English,2.234099635792038,0
7.410827574385159,10.491782633259032,-29.94946641301327,6,English,English,3.203642343213514,1
20.857626117877754,27.41022779364543,-11.759988847508474,9,English,Mandarin,1.5066334207735,0
26.295103981959493,25.40576026005266,9.505559715299821,7,Mandarin,Malay,1.3947364106443172,0
6.956618141786595,8.70275315288257,-29.413495399814828,7,Mandarin,Malay,2.110361302387259,0
29.24767709535783,27.06533432685738,16.64137641603093,6,Malay,Malay,2.1907383144266808,1
4.939433414170761,9.640251964170798,-27.623650298225087,6,Malay,English,2.2446243118891673,0
28.809028260214664,29.870035791002042,23.53147058805438,6,Malay,Mandarin,0.9127797552880592,0
13.780492404184836,4.320873203323454,8.680345325178724,7,Mandarin,Malay,1.880174257543662,0
8.150270852456794,12.573231989022354,-14.193262431158104,6,English,English,3.2279540968146816,1
29.46172004209344,29.006496853754804,-9.513780056068303,7,English,English,2.5904484703221327,1
4.458288842106289,12.878227463542679,18.32653997259868,7,English,Malay,1.5502059379025566,0
27.60431875674058,25.51520734762214,-1.8488862304430569,7,English,Mandarin,1.6991999731639922,0
10.276980741337013,1.7991722424552716,27.84130970774429,8,Malay,English,1.1522926303910268,0
14.211373023917032,8.86897445673221,-2.206812749818301,6,English,Malay,2.2443404826941133,0
23.0390781991682,28.248629452614008,-4.331440987926939,7,Malay,Malay,2.7194197443458537,1
13.283622715972083,13.62017728622109,6.552640693273971,6,English,Malay,1.9841195757134793,0
37.47238589957445,25.931203253018747,-13.484646835041051,7,Mandarin,Malay,1.5004397903984135,0
13.471196777061678,4.0048389182488675,-27.372423713698502,7,Mandarin,Malay,2.0989982306679,0
2.748615016102162,8.972687279554883,-10.188193207009306,7,English,Malay,2.2138263330200654,0
14.007949342444592,10.893947229122528,24.683958404991852,7,English,English,2.252042490109614,1
35.408639707134476,28.866166875247373,-3.1856861440398987,6,English,Mandarin,1.6387173882383717,0
4.185308011604102,2.694993585067414,-19.76400375374944,7,Mandarin,Malay,2.2303169715207867,0
6.315180882641931,5.780759164490709,-8.81742345914364,8,English,Mandarin,2.0971491879981947,0
5.528531694619396,2.463243361520828,-28.2974943034913,6,Mandarin,Mandarin,3.30825726842696,1
2.4910329142113468,7.617656698388233,28.40584463983163,6,English,Mandarin,1.3872085414798971,0
13.792738422443774,14.033172139977435,19.136967348353487,9,English,Malay,1.1819470371834155,0
11.975404331210688,11.06393316642233,-17.460624455431734,6,Mandarin,Malay,2.193904543505564,0
11.121306623111792,4.540012049194448,9.693812943568975,7,English,English,2.8691033602520237,1
14.212617201559159,8.652011764510146,-16.97501017295744,8,Mandarin,Malay,1.9622703430961155,0
2.6330329114000572,7.825824054629974,-11.94828632965698,6,Mandarin,English,2.3380838092408434,0
37.84970709307168,26.745972701371283,-22.32995267351165,6,Mandarin,Mandarin,2.5699118053969596,1
21.742296809900466,26.718757274665663,-17.14328077591624,7,Malay,Mandarin,1.7206837783203617,0
8.722262110166495,11.500801985065284,23.969715053095985,7,Malay,Malay,2.323829332189323,1
1.7759627017606265,3.214848146498249,5.617300290907163,6,Malay,Mandarin,2.2359863813356604,0
7.951259801518063,8.224115661520369,-22.290928953776444,7,Mandarin,English,2.1289431488570276,0
14.302378976803723,14.130049646601135,-21.833640464989962,6,English,English,3.125396912215985,1
10.93292077446062,12.628998910344615,-6.940653118200114,7,Mandarin,English,2.106245292757947,0
9.474189248498039,10.521150949657189,29.44072007657216,6,Mandarin,English,1.2521213953384223,0
11.900285334902051,3.360404602423574,-10.470476714490793,6,Mandarin,Malay,2.2949915115784414,0
28.21063897604303,25.534734272885093,18.719626991558393,7,English,Mandarin,1.0404405825343521,0
11.050039372850359,14.700682918414119,-7.783596613476078,7,Malay,Malay,3.0815474550424353,1
23.842932370334335,26.791980260471185,6.823243915552631,7,Mandarin,Mandarin,2.505198933143128,1
2.260889999826418,13.410713372482679,-24.55691412147703,7,English,Malay,2.1264275858719857,0
22.72791092190615,29.956787329134844,-2.2533672271912266,7,English,English,2.7046156920042805,1
30.50579276111345,28.45857510072138,9.457296168745621,7,Malay,Malay,2.283437800687584,1
13.407041336969815,3.864513942962482,23.14547233698185,7,English,Malay,1.3821929154063124,0
9.967954092188762,4.98024018200567,-16.519011158125156,6,Malay,Mandarin,2.277954686730972,0
5.92891496442769,4.8493160137750255,-24.195213844845817,7,Malay,English,2.17656697740182,0
14.267140547940528,5.769640445510127,25.313671060311986,6,Malay,English,1.396153702954574,0
9.345152514600192,10.26060434044154,-0.2528587517628935,9,Malay,Mandarin,1.9330995689437063,0
8.09843693608504,1.310305940081483,12.884544127620996,7,Malay,Malay,2.8199535267716,1
4.089402043560778,12.514610852729714,-29.985543553536004,6,Malay,Malay,3.216508059191975,1
21.835110972036617,26.551460085559516,-11.519965906887787,6,Malay,English,1.858086786081101,0
7.757955316260476,9.842508818752025,-17.21748218168613,6,Mandarin,Malay,2.249103751377588,0
11.741987233073202,6.003228385867608,25.100302714769757,7,Malay,Malay,2.3090372487936506,1
13.904348372547377,3.4892721252266394,28.770403423836797,7,English,English,2.184099675187972,1
21.978109670467976,25.039664302758474,18.945921100096122,8,Malay,Malay,2.0196718330242245,1
33.020743195630935,29.560304233983025,-6.197323499764558,7,Mandarin,English,1.5375259616512342,0
1.6112128589202472,9.961610291791859,-21.213722199217884,7,Malay,English,2.1785593611621525,0
26.297486005302787,28.433079543043405,-3.2694414619235843,7,Mandarin,English,1.669404175485981,0
11.641526819083746,4.010280409559738,-4.819400856473955,6,Malay,Mandarin,2.3099172581919856,0
14.415848017857723,7.527970823538857,-25.09865425933165,6,Malay,English,2.1793996307215955,0
11.062438679354239,9.927194661131683,25.059949979325665,7,Mandarin,English,1.2780054173187427,0
6.904976917605099,3.352323972038261,-26.012845413795297,7,Malay,Malay,3.1757175063909155,1
14.696380560813228,4.162759524407712,-1.298476090457502,6,Malay,Mandarin,2.2895803455129324,0
4.664505473735804,13.02460435595806,20.88306701675227,6,Malay,Mandarin,1.574701556116732,0
11.003732219855282,10.857850149212538,-1.840413231509391,6,Mandarin,Mandarin,3.257749465537624,1
13.124920581238797,1.7786014265733638,-27.175381381346508,6,Mandarin,Mandarin,3.24288017531739,1
2.2077589514052205,10.45284989532147,-10.207517122282184,7,English,Mandarin,2.204368854458459,0
39.96789357229021,28.5127946526553,17.809066114861057,7,English,Malay,0.8430942024807111,0
10.233772801185832,2.591020721373109,-24.108520404387868,6,Mandarin,Mandarin,3.273890330093118,1
4.610599995373581,14.700332900533045,7.792529949240565,7,English,Malay,1.899152122817514,0
25.35115846456155,29.338590530168524,-29.571357389185092,7,Mandarin,Mandarin,2.5823660465624707,1
31.74171682104719,25.379120813411117,-10.401538505911539,6,Malay,Mandarin,1.7259485084442767,0
7.624237853233236,1.8785467009605843,-21.394756061151604,6,Malay,Mandarin,2.31615630092089,0
8.489270858289775,1.9938728675894457,-17.635787040875805,8,English,Malay,2.083882605938288,0
35.73545902243578,28.890349337521194,-27.65556544230428,7,English,Malay,1.4341910962596551,0
8.782695497815808,7.863202523766497,-11.031807046223687,6,Mandarin,Malay,2.279268329630098,0
13.077004263490773,4.515237739227097,12.868913461111054,7,Malay,Mandarin,1.7386656088339345,0
23.386857950129603,28.943464113685252,-2.377513163805098,6,English,Mandarin,1.8272143906835299,0
3.423754832327794,5.3724966124081535,-9.545007954411261,9,English,English,3.0102207923712694,1
8.87465144000499,12.622485626410274,-12.751002125634368,6,Malay,English,2.2250252889170663,0
8.926501046652502,13.136289025932992,-3.975582526362196,7,Mandarin,Mandarin,3.1311201575196046,1
12.81315572393533,12.350626073089938,18.512475139445932,9,Mandarin,English,1.2304255521491396,0
10.046496594431467,10.991149042653294,20.719897326505446,6,Mandarin,English,1.546927137201462,0
32.60758814998727,27.832608772819114,-11.943063776768767,6,English,Malay,1.6691756130560047,0
25.364630070950206,26.885719225790346,-4.424931013300153,6,Malay,Mandarin,1.8216336853397022,0
2.215903402122522,5.707690956908747,-11.031707780114072,7,English,Mandarin,2.2489916971426407,0
6.916883783493221,11.45879057102156,-20.609507250478615,6,Mandarin,English,2.230044898953257,0
5.120948673025962,5.0909855226902865,21.535144799619957,6,Mandarin,English,1.6266505900561392,0
11.123314722717717,7.484444103231758,-1.8465659364257654,6,Malay,Malay,3.2902671919524193,1
25.031672331758372,27.019724527683348,-26.325634289651717,6,Mandarin,English,1.751726156776512,0
4.04696032826477,10.359924806485283,-2.185035519494832,7,English,Mandarin,2.2136476969208503,0
32.1183801228008,25.47243038778963,-16.136819955597886,6,Mandarin,English,1.6995202144277115,0
10.328355867570561,5.709461839847771,16.967994187494227,6,Mandarin,Malay,1.7282420263635188,0
13.198457764861898,2.247292515458329,22.34795888953882,9,Malay,English,1.193363936062939,0
4.768745659287084,6.847248577211563,-4.094083875135304,7,Malay,Malay,3.2351931113845627,1
3.2939441143616133,1.4821486432982942,-24.012128273875845,7,Mandarin,Mandarin,3.237198644843815,1
6.18641341820929,4.510780382606312,28.413601352775114,9,Malay,English,1.0285520146447151,0
35.40740676332443,27.868379945307822,-24.754749418224407,6,Malay,Malay,2.5823608198049723,1
38.27504154197183,25.013658736112717,13.979416419063519,9,Mandarin,Malay,0.8228961987847949,0
11.058325873273596,13.940659979088432,-28.46992884477106,6,Malay,Mandarin,2.1376103786604763,0
20.179552869209523,27.22233229308484,-9.854383688769254,6,Malay,English,1.8789560629573014,0
11.303924267640307,4.431889535678338,-28.07789274537942,6,Mandarin,Malay,2.2315488861488824,0
2.687419698327176,10.158035459686062,-9.294478766015054,7,English,Malay,2.205563852533151,0
2.985035109740731,6.501928479714207,16.553653338852534,7,English,Mandarin,1.690752497245612,0
31.89919168709384,27.845825759493984,6.5809247832252735,8,Malay,Mandarin,1.254467361195749,0
33.4232225116083,26.972470109675267,15.879495106608179,6,Malay,Malay,2.1538957860487473,1
14.537177051023354,7.409358048612501,23.872294700629695,9,Mandarin,Malay,1.0750043344816023,0
8.497807060539852,11.66066709954369,-10.78021958392464,6,English,English,3.2449811931194157,1
4.626226951088451,4.865769476504389,-4.705704934815994,9,Mandarin,English,2.019394352608018,0
10.859955754979593,13.729552118751625,-10.96998715944206,7,Mandarin,English,2.082538297397881,0
10.8851919108899,13.543843996425075,-23.757801402900892,7,English,Mandarin,2.0415169695838475,0
8.190271682767863,7.429852045414792,10.077860807144745,6,English,English,2.9735736344681074,1
11.365652622485335,13.613171628766965,-21.94637833144133,7,Mandarin,Malay,2.042057163049339,0
13.365269678791977,11.468044966414281,-28.21736694147062,7,Mandarin,Mandarin,3.0226089637430356,1
13.158134730520556,10.489916777780302,11.137266031947728,8,Mandarin,Malay,1.6212151737988207,0
38.33689587560497,29.761321907718543,-12.967934336244742,7,Mandarin,English,1.4291346089163741,0
10.084938372497662,8.001929180514203,23.586996170431416,6,English,Mandarin,1.476086458504782,0
12.028651970541818,4.98897279530804,14.021615530524327,6,Malay,Mandarin,1.82156720877315,0
35.62683258500744,29.730065981054526,-2.750233518290102,7,English,Malay,1.5058363550225136,0
12.300807882240104,8.355646714256153,10.119396668272728,7,English,Malay,1.804256570645492,0
14.57833327936785,1.3742594957487593,29.85122815890029,6,English,Mandarin,1.2781810866873236,0
6.150599104887651,4.614136514245197,-12.136480237618553,8,English,Malay,2.0993977096832763,0
20.59275035787335,29.983580037882934,-22.596533088521184,6,Malay,Malay,2.7871019724376094,1
22.066939134658952,26.168079757358097,10.855864863083873,7,Mandarin,Mandarin,2.401388880360688,1
12.168096901207779,10.340619691716448,16.81177067858131,6,Mandarin,Mandarin,2.669000860320412,1
14.88201359448221,13.67852559663503,-12.28923832255651,6,English,English,3.1559304803469725,1
37.12435032172874,28.875806417576833,-9.108138913850578,6,Malay,Mandarin,1.592137098786856,0
8.41448379716357,2.490441585943477,-27.658793346434162,7,English,Mandarin,2.1637547683474825,0
23.003240201301125,25.09953213799798,-5.80905009097448,6,English,Mandarin,1.8815378188632101,0
24.110450275514552,28.867981797766177,15.468955460716526,6,English,Mandarin,1.2836442821794436,0
9.831540302469225,2.8546125201414934,-4.052884270456143,6,Mandarin,Mandarin,3.342128857539039,1
5.7510214612037585,9.747669409533856,-21.667271697263374,7,Mandarin,Mandarin,3.137788852301746,1
3.9671875807614425,7.030122511632465,-9.075355550470633,6,Malay,Malay,3.3422757139078256,1
8.443302907075797,5.2934916566563555,28.472104529641197,6,English,English,2.3486083958252366,1
1.097660577778357,10.7733540406857,25.96382483662489,7,Malay,English,1.3375559845334883,0
21.429710641436422,29.15937020504423,-3.044476690564018,7,English,Mandarin,1.7345771534195322,0
12.165787212326638,14.670293651939012,-22.954490180071073,9,English,English,2.78512422409044,1
7.825028568728823,12.868845191160851,-21.57259041931458,6,Malay,Mandarin,2.2036526276700545,0
3.0994473135931004,7.906211016473353,19.205947447769212,7,English,Malay,1.582735256027413,0
37.29071600572052,28.025038499366698,20.179354223031353,9,English,Malay,0.5743664210036572,0
11.501913930208781,13.775080363061551,-12.483025113290228,6,English,Malay,2.1881199733563292,0
7.4006724670376585,10.860602840054396,-9.632009057844861,6,Malay,Malay,3.2677805500695967,1
21.190718351814823,29.908899299657918,-14.72894704187486,6,Malay,Mandarin,1.8051872352819522,0
23.542414882296985,28.661810291926187,23.518033841661893,9,English,Malay,0.6614697572761399,0
37.80280851523017,28.674576176462953,-16.73125381702839,6,English,Mandarin,1.5593031698502346,0
38.98299720515148,29.828459871905512,-19.10375875713224,6,English,Malay,1.515087027388673,0
6.342457920211926,5.97534256713428,-2.8866357252133596,7,Malay,English,2.2321998760424933,0
37.26112477771109,28.729495424746307,9.392780111251538,7,Mandarin,English,1.1763986040679701,0
1.39490000364107,8.59218197050789,13.174965969569586,6,Malay,English,1.921505371323575,0
5.931728794249739,2.0602731331768136,-25.096913071523286,8,Malay,Mandarin,2.083923603820657,0
1.6089232961299884,3.91200178054563,-28.334587524421135,7,Malay,Malay,3.21534212415184,1
26.90536990400868,27.659094450320886,-7.510620820112873,7,English,Malay,1.6578507073100528,0
11.81414174624746,7.949241893894797,11.81423553480244,7,Mandarin,Mandarin,2.753867919880492,1
31.76943759367648,28.04187729704328,-22.996090385239114,6,Malay,Mandarin,1.6421148004157844,0
14.712227899332822,4.662490710084406,18.175202387083356,6,Malay,English,1.6526207303579104,0
7.480830615424994,10.236281091512945,16.444000106545268,7,English,Mandarin,1.6122888792015364,0
6.922098199568304,9.389021882158186,-22.53294338675052,7,Malay,Malay,3.126778987893567,1
27.193530395185206,28.110068138026797,16.80017513202023,7,Malay,English,1.0833823376404388,0
6.947989735277935,2.979054128761583,-10.79912371299277,9,Malay,Mandarin,1.9947324823162955,0
8.657191123108506,6.140615397959065,-16.495312057107256,6,Mandarin,English,2.2795375612656334,0
14.086014545580873,9.570182007414868,-15.364046532398014,7,Mandarin,Mandarin,3.0772245460287158,1
4.779118708067594,14.597244922101993,-20.540227209082076,7,Malay,Mandarin,2.1027689396680307,0
5.7936082522688075,7.551055260830759,-11.462945155248054,7,English,Mandarin,2.193343547684844,0
9.839145980677939,4.685535045104655,-17.40981186584243,8,Malay,Mandarin,2.0442204835226994,0
7.378061364041389,11.631860763797604,-25.389902176673957,8,Malay,Mandarin,1.97276777146603,0
31.693291333049025,26.47099488672157,5.738701942489294,7,Malay,Malay,2.4260343130386657,1
29.455182764233406,26.423046359764385,24.853851711063005,6,Mandarin,English,0.9100649592950516,0
4.16572968335881,5.246905418782763,-2.580725071780833,6,English,Malay,2.379771232072648,0
12.28335034142868,12.989917021336472,17.46413738682466,6,English,Mandarin,1.6185225178334854,0
13.55619155229893,6.361996859985739,-14.884628726022658,6,Mandarin,Mandarin,3.2337026867904113,1
8.202751311944496,14.048446319084118,-22.820157191398366,7,Malay,English,2.0664208330517195,0
33.983565405967056,26.909215601547558,-3.127521801287287,8,Malay,English,1.456520556101037,0
4.584086553655093,1.8653588820780935,10.978394237071672,7,Malay,English,1.9162617473451595,0
30.720477054083553,27.716631688830656,-24.51078662799052,8,English,Mandarin,1.4234423530169216,0
9.767128824233433,4.181776159443471,-16.723144155951324,6,English,Malay,2.28726713631006,0
11.336382677852333,9.53020297464325,-24.308596083364584,8,Malay,English,1.9578054898638289,0
3.8711866148414042,3.2148258526843634,18.883572314354748,7,English,Mandarin,1.6332148443223264,0
9.867343885218256,3.2821615629874588,8.649319672829673,7,Malay,English,1.9307787569689043,0
7.643552535701656,5.88100362195339,8.913012834327606,7,English,Malay,1.9177989892219833,0
31.250108569322936,27.882477915126458,24.598628683510697,7,Malay,English,0.7508744285412465,0
7.600743169529785,10.099856993283728,-23.703422456088447,7,Mandarin,English,2.1089825901849037,0
7.7996388741212055,7.542328280429213,-1.6867565608751605,6,Malay,Malay,3.323457806584912,1
2.700570542053555,10.509752823637761,8.502822008137944,6,Malay,Malay,3.052797996058259,1
22.461317085824263,26.47843265995938,-8.772311457272167,8,Mandarin,Mandarin,2.623640632430236,1
2.6124755974885323,13.148749258357407,-29.225803581853732,6,Malay,Malay,3.227468406168695,1
5.049066617983985,10.408580654510812,14.107654559700338,7,Mandarin,Malay,1.7166556176855403,0
4.763779337558355,8.830653625308564,6.01954525047373,7,English,Mandarin,2.0183715866047507,0
3.9945794348687595,5.575804359903964,17.190524079302076,7,English,Mandarin,1.6676278192767002,0
3.2473607150650627,1.2427193941588075,-10.60574887158469,7,English,English,3.2847467026691457,1
4.811675214046743,2.1544433805521868,7.722074709310066,6,Mandarin,English,2.1425661992281584,0
28.220928041421462,26.344451069876655,15.824714102500968,7,Mandarin,Malay,1.1290068869033845,0
14.787129002005804,8.807282709358546,-2.3484168059137858,6,Malay,Malay,3.238727826866644,1
10.162695431456882,12.787151259537666,8.514762914773362,6,English,Malay,1.954984831072987,0
34.120729286680465,27.27644579882535,28.15733297112787,7,Malay,Malay,1.5910928446804342,1
7.279874671216268,5.087535290785294,10.439618103751535,7,English,English,2.8759392667486807,1
4.490875200254811,14.324519936730242,19.355990009226566,7,English,Malay,1.4993863983072195,0
25.91954473191851,27.539916203381146,25.0801591334468,7,Mandarin,Mandarin,1.8222694824469228,1
5.843354355804778,14.927021380758585,-2.8123524359228433,6,English,Mandarin,2.2654217345146237,0
2.6210943089045684,6.6087340883777355,-3.2641745860582496,7,Malay,Malay,3.2618211340736494,1
36.761133234825515,27.78289620417878,16.055481464796582,6,Mandarin,Mandarin,2.083206579680942,1
13.068030815379068,11.145917953493456,11.736969392157807,6,Mandarin,Malay,1.8295665835857515,0
7.119326901504917,7.529521513056231,12.660747569169171,8,English,Malay,1.6578853509334674,0
3.542511891976083,8.516004377454948,-15.17557344062258,7,Mandarin,English,2.1938295925036146,0
3.771912154188469,3.9338324908079074,-27.10799565024694,6,English,Malay,2.3150825680492133,0
3.603362431134504,8.262852286254587,-4.922929001647734,7,English,English,3.2299280894872835,1
35.21305351769838,27.780107590700936,5.40930000814037,6,English,English,2.479947549139987,1
12.41781057641023,10.237708268244509,-11.019479950893732,6,Malay,Malay,3.21921321171714,1
14.950096731192033,6.299909751013354,-4.938455217644442,7,English,Malay,2.136038417785798,0
4.433758435028907,10.150350539183178,-5.951839913122491,6,Malay,English,2.3168194438808043,0
26.288002324331202,25.822178250691085,12.349173451695833,7,English,English,2.2888427869125216,1
5.4929833889365405,9.731020592730253,-4.386510468374759,7,Malay,Malay,3.198138258622083,1
9.876396232995292,2.0681820602778456,-25.18817609871008,7,Malay,Mandarin,2.1615936300715686,0
6.8679178485178465,13.288805021341307,-10.151683488444597,6,Malay,Malay,3.2470938263399267,1
5.448564632065211,13.084951955869698,6.546307413964137,7,English,Mandarin,1.9505440746319063,0
5.074584867831736,8.58011319850328,-16.54860244289345,6,Malay,English,2.290791011193672,0
3.6941873333825463,10.74455260176189,-27.891428327151957,6,English,Malay,2.2451411728913824,0
2.539675161222176,7.383119383371574,-11.001585461523629,6,English,Mandarin,2.3466001030156507,0
30.61448478418145,27.370414560275517,-16.583041298856692,7,Mandarin,Malay,1.5744025392011471,0
8.516591854066448,2.65542537054177,-28.188063459741194,7,Malay,Mandarin,2.159319616221447,0
1.5200743628760975,8.85957454086859,-19.18470267772267,6,Mandarin,Mandarin,3.314754502036811,1
11.72888430402891,3.7833586538369492,-17.910453849177863,7,Mandarin,Malay,2.1501760575907487,0
12.447694002562098,9.320153579815983,-16.012021724548905,7,English,Mandarin,2.093948118427723,0
7.153373494190383,1.6603592570839967,6.107801010542719,7,Mandarin,Mandarin,3.063089637118261,1
25.75828142434937,26.439972701826882,-10.69875449314431,6,Mandarin,Mandarin,2.8015313097267773,1
1.3713219150255165,11.606728469323041,-18.276723467827285,7,English,Mandarin,2.1742970845970904,0
13.026529066438949,10.042734937582408,20.568748844102814,6,English,English,2.5319011504161884,1
27.277833261358555,28.575054234776744,17.650835192731563,6,English,Malay,1.1625647405367352,0
1.540847222698525,6.620986556665475,10.233662349545249,6,Malay,Malay,3.0427034799722765,1
8.306891427034788,12.159693365865794,-10.0097178364935,8,Mandarin,English,2.0094684259493487,0
2.2820106991003555,4.0642506974608406,8.563794111034813,7,Mandarin,Malay,2.0018045921481695,0
5.271662897644521,7.952847424806263,8.888686104567828,7,Malay,Malay,2.9216508831156185,1
9.310432719880136,11.015264579047498,-20.268528016321138,7,English,Mandarin,2.09418126695632,0
37.54865047044432,26.66150125206279,27.558304109289786,6,English,Mandarin,0.6858014404914137,0
1.908492063980461,4.4783832670424335,9.240710236268953,8,Malay,Malay,2.8602063884203575,1
6.152732658743922,7.218019810382112,-13.6722138741263,8,Malay,Mandarin,2.068218429061652,0
2.7115578824344153,8.659752374599087,26.184027819668934,9,English,Malay,1.0998459237412521,0
37.1830784538926,28.09001464823286,10.237255280252647,7,English,Mandarin,1.1580035058247613,0
37.05876166900981,29.29141994648702,-14.803083138952788,7,English,Mandarin,1.450209119962429,0
28.358633098259276,27.235901737750257,-20.61874148748174,7,English,Malay,1.5981336531482462,0
11.817511632483054,1.1392714007741622,-0.7288328032224918,7,Mandarin,Malay,2.2330027269900197,0
35.42604465370301,25.455737348241275,19.162978007627842,6,Malay,Malay,2.031412494147226,1
11.257194839901896,3.0709859427963417,-28.370519006762393,6,Mandarin,English,2.24464979548381,0
39.58361789752767,27.74046819287686,-6.607081526868452,9,English,Malay,1.2273795001708123,0
25.54446717449522,25.58990582882638,-23.756981983691695,7,Mandarin,English,1.6570531466693585,0
27.884959979926506,27.322886227006684,-0.06018303979997697,7,Mandarin,Mandarin,2.6726773377594837,1
9.992659450683043,3.3039898282947924,24.31412208615949,7,English,English,2.3810392341946396,1
5.148766690291637,12.748798355059824,-10.12591278718125,7,Mandarin,English,2.152271306922548,0
8.97617911362262,14.525434266445883,-5.727140609857852,8,English,English,2.993393397499789,1
34.36958175349014,25.813198506585724,20.146556941759947,6,Mandarin,English,1.0078605918816663,0
28.518876686709913,27.691120897349485,-4.277253141002372,7,English,English,2.6430314160001793,1
35.1084918244228,25.298432787413052,25.37284452199382,9,Mandarin,Malay,0.46895383665721413,0
7.684941798807554,1.031788955337371,-0.23277536281402078,6,English,Malay,2.394556774582504,0
14.241881209337034,11.909783669871546,-14.938933700659952,6,Mandarin,Mandarin,3.171186905539048,1
4.836465050135808,4.679606556498104,13.208536344589506,6,Mandarin,English,1.9250405118730283,0
35.466864124235485,29.028625897728286,-13.918575521906174,8,Malay,Mandarin,1.3645082368075427,0
28.60933942646252,26.146131291181135,12.643199400825623,7,Malay,Mandarin,1.2374029209188688,0
11.731920814421363,6.677607556180879,17.587658581533564,6,Malay,English,1.682836665940303,0
4.264552542720161,13.858101077001212,-23.091875218203725,7,Mandarin,Mandarin,3.106800546408774,1
30.866427980749165,27.66862497480321,-0.7332486996353467,8,English,Malay,1.5011772361370674,0
4.034328222601716,9.026192215505786,-10.921878109436317,6,Malay,Malay,3.3154885352541372,1
5.124844822649749,12.774126547994243,-5.957493487055061,6,English,Mandarin,2.283651974670043,0
22.623450281576364,26.874348702809485,5.606370307250365,7,English,English,2.565477943933568,1
7.614024402907934,12.709550404951592,-19.206166973292046,7,Mandarin,English,2.0977436953437647,0
14.890195790540236,4.609532738641474,-26.74086292571176,6,English,Mandarin,2.1983665049558105,0
3.085490342554626,5.379531125420137,-5.744634450975784,7,English,Mandarin,2.261201003817,0
1.4982921464161336,6.423666667230277,-18.301851276969952,7,Mandarin,Mandarin,3.224774240940303,1
5.225113377864328,2.001464602968545,9.2433983849857,6,Mandarin,English,2.0867152767171717,0
25.368036271872228,27.888576726664382,-27.15448862910497,7,Mandarin,Malay,1.6127155023701918,0
22.221776603462978,25.47062858216535,12.22065014535188,7,Malay,Mandarin,1.3620620531362437,0
9.557660847864968,13.030725831346526,19.914327761938168,6,Malay,Malay,2.5596146615400492,1
7.877216942007241,2.0757544458566146,27.19990769836127,7,Mandarin,English,1.3134735166787173,0
11.275408293768376,5.845953881310894,24.795015493337793,9,English,Mandarin,1.0909608359823846,0
7.888540042749673,13.208047173243084,27.122104591157633,7,Malay,English,1.2047604671495553,0
6.342960642815599,3.797325148339491,14.71675930674429,7,Malay,English,1.748510566352399,0
9.607259677213818,12.198864306657862,-14.615014123774015,8,Mandarin,Mandarin,2.9807220464153694,1
11.195959044907056,10.347628765342728,-8.078999939972402,7,Mandarin,Malay,2.1226341220975944,0
1.5885037129803463,8.68332914021575,-21.661787097885448,7,Malay,English,2.1900757144750878,0
6.958539990625457,3.5703061898732136,22.478639609191635,6,English,Mandarin,1.590459151873306,0
12.910817118051039,3.597715089275655,-23.399276926168493,7,Mandarin,Malay,2.121917088172838,0
7.563912007942971,1.0090851375842365,5.050397767114016,7,Malay,Mandarin,2.1025061066957376,0
37.385834344233885,29.063627317965263,24.273589618796052,6,Mandarin,Malay,0.765932737485707,0
10.264036628424895,3.2125499622917886,9.052036876370853,6,Mandarin,Mandarin,3.0309128434198533,1
23.78395398963122,27.975477340798733,13.272182101841242,8,Malay,Malay,2.1444935835177574,1
22.85783758798417,29.565982206280324,-8.70571304863978,9,English,Malay,1.4521659819270862,0
14.552559597625368,1.972106651086038,7.065937804278375,6,Malay,English,2.069945514363143,0
12.16890807620531,10.866564619428981,25.111989717909626,6,Malay,English,1.3732256329168204,0
14.887800415412237,4.340511155997645,-19.338893957302595,9,English,Mandarin,1.873253904428226,0
8.771433328472913,7.961637965151897,16.9053523476716,6,English,Mandarin,1.723481954895246,0
8.114178159299673,2.7822482157147235,-1.9869374715266446,7,Malay,English,2.249412611344767,0
14.806972748038637,7.671396686083844,-4.971565247291952,7,Malay,Mandarin,2.1236444215011354,0
4.043646107066106,13.76943838676272,-18.062179590495045,6,English,Mandarin,2.2441618897600617,0
6.982891745806726,12.547959680161497,17.479932632299818,7,English,English,2.557893843609824,1
34.80205712726993,29.88626662156184,-5.076303925701605,7,Malay,English,1.5084828397102783,0
29.596285319847986,27.573092189616144,17.259035481084588,6,English,Mandarin,1.1557989969037088,0
13.142174335194706,12.756839047290573,-15.012718472291036,6,Malay,English,2.1734674712675104,0
2.4761001589867284,1.6343263907205092,-19.87207107549158,6,English,English,3.3751554975846223,1
32.0513893495645,26.17258526296406,13.082176975266679,9,English,Malay,0.9330842007818885,0
36.619071115607824,28.780982141197747,18.586294871148294,7,English,Malay,0.8638121844039457,0
35.554959368303706,29.663927511202154,13.617419888573716,6,Malay,English,1.15804095244094,0
6.743228695148896,1.6583208642478906,11.488299500950955,6,Malay,English,1.9963940218727487,0
2.1266806723612426,5.166390226967299,-8.257097360140648,6,Malay,Malay,3.382045633139579,1
13.898970632761221,8.679237157283367,-4.944665008743353,6,Mandarin,Malay,2.240235705403743,0
2.72284625091108,8.725313221359567,-15.462081362194125,7,English,English,3.19897813406998,1
10.596503227462659,9.700056670318167,27.62969299352819,7,Mandarin,Mandarin,2.194995146248705,1
3.9773388486815975,3.2362426421464905,-29.463210618728457,6,Mandarin,Malay,2.312153483029291,0
33.49371114019688,29.876240802209928,-7.50172504085084,7,Mandarin,English,1.5209061085375026,0
33.81136755741825,28.62532494836558,-11.336426727275953,6,English,English,2.6401411385968876,1
9.584156183479799,9.006618853579955,7.86565734907343,6,Malay,English,2.0212942424118325,0
10.969781324846108,5.93240541070347,-2.9732382210435624,9,Malay,Malay,2.951067338574359,1
14.003272230309598,14.69907976417647,-12.272513286433632,6,Mandarin,Malay,2.154568102433694,0
12.94478358450147,11.02292916453404,29.416414858862257,9,English,Malay,0.8607483524494657,0
3.5792471927593965,12.887904627919962,-14.537205713946689,6,Malay,Malay,3.269371129413384,1
29.78885635171617,29.089686057526407,-22.592015206851798,6,English,English,2.657971511833387,1
28.656386128848165,25.145073482819885,25.07417859748423,7,English,English,1.817158821795438,1
21.750016081202226,25.103905052559675,-17.578216963777578,6,Mandarin,English,1.8617338369288896,0
7.412225957962235,13.760242433152253,-23.973676959312694,7,English,Mandarin,2.073363059557813,0
1.109241469401972,6.132406455268191,23.96088895931487,7,English,English,2.453952407177278,1
2.0535193866420665,4.15144076527066,8.665005518349453,6,English,English,3.117175205338642,1
14.514969560407225,4.855070878433845,8.00566585749879,7,English,Malay,1.8911012905991316,0
26.688782269319415,25.37413383415695,-2.4790068081382195,9,English,Malay,1.4785357268076846,0
7.206799630511153,1.0225916174623833,29.565215701428702,6,Malay,English,1.3654235379702602,0
10.31338647439572,5.89682098887876,-19.469101423174777,6,English,Mandarin,2.2555009206233394,0
6.315670015568015,13.286166291249192,16.93538386349723,6,Mandarin,Malay,1.6937432017094252,0
36.93446089780659,29.828672789344633,-7.154885442177132,7,English,Mandarin,1.4692794133926128,0
9.75984310534248,14.29030885895304,-18.426038461089256,7,Malay,Mandarin,2.063078352153414,0
12.318787641328198,13.901466159049129,9.228489223705184,6,Mandarin,Malay,1.8973003391665453,0
4.3657015042004135,1.6914243473238229,11.389375089142604,8,Malay,Malay,2.7883006133647665,1
5.087905165141953,8.977477778637244,-20.074158432142642,7,English,English,3.1574323091217327,1
38.28392616532821,25.662853633982216,-19.769614959624437,6,English,Mandarin,1.5885402643675341,0
6.073515496934711,12.089749544455717,-23.635547741017426,6,Malay,Mandarin,2.222082190449371,0
21.041492045972937,27.293380951774786,-23.58730559050305,7,Mandarin,Mandarin,2.7011665125111364,1
9.751283780549075,1.1176796571203027,10.802979597472019,7,Mandarin,English,1.8782060797117857,0
9.159407830330064,10.913888256381538,-10.10319854701289,6,English,Malay,2.2480897106428412,0
22.898966541781324,29.084050969160117,-2.193323771686199,7,Mandarin,Malay,1.7157308705908458,0
1.4976045485474094,6.428508737315236,-24.618662602265267,9,Mandarin,Malay,1.968676658467156,0
6.963186718561021,1.9615184554508058,25.996779526282236,6,Malay,Mandarin,1.4833656648400035,0
4.242133463361138,4.2292123000200466,-6.580590289167752,6,English,English,3.375851241402296,1
31.324004568906133,27.33711361616078,-17.17961822326284,7,Malay,English,1.5618949897103052,0
2.7322164599889422,11.764915951913455,10.662958791997994,6,Mandarin,Mandarin,2.9643251181610464,1
33.25017823814699,26.745842417518872,13.675969623226385,7,Mandarin,Mandarin,2.1197362974322744,1
4.582022711404883,1.7306281771048198,-13.336193089082435,7,Mandarin,Mandarin,3.257419514151295,1
10.884193962892077,9.404419041909724,5.545750151538576,7,Mandarin,Malay,1.9680126146481318,0
38.30064003444642,29.314056613809,25.272120634276284,7,Mandarin,Malay,0.5953582743830239,0
38.771780011249795,27.16776825987101,26.18437237810644,6,Mandarin,Malay,0.7069873269932847,0
13.024592474121357,8.20113962073163,-17.079403935425443,7,Malay,Mandarin,2.095811332600052,0
6.691182023977959,9.976559453499204,-5.493755557305022,7,Mandarin,Mandarin,3.1800100667008784,1
2.669242684956784,5.064767310731387,-12.886822713956228,6,Malay,English,2.362203824329931,0
11.387626358742022,13.343126232737172,-18.87955961100725,6,Malay,Malay,3.172260608715184,1
21.57236009340426,26.174605901814715,9.855718723446653,9,Mandarin,Malay,1.208985929198183,0
1.6832988133003541,2.8952349085881344,27.62571229217995,6,Mandarin,English,1.4698147325548168,0
5.3031794562953,7.633242648808219,-15.545625120652339,7,Malay,Mandarin,2.1838170285467906,0
11.51749410205083,10.564253312659151,12.973098629798404,6,Malay,Mandarin,1.807624073809956,0
11.33711101880431,10.067820787925383,-1.223617688535704,7,Malay,Mandarin,2.146871956304251,0
4.926848623680215,7.163198505542545,22.05531321698809,7,English,Mandarin,1.4721635661131893,0
6.505580603629603,13.689442803899379,-16.007269833983713,7,English,English,3.1096921998114313,1
11.28204151129414,4.774101030168807,9.210185669231475,7,English,Mandarin,1.882082076162269,0
2.3395337385146613,6.121327186793263,-8.174893777679614,6,Malay,Mandarin,2.370641744821322,0
31.84590154271461,26.100409340831117,13.355379809317846,6,Mandarin,Mandarin,2.280341315152053,1
3.2786357116958578,14.301090413825962,-26.61514824788451,7,Malay,Mandarin,2.1004855779185,0
7.207234394677597,13.021280335298686,5.8934178281308744,7,Mandarin,Malay,1.9564452287156566,0
3.855106224933264,1.7808300990181882,19.422697244170095,7,Mandarin,English,1.6288462332145324,0
3.58256839641437,8.154280953330083,-16.469665171641292,7,English,English,3.1927326225970845,1
6.7793613066980765,1.654893403935272,-11.911119219385103,7,Mandarin,English,2.240953722162383,0
36.82453038250215,25.80487731707098,-2.213230189163756,9,Malay,Malay,2.3150540018205388,1
14.281510392243234,9.49003241832059,29.76559689313875,6,Malay,English,1.2029886806345056,0
12.887717106361844,10.35179246602202,28.732801338888724,6,Malay,Mandarin,1.244456857415056,0
14.635255388992075,1.9904461606520978,-11.828633638406668,7,Malay,Malay,3.1593142057088697,1
34.07195171421078,28.49218244159715,-9.695837262968332,7,English,Malay,1.5261273444775378,0
1.5776397918132412,9.835100506623421,-2.5274321425112767,7,Mandarin,English,2.2424478232072627,0
24.49423593130021,28.996256328350583,13.007764671583045,7,English,English,2.244320579122248,1
3.1383489410615226,3.48044179378045,-18.36946643320227,7,English,English,3.2375805378742397,1
21.700268211837695,27.089006818099612,-19.41408659763252,7,Mandarin,English,1.7080087664310892,0
39.17560475616364,26.21807666817552,12.314101497250173,6,English,Mandarin,1.2009380698843017,0
2.134612414185044,13.653407728705265,17.23014135419232,7,Mandarin,Malay,1.6040648511743658,0
22.98201838245291,27.549058749712618,-0.8112325257847459,8,Malay,English,1.6254235806359205,0
1.4398973815037996,9.738974691837903,-25.011731711855433,7,Mandarin,English,2.169838840227065,0
10.424418404428158,13.626868457152982,-18.73387247657996,6,Malay,Mandarin,2.1795408897955886,0
9.246135721028436,7.724183384263859,-9.82408136198315,7,Malay,Mandarin,2.1625498710738,0
9.754828813157639,6.10859296563218,-13.536281284854681,6,Malay,English,2.2787448445959195,0
4.924182148855547,6.906605828962638,24.678167468928155,6,Malay,English,1.5004562588093329,0
2.4295681350467695,12.095905753631927,-0.3470550185767003,7,Malay,Malay,3.218588411051291,1
14.803896378376479,2.9539085519780546,-1.3013854661443958,7,Malay,English,2.18308399914264,0
25.52274040639437,27.755151217919252,10.952866149530635,7,Malay,Mandarin,1.3195491483882158,0
11.11238798756662,5.412604262538648,-19.4762464468239,7,Mandarin,Mandarin,3.1348292560095343,1
9.138065864355921,13.961275183751985,5.3247964638517455,7,Mandarin,English,1.94763871328411,0
13.505950300564662,2.198884138081874,15.315405578654701,6,Mandarin,Mandarin,2.7894124603606203,1
28.584443932532047,28.739250155615085,-19.288092012438334,7,English,English,2.575671118587361,1
2.9272029861587088,5.071323380529288,12.746185131909092,6,Malay,Mandarin,1.9563982567163019,0
34.32890385819639,25.486193749622014,-24.91201464692382,8,Malay,Mandarin,1.4006695439441899,0
36.4002816911856,27.378343491331297,-27.999633266186002,6,Malay,Malay,2.563722608495784,1
5.808943891615879,5.975779814463833,-26.233093947624695,7,English,English,3.1597091164471207,1
12.79058312960885,4.531850906635476,-19.319186040634953,7,Malay,Malay,3.1273783728354405,1
2.1556190213968653,5.575789173745579,-26.22321616685297,7,Mandarin,Malay,2.200275197492399,0
25.09971450074189,27.02855844393079,-3.0000744574400287,6,English,Malay,1.8282821726691805,0
14.256278784132359,1.0081187424119478,9.822755272693335,7,English,English,2.8685595901902903,1
39.01719172666374,28.045471823442714,-12.963343254156548,7,English,Mandarin,1.4452585339289334,0
32.12281619437058,28.181196152848006,24.27652333450126,6,Mandarin,English,0.8614259356690557,0
13.61024497597341,2.4680921875748356,26.446156284722356,6,English,Mandarin,1.396101158399235,0
11.721651167199052,14.845314791501584,-1.3669790527111587,8,Mandarin,Mandarin,2.977273743570623,1
12.401102899481053,12.507623253907838,-9.582460705945707,8,English,English,2.9664712027796254,1
8.98608517184684,10.235764347099547,10.512306207469962,8,Malay,Malay,2.6873507875490876,1
7.629012361946591,10.510130626368186,-21.531683243078557,6,Malay,Malay,3.229336292639924,1
9.66553547093141,5.055273949122234,-20.0531702909991,8,English,Mandarin,2.0334480048294665,0
34.44781755888486,28.226351265822068,-2.8747348581147882,9,Mandarin,Malay,1.3121527020886208,0
6.575138617227069,4.370728479588628,16.766812155183462,6,Malay,English,1.7862029036004219,0
4.637368626499978,8.559043662583958,14.069527182116396,6,English,Mandarin,1.8581024257350869,0
38.6844572639664,27.600285416516062,15.174202104019011,6,Mandarin,English,1.0869735957740518,0
21.3308867594314,25.753268369197045,15.293526829662806,6,English,Mandarin,1.3814730367386927,0
14.176774263059942,12.34267101240558,13.028987419293781,7,English,Malay,1.6437909875700625,0
8.311188563003427,14.834711417817857,-26.152612656018476,8,Malay,Malay,2.9288656246717255,1
11.303700724726657,4.357572293838123,5.899887970091104,6,Mandarin,English,2.1193911908611636,0
39.86635803357761,26.60398476999888,-8.611097255148564,6,English,English,2.586479898871648,1
13.943397175913177,4.639518610919648,-21.767991198591904,7,Mandarin,Malay,2.106610871469699,0
9.230334261728094,9.888178029910234,-15.933196984247857,6,English,English,3.2382042204694574,1
8.073028018802779,4.142179341651864,-26.756927391185354,7,English,Malay,2.153658168424836,0
2.978487715658637,2.5968116667277434,-20.041715568427385,6,Malay,Mandarin,2.3599412876147117,0
7.467278980138913,2.9262691585645646,-14.1366121351971,7,Malay,English,2.2139424781623083,0
5.367022402798127,14.74227491684641,9.781394316849536,6,Malay,English,1.939058225713821,0
10.954287133593585,5.538412910223308,6.419908807066422,6,English,Mandarin,2.0928761913145064,0
3.4661119638721063,3.7241888815522097,26.38480378356808,7,English,English,2.369628859120874,1
12.749041933919393,14.462862772881705,-6.883881989786218,8,Malay,English,1.9524346796327015,0
21.83954513512195,26.075726167747877,26.652524386197285,6,English,Mandarin,0.9709796484384534,0
2.2195922368345737,3.2097543878251384,-27.88882601181657,6,Malay,English,2.335243780380681,0
9.653157715235086,6.194813789224257,8.908287217797508,7,Malay,English,1.894730232332494,0
9.765368888048355,13.756732615583768,6.197736734314911,7,English,Mandarin,1.912858199262657,0
36.708888471454316,28.402507159344477,-22.739512229683513,9,Mandarin,English,1.2080243605330736,0
4.325701387274305,10.364215518218666,-7.931470585942634,7,English,English,3.191662595658595,1
1.0573306475202295,7.415958125103176,-15.609235926312072,6,Malay,Malay,3.3457363258527257,1
11.429425289628282,1.5702704851035645,-5.209270483910007,7,Mandarin,Malay,2.217638807306315,0
28.35003899775517,29.989626175401767,18.7041081767676,7,Malay,English,0.9695169777862485,0
23.347210930442163,27.143980320087458,6.1510948148255205,6,Mandarin,Malay,1.6484598175839795,0
6.6624804509746465,8.027539696523423,14.215261764672567,7,Malay,Malay,2.7205656367614797,1
4.727089649013208,8.727890665688944,-21.03811826227963,7,English,English,3.160323135978713,1
38.336769935365396,28.520297776784197,14.425778199108034,6,English,English,2.104265598620003,1
5.506945848291181,2.1354577522958524,22.668001577779,6,English,Mandarin,1.6126959087718649,0
8.277010921152693,5.898701634254481,-29.85803204797917,6,Malay,English,2.2412161009526645,0
4.739644339851507,13.33560923598366,-21.390777107893236,7,Malay,Mandarin,2.1129448738820042,0
39.58422306085588,25.58390092033669,-21.69571831122112,9,Malay,English,1.2106212325884897,0
30.20250707134477,29.775308308042536,-27.365451012314153,6,English,Mandarin,1.6249602573907058,0
5.140816663624,8.63155904596945,-23.920353627847682,7,Malay,Malay,3.14754173081124,1
11.071482360021552,10.753916847381735,8.734068933047737,7,English,English,2.8410535952692966,1
3.972498507480581,12.652065237611327,-9.536035469716406,7,Mandarin,Mandarin,3.166967577650026,1
14.353831943561765,12.968772638407671,-28.767343293490786,7,English,English,2.99588280986867,1
10.176505012396404,3.813395489524773,-2.8133373783806306,7,English,Mandarin,2.2157232037195196,0
12.55833155980515,11.146176775100454,17.2022138274631,7,Malay,Malay,2.5258774326897355,1
14.160416833522746,7.098750779413425,-26.863080076728146,6,Mandarin,English,2.1803647236148778,0
10.210244263850123,6.595229103918932,-21.721002950086692,6,Mandarin,Mandarin,3.242041923155354,1
14.169452822264896,11.560389380759776,24.341132190276163,6,Mandarin,Mandarin,2.373261951310088,1
8.604648154170183,3.029527478444062,-27.389378329506677,6,Mandarin,English,2.2748603159088354,0
13.136896568671705,5.303375023070175,5.580888541388347,7,Malay,Mandarin,1.985266185133989,0
6.142473178063321,6.117600348910136,15.617744017513811,6,English,English,2.813278224117282,1
36.82262495497989,25.042162788040823,21.747246984227687,6,English,English,1.9256718795494865,1
3.215113272012834,10.762568414754291,23.941448311055815,6,Mandarin,English,1.5047724922453751,0
10.235330520079449,2.465327423930213,5.770677971193734,6,English,Mandarin,2.153519691568123,0
8.288180921314433,14.244077032217506,-21.05100167144576,7,Malay,Malay,3.069507414893195,1
14.616144588574475,10.034726487331941,-20.139494971417967,8,Mandarin,Malay,1.933859639336209,0
30.20614503496416,26.736117801287715,-12.672740751131123,6,Mandarin,Malay,1.7211556644878672,0
5.184256670859144,10.84764350845617,10.268838134656193,6,English,Mandarin,1.9627716634938803,0
10.100770163856385,6.732135456714618,-4.996684653087126,6,Mandarin,English,2.2975153282839997,0
4.35227486819987,11.349944839372565,-12.154480349387303,6,Mandarin,Mandarin,3.284962868426318,1
1.2248287493829617,5.9092708193114305,-13.46953542792781,6,Mandarin,Mandarin,3.3662605528866303,1
22.5887378149274,28.63925424932723,17.839346606321925,7,Mandarin,English,1.1104096588903274,0
26.114155823263662,27.71960394193721,-20.255216039558626,6,Malay,Mandarin,1.7442352390761244,0
20.022876180484033,25.21640865131686,-22.1987268234563,7,Mandarin,Mandarin,2.7539487020937985,1
23.490211303933915,26.590012147471317,27.340661346377217,7,Mandarin,Mandarin,1.795717821410494,1
30.15256586065029,29.42323936107681,-17.560390519282087,6,English,English,2.6638972837088604,1
3.7682350389954165,9.909654549992329,-8.418477143654478,7,Malay,Mandarin,2.2001595136312746,0
11.78062322790438,13.830918639462404,-17.371550153294045,6,English,Malay,2.1684794141486856,0
8.04629900004105,9.723823892478217,-23.637020670253122,6,Mandarin,Mandarin,3.2260087021739636,1
38.40465094358422,25.60258510114449,18.175569906748418,7,English,Malay,0.8998536036791367,0
13.367465970584313,12.511226520608174,-1.8807819368008865,9,English,Mandarin,1.8649438019654054,0
38.70916932536326,26.087950234080637,-0.5936020653368814,6,Mandarin,Malay,1.6392327999686385,0
7.5134614614070365,6.681278980391829,-14.315954349390752,7,Mandarin,English,2.175332747750709,0
21.22948879022139,25.085219199572943,-12.475585799788373,7,Malay,Mandarin,1.7696303674927938,0
26.791905117387344,26.114178173215915,-6.2857975734086935,9,Mandarin,English,1.4527304902348093,0
5.634634061269789,2.9200226173179296,-25.8945254539798,7,Mandarin,Malay,2.1931383483675235,0
8.029990806673812,10.079041063050674,-19.745798858489188,7,Mandarin,Mandarin,3.118090351774458,1
30.214823162177236,28.843273748931427,23.021391262579822,7,English,English,1.8072364649702384,1
4.582515406216242,2.706375019559369,-14.168522725844765,8,English,English,3.1273826866560945,1
9.87518486312818,6.907536625864763,-20.769347997790376,7,English,Mandarin,2.127941625117436,0
36.92364173845262,25.9411518742937,26.68385663674874,6,Malay,Mandarin,0.7373348948488516,0
8.882841745379102,4.728920471205623,-12.28740543211931,6,Mandarin,Malay,2.3054243597270885,0
3.0165705096828077,10.624024129526337,6.978568999994337,6,Malay,Mandarin,2.101844138608107,0
23.02357442015316,25.984901813964058,20.589310032085436,6,Mandarin,English,1.1661867407907418,0
14.339027576591736,13.358756685018367,27.747509253216965,6,English,Mandarin,1.2343593335213052,0
37.5195259377577,27.078430234889286,-4.142079878161791,8,Malay,Malay,2.3955026377205075,1
2.9790088337578196,7.481249989742208,19.514813241408767,8,English,Mandarin,1.4598789483156926,0
10.163071714231986,8.132454901252537,26.492835377852956,9,Malay,Malay,2.0197954956203015,1
13.413320619747225,8.132229977522856,-6.905099290500598,6,Mandarin,Mandarin,3.244027496392297,1
7.23832331981562,1.88035074448532,-22.936493825502446,6,Mandarin,English,2.3148582799386492,0
1.988153879429784,5.0870219591403245,-4.949717445555201,6,Malay,Mandarin,2.3952491834624485,0
33.397488508488266,26.938900356240044,-24.452888647113003,7,English,Malay,1.5115909888360721,0
8.03630980565999,13.38923413589667,8.390126975297019,6,Mandarin,English,1.9745901164490378,0
28.511505329036503,27.182577257153547,-23.17055039187343,6,Malay,Mandarin,1.705579102908577,0
22.665676648386434,25.550716057501326,-13.272593589639595,6,Mandarin,Mandarin,2.854891912609614,1
9.87313391973821,1.8657518332838663,-19.768886564743916,6,Malay,Malay,3.299214853920633,1
3.6111265428499024,1.9877201184417292,25.186585499053677,7,English,English,2.4274810409202052,1
39.7463076381284,25.19346133110778,16.8229939558831,6,Mandarin,Mandarin,2.050187694244862,1
7.789201473756656,1.4943664404580583,-23.141077540409537,6,Malay,English,2.3125273957231545,0
12.691779771623029,5.147574705667452,19.736831338073124,7,English,English,2.495817358394536,1
32.81792936041856,28.15047661666842,-24.486720160040882,6,English,Malay,1.6191468398229554,0
7.670188745529535,10.344202633814035,9.774669163496966,7,Malay,Malay,2.8427426654841703,1
31.874484684860782,27.51993241091573,-5.169926984829885,7,Malay,Mandarin,1.5905204218940436,0
3.2545966775536916,10.278266069764006,12.46607263838294,7,Mandarin,Mandarin,2.7933588301834202,1
24.30592037909694,25.500643047665008,5.32720530490688,6,Malay,Malay,2.687945716578629,1
2.3591586435635366,9.97364173311466,-24.045465953363234,7,English,Mandarin,2.1615204430553407,0
11.385049993521411,11.765420452623566,27.153620589675143,6,Mandarin,Malay,1.3006185748999202,0
10.636631038004824,6.519225353639117,-7.132812507611678,7,Malay,English,2.169665394391522,0
1.5647419011019421,8.596289832622777,-4.453565146143941,6,Malay,Mandarin,2.36604446550894,0
2.463573719071432,14.191796696058374,26.53487784297566,7,Mandarin,Malay,1.269725571344554,0
30.326840511503022,28.58592603834116,-16.60887090370576,7,English,Malay,1.559882950656738,0
5.42164799389235,1.8039989159461127,-2.7365738007334173,6,Malay,Malay,3.401121618232504,1
22.035487786191098,27.920502092981263,-11.937583482395429,6,Malay,Malay,2.832281545827112,1
6.0655101238748,9.983544513754389,-29.983754637125475,6,Mandarin,Mandarin,3.22206360483329,1
1.6386074976509026,7.878406591969767,-20.706295507721784,6,Malay,Malay,3.318308874078054,1
13.727520418764193,3.8692111936081734,-22.999250166136694,6,English,Malay,2.229868516655821,0
23.457958717943175,29.24832400893474,24.667670116622663,8,Malay,Mandarin,0.7309227035001058,0
3.37361783567954,5.985273683351712,-12.618903986810157,8,Mandarin,English,2.11184807152032,0
8.047656478973904,5.844622776205391,-29.830323802177602,7,Mandarin,English,2.126642794774282,0
11.653355798542323,5.32695760272178,16.625990469675553,6,English,Mandarin,1.7307871995487145,0
13.755799190623847,10.003746291092522,-18.62438404510794,7,English,Mandarin,2.0653232650324767,0
1.1204476327891217,4.505135719671224,12.68945445529791,9,Mandarin,Malay,1.6296132605399696,0
9.53675226187822,2.042268986790153,25.786208667756096,7,Mandarin,Mandarin,2.3466924841418533,1
11.362388423642662,11.568465029621663,-15.400102125011779,8,Malay,Malay,2.9668577917173176,1
23.644891054671206,27.05100738396993,23.84834904765493,6,Malay,Malay,2.0258715853976597,1
6.772266497095318,12.719314019473185,-19.613513180713866,6,English,English,3.2222058175652686,1
5.219583969563477,6.547763040175164,5.385628534086294,6,English,Mandarin,2.176329531209593,0
32.84297847721149,26.53872442618377,-0.2784868210342992,9,Mandarin,Mandarin,2.372022998765959,1
26.76818535230332,26.075754013175192,15.21075643925397,6,Malay,Malay,2.2947733567186677,1
26.502656875512642,29.410862169419033,-6.952005382065096,7,Malay,English,1.6387274635830682,0
25.955721773181637,25.56793171559164,13.810895830601865,6,Malay,English,1.364306258325795,0
7.561437565450115,5.934377523540849,6.931264680765793,7,English,Malay,1.9874475852832876,0
9.188769780722707,1.1664039965879964,-3.0163472172629042,9,Mandarin,English,2.016393771502683,0
8.422184280940645,2.203402972288027,-11.695709153464822,7,Mandarin,English,2.219758430289497,0
27.758391791147503,27.035979371972665,13.325516803873024,6,Malay,English,1.3304166937714639,0
27.942315564818863,25.27196002696248,-6.751772604047698,7,English,English,2.6813831376699087,1
4.590662046038467,2.78888963105943,24.672662233850644,6,English,Malay,1.5451613050442485,0
4.612044698548971,12.755561618893363,-5.078213517422888,7,Mandarin,Malay,2.174396558434167,0
26.855026012782584,28.559580122937682,-15.300493446282662,6,Malay,Mandarin,1.7361600375122983,0
36.034116476537974,28.24156324509304,-6.70548941782106,6,Malay,English,1.626971128493003,0
7.6752369278149395,7.121406337011295,28.754644031111816,9,English,Mandarin,0.9756210262628242,0
11.348489153833913,12.957930190930337,19.590319872886802,6,Malay,Malay,2.5537746110013195,1
3.191011858292166,11.018715283602294,7.231161718102214,7,Mandarin,Malay,1.969812068447478,0
29.221159522714913,27.02614643640494,-0.3037063804668385,8,Mandarin,Malay,1.5381962193676904,0
32.56719178931288,25.036042743739753,-11.723835006268171,8,English,English,2.4790369016871763,1
12.50621748782436,9.898648504399993,25.76469628632769,7,English,Malay,1.2391869700562874,0
22.222804686619746,25.03090772608884,13.250487246017707,6,English,Mandarin,1.4503418644139132,0
1.4516229221801598,9.29081961715879,14.337785737496851,6,Mandarin,Mandarin,2.8732530737942206,1
24.014205587577116,27.464514278070837,-3.069905466323803,6,Malay,English,1.8381535616466191,0
8.758382102829112,10.005481249746115,-7.676172538154429,7,Malay,Malay,3.1517741246804,1
10.681008041518973,1.5898454437743106,11.190686029484464,7,English,English,2.850617454115111,1
12.564538402072195,11.093390069784224,-14.524655852539443,7,Mandarin,English,2.080005195772971,0
3.844700171553051,8.825007976287917,15.634874602036312,7,Malay,Malay,2.691082307450319,1
14.490709288640204,13.054539031142488,-1.8834337353953359,6,Malay,English,2.200769404350855,0
27.424505469917325,29.687244127137497,20.52568353606072,6,English,English,2.0423627491725775,1
26.27869898747268,26.42350562853854,5.628548608627569,7,Malay,English,1.514855393560083,0
14.904505559654666,8.330138836133756,5.439848344421915,6,English,Mandarin,2.0597588639873488,0
14.722742382430589,10.94037477994714,25.066766268742366,6,English,Mandarin,1.34853200897024,0
14.851245169581441,3.897089944735023,-25.496962886104555,7,Malay,Malay,3.09252677256982,1
39.02944520141811,25.41100226105903,-9.040346486394395,6,Malay,Mandarin,1.6166252178512632,0
2.926970437148385,13.006374082447199,24.68838368022994,6,Malay,Mandarin,1.4590731259959964,0
5.141212767561924,1.6610199537944343,-5.095058384106725,6,Malay,English,2.3974941448394143,0
37.8373803164186,28.218062804470847,25.303050970656386,7,Mandarin,Malay,0.6185307674798572,0
13.831446201197911,7.715959607442645,19.45494199307673,7,English,Mandarin,1.4686029721559088,0
2.5388090788805258,13.46576143239826,24.37826275280067,6,Malay,English,1.4692150985391887,0
7.9019881679796695,13.830909088599979,7.391871682974872,6,English,Malay,2.0064555185300827,0
4.62520806275024,10.874882711050281,-9.967050059336373,7,Mandarin,English,2.176775592064207,0
6.256522564538348,10.183595512696792,-4.679986256228382,7,English,Malay,2.184998865040221,0
5.720507618181632,5.347538844826939,18.245425222659122,9,English,Malay,1.3807296525768449,0
23.06309178914173,25.95779366889468,-29.48663981927038,6,English,Mandarin,1.7883307601440879,0
14.638257016317253,1.7043689887160178,-20.098883008111205,7,Mandarin,English,2.1345774632559635,0
10.73785129947639,11.236310670553433,17.661800731216946,7,English,English,2.527095354707109,1
12.086362987287806,6.814902205125316,9.478203528345041,6,Mandarin,English,1.9617502245837926,0
27.643744766766215,27.63807718117034,12.285288396753955,6,English,English,2.3592421202568206,1
9.275981192557012,5.775419365536603,20.82689212926086,7,Mandarin,Mandarin,2.485544769894934,1
9.748867309622183,9.14307840546186,-4.8384086513443485,6,Malay,English,2.2774525140113453,0
11.470568573094148,9.277787250528682,12.535573425662722,7,English,English,2.718771371865577,1
23.2661049941178,25.503054904086905,7.746044006149065,6,English,English,2.619423750257154,1
23.740383786841598,27.000296817058892,6.104045116501689,7,Mandarin,Mandarin,2.5287256115284333,1
11.373864233627385,1.1474562110207671,16.441312347274813,7,Mandarin,Mandarin,2.6643408633989,1
9.97177165139607,3.823952028377079,-27.929618804432252,7,Mandarin,English,2.133944033854161,0
8.42954125879318,11.057781105844859,-4.443713123783798,7,English,Malay,2.1553143992743404,0
7.767594889869749,13.016965776677342,-4.648934064008987,6,Mandarin,Mandarin,3.2591579464544993,1
35.56457458416705,29.978837725923057,12.202682349653772,6,English,Malay,1.2025085929384942,0
27.70916655666207,27.168856468282627,-6.255555971208324,6,Mandarin,English,1.7746566774857215,0
14.013419521963622,7.371613793245881,-28.015744786830687,6,Mandarin,Mandarin,3.1752638508918025,1
9.898984868159408,5.4485006598499375,-20.881498433951343,6,English,English,3.259420149940069,1
2.7239478173849845,9.694974299601117,-29.718974561518735,7,Malay,English,2.1417475302917435,0
38.54118393583094,26.010204875831114,-24.03819447475709,9,Mandarin,English,1.2124066369027333,0
24.104145637414206,29.166747222862206,21.41754766268147,6,Mandarin,Mandarin,2.070894165090738,1
33.46881267337955,26.31484450453789,-24.246749905602496,7,English,Malay,1.5208761664359427,0
21.12252919328467,28.581463504680897,-16.74155143166284,9,Malay,Malay,2.4676882754816596,1
3.7254829000994834,11.788286454203488,-9.446445026452366,6,English,Mandarin,2.2958741563687957,0
14.405730407118009,14.075374415949714,-12.354071299707723,7,English,Malay,2.0390087141036304,0
12.487713484011618,9.2379551675998,26.78656423940923,9,English,English,1.9752135651045628,1
13.90570580672133,6.555030008450219,-4.517092214958776,6,English,Malay,2.262835667798422,0
13.897355100961152,1.5714282269040836,-15.570094675762897,6,Mandarin,Mandarin,3.2759118511354712,1
6.596582092661476,1.8850159458134055,-7.4155901471307715,7,Mandarin,Malay,2.255465385791482,0
1.4660717759447137,3.1990448160806926,-9.571209863861977,7,Mandarin,Mandarin,3.286444801200206,1
3.2978617681168125,4.214695276991228,28.26499072135132,6,English,Malay,1.4180997543016234,0
27.380887032552735,25.4062711835451,-13.13703545609797,7,Malay,English,1.666742976229263,0
2.4186075258497466,2.496624181488009,26.35133017223932,6,English,Malay,1.5110511268982463,0
9.990216273650248,1.7200342229996897,-16.4954415530597,7,Mandarin,English,2.192912689856635,0
8.026465558003483,14.699615265774478,-27.01162739210719,7,Malay,English,2.04770043378853,0
7.521616790996121,11.915336055450723,-4.491551985486993,6,Malay,Malay,3.2731586315839083,1
5.309291111649564,7.311642618627046,18.37218097963617,7,Mandarin,Malay,1.595764328409968,0
1.0310506197283722,13.183855491483696,-11.541304031623472,6,Malay,Mandarin,2.3018799254491347,0
35.13721554195084,28.5167460803781,17.135485809820917,6,English,English,2.0592519269755956,1
22.41298872679964,29.7974160561333,-0.7169420965902233,6,Mandarin,English,1.8346150074990757,0
28.06469162708725,26.75775711960449,-7.8312342757267395,6,Mandarin,Malay,1.770268905243484,0
1.380494327270385,9.796569620558518,-14.098641435439983,6,English,Malay,2.3237338890702444,0
10.162199388085403,5.802002776456027,-0.20514257416938975,8,English,Mandarin,2.0871741697740207,0
11.330626661347136,5.93004276183899,-17.424816320264846,9,Malay,Mandarin,1.8993105847005893,0
28.751256070701473,26.447766194457078,-18.86360917518077,6,Malay,Malay,2.727636511958042,1
13.00650110165054,4.283463099438936,-8.63950848465971,6,English,English,3.280801996373573,1
14.667402102902793,5.424344650419865,11.425233620199863,7,Mandarin,Mandarin,2.764199355759778,1
27.042331952379474,29.654443424005027,22.474801542132113,6,English,Mandarin,0.9805987735038393,0
34.30408380103145,29.63936975462935,-4.455392442535683,7,Malay,Mandarin,1.522139414325713,0
11.044933419722373,9.867427703558656,10.132793024408578,6,English,English,2.9187286329128894,1
13.926251436487522,1.8855970002959992,-12.762653065277398,9,Malay,Mandarin,1.9293393387479068,0
4.1453177728619455,1.1062698425533846,5.027690534360703,7,Malay,Malay,3.1365149551432223,1
3.699822068692385,10.85691921926407,-23.536590846964145,7,Malay,English,2.1409772842972217,0
13.369092217325726,5.38789812161864,7.58175971015146,7,English,Mandarin,1.9120685067552552,0
5.864040424256431,7.8976868072567425,-20.491836901822197,6,Malay,Malay,3.2765766046787945,1
11.707522824721071,13.112768164479059,-10.50630074766827,6,Mandarin,Mandarin,3.1992760876157713,1
1.3582470532081745,12.05162998341704,5.323415916938485,8,Mandarin,Mandarin,2.9270816725409006,1
2.114219444248971,11.038264023667367,11.741234065318816,7,Malay,English,1.822531973034678,0
24.362617529656724,28.272497695696543,19.728001149208716,7,Malay,Mandarin,1.0224181673833108,0
37.81904444733067,25.675110221741686,-28.482922105106965,6,Mandarin,Mandarin,2.5665367425751846,1
34.870459097844815,25.067602924010185,-13.186078088123011,8,Malay,Malay,2.4378432193662896,1
10.638337321762677,11.638985658458655,-12.272553452193854,7,Malay,Mandarin,2.101318258690474,0
7.983044849124005,4.539606341323559,6.587665215364941,6,English,English,3.1267052055577516,1
9.938621162430513,12.57259249102783,10.113759032654805,7,Malay,Malay,2.7859062973224984,1
10.849980489006194,11.265686090261385,19.265573041096836,7,Mandarin,Mandarin,2.469548277768935,1
1.7166583490007465,7.697126238086382,-11.295208484923904,7,Mandarin,English,2.2332114591793824,0
8.093029816254024,10.267264726527406,-1.1290300574258083,7,English,English,3.177633621047433,1
9.412617761873564,7.152153067157518,-1.90281700371483,7,Malay,Mandarin,2.193009568363973,0
39.349560751347326,27.50181962880094,-24.929857162062998,7,English,English,2.40865678132415,1
30.436435960177384,28.14763768426055,13.123662631599405,6,Mandarin,English,1.2785306623138752,0
8.197983760360342,3.1811675375695017,7.430283612410367,7,English,Malay,1.9911485605863388,0
4.408566264900632,14.962234909207144,15.406517517119557,7,Mandarin,English,1.6320638751597378,0
3.9060461539395517,9.400069140790363,23.896880563274703,6,Malay,English,1.5130480273380864,0
3.9859148182565427,13.81416382058233,-14.96006649879656,6,Malay,Malay,3.2546323252822895,1
13.323271158778228,5.082471303054992,-1.0913985478149186,6,English,Malay,2.2948045802222845,0
11.47872713607035,8.808601928737147,-28.227393269730356,6,Mandarin,Mandarin,3.185535398452824,1
12.786926831114782,7.497553715658915,-16.796247768508483,6,English,English,3.223667701970568,1
8.526609647583989,2.9378848314458414,-18.656692154087814,6,Malay,Mandarin,2.3056660813627423,0
31.988807446673604,29.706945612347187,29.42036897689169,7,Malay,English,0.542242038224023,0
9.416035496490952,3.5622794502480684,-2.6330537727324064,6,English,Mandarin,2.343940004623502,0
3.132180136672787,7.35564412552738,-3.1843349036917488,8,Malay,Malay,3.132007307699026,1
35.175437504541144,27.852706109981284,10.584904459191783,7,Mandarin,Mandarin,2.1807572210357167,1
39.168781558142975,29.53785460368048,-11.206417281869008,7,Mandarin,Malay,1.425542046543183,0
37.09649550377775,28.015050606929496,17.041462729323147,6,English,English,2.039869198307133,1
37.752573311547934,25.57533296981122,-26.650201353211447,6,Malay,English,1.5752318977792639,0
11.144087071886144,9.441419841956463,-20.44680525369874,6,English,English,3.2084889133492447,1
7.940607595403403,7.811808175553186,-21.868887485880425,7,Malay,Malay,3.134579550670833,1
8.185554114948658,14.672368561716166,-4.348794441448156,6,Malay,Malay,3.239424791761858,1
14.684417110780236,4.726588726780575,-18.674441126860074,6,Mandarin,Malay,2.2261418045348584,0
4.584605545170257,14.679998250153158,-11.668521142249688,7,Malay,Malay,3.1334588915726003,1
8.090591137247074,7.028759724666787,-16.631962368103498,6,English,Malay,2.275866616820516,0
4.106447238966596,10.734527153969132,-17.16057688540348,7,English,Mandarin,2.159388333119298,0
6.913794561742796,7.078557487986513,-10.912033138359519,6,Malay,English,2.306203035708175,0
10.680800115309605,14.22729461151124,-25.388240573158882,6,English,English,3.1487915841545955,1
39.68165322164208,26.095334574881427,-7.3995702272574455,6,Malay,Malay,2.6013038446298875,1
13.17056128841291,9.32560638708038,26.29617677273079,6,Malay,English,1.3371721361994895,0
6.581965429877216,7.774703486738391,-11.003729661363291,6,Malay,Mandarin,2.302254211962633,0
30.39361408331132,26.710589505605157,20.114545977876926,7,Malay,Malay,1.939369946057829,1
9.633048479805282,10.599408394707298,-0.05335398406434422,6,English,English,3.2799975846413263,1
8.836375311868736,8.216808818248985,-0.5894570295587478,7,Malay,Mandarin,2.192503301933627,0
25.679870376988696,28.08810712814196,-11.218743711764645,9,Mandarin,Malay,1.4228800931031964,0
21.510528227945834,26.298125112598772,-17.321340646349366,7,Mandarin,Malay,1.7302387014370306,0
35.207084333348064,26.304181128943473,11.70002366420928,9,Mandarin,Mandarin,1.9303239312281404,1
25.065305119973345,27.593272425609303,9.566595630486688,6,English,Mandarin,1.4952023911127914,0
30.65977634445881,25.916358507121107,-25.351182524281633,6,Mandarin,Malay,1.684589516116707,0
6.164779646054999,6.305279691827032,-20.07961034257064,9,Malay,Malay,2.9383673721459442,1
14.674286317299318,2.8782240652642637,10.468547236560642,6,Malay,Malay,2.940575742894742,1
4.25341823529998,14.891833102475092,-3.624061572329044,7,Mandarin,Mandarin,3.1614672813811526,1
39.14617677520286,25.126021209515656,-19.916856724737265,6,English,English,2.582987397821921,1
14.637425909591446,1.2618072938768468,-20.571122773439274,7,English,Malay,2.1374372587205195,0
5.6249613258122935,8.087180860716717,-13.642953463544124,7,English,Malay,2.182402066589563,0
29.212817020460832,29.110176933599664,-21.805327475968404,7,English,Malay,1.551735669128053,0
4.878115656828175,4.308900297359979,11.214537275936996,6,Mandarin,English,1.9981210358003236,0
10.87641928890462,6.490630816620428,-5.797743705447406,7,English,English,3.1720036865932584,1
5.636880978710515,1.287262643037264,26.99251228933426,7,Mandarin,Mandarin,2.351020633655823,1
25.567388849716245,27.749719073579747,-29.124474079922226,7,Malay,English,1.6052078520378772,0
4.289007688345646,13.405265306135126,28.450921002255132,7,English,English,2.1922750349762627,1
30.3306944104454,29.272384053576904,-25.59444540539595,7,English,Malay,1.5191928503194445,0
13.640437874643952,11.884204821079173,25.581272200905655,7,Mandarin,English,1.214409046011071,0
21.19753090166254,26.544370652638513,16.49069779785161,6,English,Malay,1.3293404417860661,0
11.559854172720792,10.708353308073514,-12.3244020626638,7,English,Malay,2.1012365849831776,0
14.495727578730383,4.338787070808674,-1.5693217669057375,7,English,Malay,2.171423780948257,0
7.149760811545576,5.895550535885877,10.95491000503203,6,Mandarin,English,1.9686250363495645,0
2.9271050435840027,12.860677471392515,-20.007144687441,7,Malay,English,2.140431692558765,0
10.883457956028124,6.610860190365108,-7.385757177359675,8,English,Malay,2.0479376279448687,0
5.780310802847241,10.205332945587774,11.768665087567319,6,English,Mandarin,1.9107402844507937,0
23.547058274232434,28.509867868309655,-14.266042842605337,8,Malay,English,1.5568387838628832,0
9.204193564519343,4.9955801065661305,16.039134094025464,6,Mandarin,Malay,1.779132569998254,0
20.169434156181516,26.069246454738643,-27.84233440676731,7,Malay,Malay,2.7195905202520176,1
6.190805530840603,2.535424411429662,24.1525048002759,6,English,Malay,1.549900032567641,0
21.290151098830393,25.130232277615544,-14.12184863678302,6,Mandarin,Malay,1.8799989853548975,0
9.54983884396776,7.9359829276891825,-20.087468846246953,8,Mandarin,English,2.0056835527959405,0
6.8746314205692975,2.2881562536131934,-24.206319547267608,9,Malay,Malay,2.9576843914339497,1
10.68345068484322,1.319911181190381,-18.173872850178398,6,English,Malay,2.3018868051724026,0
12.3974648075245,5.07918930192378,-12.638853630316966,7,English,Malay,2.1481039468044605,0
24.53930468218203,25.61973983742394,23.098446492289323,7,English,Malay,0.9429692357982256,0
9.110866195654012,11.72912721713518,7.064455356825876,6,English,Malay,2.0268441283832024,0
9.638426527698577,2.9443673347182004,-18.647756847497334,7,Mandarin,Mandarin,3.1770128718841746,1
7.404134614002245,10.580674303693655,-12.206869580047464,6,Mandarin,English,2.261962345556216,0
6.828221655156112,5.2380146315135905,14.371845554486036,6,English,Malay,1.8588230427262917,0
3.255738867154995,4.873115976673938,-25.728453099127332,7,English,Malay,2.197949941231286,0
9.985901883286054,5.957914933052107,-16.595026168656712,7,Malay,Malay,3.150245077941096,1
6.121448189132387,9.997427677604707,11.92523626255694,6,English,Malay,1.9039279721431361,0
13.042270376914779,9.748004716404946,12.225936883411762,6,Mandarin,Mandarin,2.826689458147391,1
6.239814441703153,14.701539916056348,18.3961151400198,7,Mandarin,Mandarin,2.511722426521712,1
30.155462309106788,28.10116990624866,-21.14314858815372,6,Malay,Malay,2.672475225800625,1
5.085629203315065,7.998745849236696,-0.14036496607905136,6,English,Malay,2.351188366254219,0
11.336721045608785,3.3672098330942832,-29.825689503268187,7,Mandarin,Mandarin,3.1185417262020754,1
2.4594657312577333,14.030951272780053,-9.368382863008982,6,English,Mandarin,2.2863678870829256,0
9.413849977831454,9.725504493280656,27.71756757399873,9,Malay,Malay,1.9684915901989233,1
12.25867796499164,14.636435470001686,26.4061845329753,6,Mandarin,Mandarin,2.289332406995931,1
11.643672375189608,10.227580254698804,13.91260228317256,6,English,Malay,1.7768463937900765,0
27.32329150995477,25.478756545357477,16.487707737760292,6,Mandarin,English,1.2507317038735324,0
29.517003977821805,25.201731624251344,25.061100245725754,6,Mandarin,English,0.920847826478461,0
6.090757185033951,3.9087809834574063,-19.758215051786593,6,English,Mandarin,2.316643901475798,0
14.4878998635409,5.928172333375787,-26.69655960137809,6,Malay,English,2.1893507460262396,0
21.29395347466662,26.664615825486305,-8.03180086248112,6,Malay,Mandarin,1.876371808011573,0
21.693211616938342,26.852319376215565,-20.33234412249839,6,English,Malay,1.8262394819203893,0
6.152567172612692,1.5438758009488776,-10.11704306892165,6,Mandarin,Malay,2.371812093367979,0
9.328958129569438,5.947825665794245,26.159248373967124,7,Mandarin,Malay,1.296658468957514,0
10.875416042795955,13.658672099276352,28.170492757340693,6,Malay,Malay,2.2511918720723525,1
13.706117310965011,13.237646605640357,22.981475719588452,6,English,Malay,1.4087107106483505,0
2.4771112492292007,2.8400594255979748,-4.925890353649166,7,Malay,Malay,3.2954086587395643,1
38.47683863455907,28.422925238535832,21.741173631855,7,Mandarin,Malay,0.7300625959702653,0
10.033330099490911,9.734265570427912,11.290493220742544,6,Mandarin,Mandarin,2.889656780574823,1
6.596812992370836,9.465228012077308,-24.30380313288363,6,Mandarin,Malay,2.2408669128459064,0
8.380358416921087,2.2741297059787478,-10.275641651799845,6,English,English,3.341702979931669,1
2.9423360995367007,13.979996255729574,-9.669356400550846,7,English,English,3.163545488445501,1
12.162935215075366,3.3596981890010453,15.297954658510308,7,English,Malay,1.6743452529113751,0
14.154352616280095,6.675383336459306,-9.68074773620754,7,Malay,English,2.1244334813519146,0
5.289840669769659,1.1153368490488593,22.767040712595566,6,English,Malay,1.62160179987097,0
28.246454703853985,26.336392939996756,-28.332281474409847,7,English,Mandarin,1.588159209514289,0
14.86635142503911,12.182788291275491,-18.470014092955058,7,Malay,Malay,3.032941889193671,1
35.931894114750946,25.75466892714225,11.89717028297015,6,English,Mandarin,1.2731969483332617,0
35.6298583884753,29.15167210129267,7.213139009884685,7,Mandarin,Mandarin,2.2714941048132005,1
4.36345563756095,4.539484775531138,-25.75242228897366,6,English,Mandarin,2.307629188239167,0
12.770365962162277,13.770333192463099,13.972382677637833,7,Malay,Malay,2.610559614736422,1
13.080431849353173,2.7464740131458365,27.26766373309695,7,Malay,English,1.2523627107166169,0
2.412710312974567,1.8643191083171193,-17.39759369516367,8,Malay,Mandarin,2.146737726803204,0
8.350298523868869,13.233715857735309,-28.137249494886888,6,English,English,3.1728690245343354,1
5.425273590301069,3.567218440843561,-17.15007729635057,6,Malay,Malay,3.3354081553673853,1
3.5149246596671624,13.978907913981656,-24.832914355388418,6,Malay,Mandarin,2.2247852930788836,0
13.743815790396637,3.22955896607352,-28.094214758747444,7,Mandarin,Mandarin,3.10161886990614,1
30.859951423134714,25.502162770934397,-17.242675031843508,6,Mandarin,Malay,1.7149470846527801,0
4.8969151566540505,4.044864313763727,24.12225619139788,6,English,English,2.5488032385968964,1
12.70742421736042,7.443948890331965,-4.602360657200965,8,English,Malay,2.030645066732406,0
37.59018153005181,27.305592104303415,13.385125476058647,7,Malay,Mandarin,1.053697462914644,0
1.5050469801461974,9.191917253749045,-8.018368706045543,6,English,English,3.348802461974229,1
24.618982885621918,26.976624666912798,5.499291147207229,6,Malay,English,1.654093136808318,0
26.68683250287291,28.532378464816418,11.525399517837503,6,English,English,2.38681217960052,1
7.5524696017183945,11.248073613211629,-20.868021877199197,6,Mandarin,Malay,2.2249344949267025,0
5.1348004587018545,11.705889220320493,-6.430832497510615,9,English,Mandarin,1.9401569948847412,0
4.665897713938952,10.66016578058712,27.97685870291188,7,Mandarin,Malay,1.2325493104528236,0
9.0297258482738,5.576334550245313,-6.2456822414561834,6,Malay,English,2.315620455209955,0
8.358606504080365,2.442362354663274,24.05807145197832,7,Malay,Malay,2.4149578105933225,1
9.19476435003541,12.091970978962793,19.809663637252537,7,English,English,2.4587944194061793,1
10.387649529337207,4.072769851720542,-15.774854871368735,6,Mandarin,Malay,2.2853129566181933,0
4.268979933306489,12.02079277302639,15.511774106687685,7,Mandarin,English,1.6591901792026023,0
37.46160699179154,26.503640738681973,-20.447144012787582,6,English,English,2.58599455526112,1
13.526732666909904,11.33444104277771,25.06223775796766,7,Mandarin,English,1.2392099413742559,0
1.1901949020695892,8.492938778965486,-2.033422755722132,7,Malay,Mandarin,2.2613905873372424,0
24.58089783437884,27.94901306169639,-8.160772696602457,7,Mandarin,Mandarin,2.687332143739044,1
22.125132377249482,29.02079693687155,-2.0176979508448873,7,English,Malay,1.7293376619441898,0
39.587419845606846,28.869766650001353,20.196275191074776,6,English,Malay,0.8774074672695886,0
29.040220869701063,27.66551692792075,15.904997444059367,7,Malay,English,1.0929025014949163,0
12.526764541903932,6.810557851908038,-23.03532916466924,9,Mandarin,Malay,1.8598423455129829,0
7.649324191979712,6.821908995538257,11.095814025564902,6,Mandarin,English,1.9494341772300487,0
13.820813609940028,12.05716347843504,-6.904830428120022,6,Mandarin,English,2.2007041276891828,0
30.54404086175457,29.49170052824485,-27.90185715356566,6,Malay,Mandarin,1.622271165643679,0
12.27154403652379,14.320216407419405,11.471175945033082,8,Mandarin,Malay,1.58009123748441,0
12.190977993863884,4.899529857373416,-8.383802203913739,6,Mandarin,Mandarin,3.283648914141248,1
1.3362887625741344,2.4302503760949854,-25.405798437763607,8,English,Malay,2.1251486138207634,0
32.37964468248563,28.74596990669726,-16.455452181511333,9,Mandarin,Malay,1.2909722657854508,0
11.024912443273378,10.79318135936315,27.123365119470336,7,Malay,English,1.1975012827921732,0
7.297710096138007,9.219297500095593,-11.269558619623051,6,Malay,Malay,3.2797647286389204,1
35.03920651031902,25.101107691716837,-21.874250422615567,7,Mandarin,Mandarin,2.523236499892946,1
6.425913432344879,11.50765238377967,-16.033891483043696,6,English,Malay,2.2497180368952754,0
11.622834234528108,8.849440032156128,28.016078908205355,6,Mandarin,English,1.2972144955459703,0
33.27920568309722,26.860588485331547,-25.899634977052077,7,Malay,Mandarin,1.5098266407898233,0
14.058692948406284,14.624271080998442,-25.691804193856058,6,Mandarin,Mandarin,3.110031012393099,1
9.05444096076635,6.127444154327394,-13.784699576756513,7,English,Mandarin,2.167232150259874,0
24.854007697060123,29.31351966412368,11.59920489879877,9,English,Malay,1.0480885140347396,0
26.114429043401856,26.898173713051243,-27.823894253187532,6,English,Malay,1.7317798651667713,0
4.3314983858164355,11.908353389316328,-18.736388909052806,7,Malay,English,2.1401468525518297,0
6.208933571761112,12.313005407564024,-15.362793558795692,6,Malay,Malay,3.2460712983440962,1
6.5376540782315455,3.676352632350196,-25.518388804562584,7,English,Mandarin,2.177798636878974,0
31.896033191653157,27.492628213178303,10.53796181473302,8,Malay,Malay,2.121514381298077,1
14.16835445425192,8.634526811109989,22.889050812606424,7,Malay,Mandarin,1.3358544089051563,0
1.4427498453975143,10.03202275661383,-20.33973120239203,7,English,English,3.182453169971913,1
11.115067237368695,6.190302827219127,10.929453801410153,7,Mandarin,Mandarin,2.809415416304766,1
6.930154861321337,10.440536169837609,-3.571623609226968,6,Mandarin,English,2.296887677657654,0
13.150631710544207,14.257098557271872,28.906268219853803,7,Mandarin,Malay,1.0792033096269562,0
12.566834790213639,2.1455663132873433,-10.774639848905682,6,Malay,Malay,3.2994605228019713,1
2.3675401111894745,2.6919926048130396,-23.32697455989662,7,English,Malay,2.236648090973653,0
39.91509743626394,26.184571680395845,8.923192725352802,8,Mandarin,Malay,1.0736378461312774,0
26.444642751145135,25.93039439905443,-11.700550029862388,6,English,Mandarin,1.7954420331195768,0
8.869866199261166,7.259245134091884,-24.311824168274583,7,Mandarin,English,2.122669472772221,0
14.117603771888378,7.266131904930264,8.748021470042161,6,Malay,Malay,2.962481891780338,1
38.904234734390364,28.331383740493926,-6.892899182174482,6,Malay,Malay,2.5803029375612185,1
13.385540975800836,3.7188635841072535,5.428118100741956,7,Malay,Malay,3.0039718208749506,1
12.013614621991863,8.867181783997182,29.773217790355567,6,Malay,Malay,2.231629413277665,1
24.007790304225203,28.87979955658717,-24.69902052895294,7,English,Malay,1.6266407559575202,0
22.052490606586332,28.692040220522937,13.091055540438848,7,English,Malay,1.2841203543296076,0
4.742235418708782,9.281532363916526,-21.82613553311883,7,Malay,English,2.152008537063351,0
5.087937503929492,6.029125652865601,-21.69617826538289,6,English,Malay,2.2990087742141063,0
7.26452916913735,9.080436754827314,-25.582447645104807,6,Malay,Malay,3.2337755152766707,1
39.04056436040579,26.183509562743243,11.280440086174371,9,Mandarin,English,0.8872545581793565,0
25.524492691294448,29.437480161326686,7.865278244972003,6,Mandarin,English,1.5189179059407625,0
7.313330262144029,12.03426463788979,-18.783417747099215,6,English,Malay,2.2264126585093313,0
30.45529657285695,25.298703664804435,6.094595532528361,7,English,Malay,1.4510713748867747,0
28.85187039944069,27.41294032732467,-20.96467822008738,7,English,Mandarin,1.5865540168500256,0
6.503806356328111,2.911681843602266,-18.959322981529034,7,English,Mandarin,2.207647374728933,0
4.94993739485531,6.688501061494549,28.272955362081596,7,English,Malay,1.2590621777636457,0
3.7527717257525532,4.923531106094093,14.88474988575585,6,English,Mandarin,1.874770725680079,0
2.237772955176955,1.684156416657239,-11.466403452721512,7,Malay,English,2.287559361439253,0
27.617456257989417,25.531062599598233,-2.4379735220332215,6,English,English,2.814285350475193,1
11.052179997917513,5.48626626703451,-17.858212444343863,7,Malay,English,2.140088162536,0
20.969022326172823,25.191004900128558,13.397516530499344,6,Malay,Malay,2.4622087201345018,1
8.673367490811165,13.641877379801276,5.561077044601771,6,Mandarin,Malay,2.0647098547328135,0
37.93616518656071,26.77229173165006,-5.157005466968052,7,English,Malay,1.507900651937939,0
4.841928215106323,6.028907885457141,10.799537848630287,6,Mandarin,English,1.9958078142923055,0
28.763764745663035,26.244712687745682,-5.647673299537097,7,Mandarin,English,1.65715366225963,0
25.453741027523613,29.230731315261902,-26.8497167023554,7,English,English,2.5915202634377072,1
14.58697147690341,13.67706109987811,28.080981152322693,6,English,English,2.2170253339008905,1
39.39064126788743,27.108852119877366,23.39982370337881,7,Malay,Malay,1.678236273238734,1
23.38311842622966,26.99232681128474,-11.385865365602186,8,Malay,English,1.5925957450866575,0
11.584597461974143,5.503013348920345,-17.769714756465792,7,English,Mandarin,2.1348915093695027,0
26.331907211525806,26.118050570545815,-26.818707943297873,7,Malay,Mandarin,1.626382741356782,0
3.374969094093572,5.348650816393864,27.31668339144404,7,Malay,Malay,2.3216798821945845,1
23.766817796020533,27.817935085616426,-27.84604323287049,6,Mandarin,Malay,1.75391703328719,0
14.09999563836232,7.054913437195415,-9.078509781939989,6,Mandarin,Mandarin,3.2406892099712894,1
7.674122303942772,13.23405605125944,-3.1342875775348986,7,Mandarin,Mandarin,3.1454705911895284,1
5.477016121413257,14.077819203564294,-3.348342341992712,6,Mandarin,Malay,2.275790505610249,0
34.486157819348726,28.15529145378631,12.552475001675695,6,English,Mandarin,1.2354074973592504,0
25.00798561940204,28.979544405192435,-6.793856125718655,7,Mandarin,Malay,1.669214456976135,0
7.621730225434278,11.915389849537426,-13.91459562957418,7,Malay,Mandarin,2.123246813818369,0
5.266594981926749,2.000244948780641,8.452778957831615,9,Mandarin,Malay,1.7614843371688194,0
9.699679652071882,10.975626764855807,26.821528308605963,9,Malay,Malay,1.9844934450295142,1
11.39940192321419,6.337752602017412,-25.14392162577664,6,Mandarin,Mandarin,3.221315382661762,1
25.5031282986093,29.164717631724614,-25.49723176331552,6,Mandarin,English,1.7137871796504207,0
38.781146346348294,27.941327762031,15.006561530959287,6,Mandarin,English,1.0860318602860808,0
7.319483033509445,7.496003184893706,-8.501313768960063,6,English,Mandarin,2.3060074252527683,0
31.716975807632117,28.568142268372203,-12.388126730859796,6,Mandarin,Malay,1.6701044074926223,0
20.430256594585444,29.900925878839892,-17.266941538009014,7,Malay,English,1.6911806897311314,0
9.744533804547334,9.296856856905658,-13.97624362960585,6,English,Malay,2.245498614620117,0
20.305886336613987,25.836822407163837,20.249710941795044,9,Malay,Malay,1.870151314356185,1
1.0083240361642218,5.2796202570040895,14.543234539961091,7,Malay,Malay,2.793107348169679,1
8.283672511669343,1.6682690952558277,26.48520594345541,6,English,Mandarin,1.455998375909809,0
1.1706062891481153,14.343540055034316,-15.650525817175913,6,English,Mandarin,2.2751901171675892,0
38.42566578542095,26.8545194036486,-29.07814696454934,6,English,Malay,1.5367699627326428,0
1.6944841259424859,6.399959658417511,-22.041061844741925,6,Malay,Mandarin,2.3280853560072603,0
24.669799330843745,25.75262822313165,-7.058193000353867,7,Mandarin,Malay,1.7237904836036477,0
12.263417761787046,3.1078879447050953,-4.313844133625775,7,English,Malay,2.1969074624896594,0
4.987127107209469,5.147267714544741,13.725275779839553,6,Mandarin,English,1.9007713994880735,0
1.3036311952349973,10.296384870955208,26.569653475747053,6,Mandarin,English,1.4365619676869512,0
2.071690819190187,5.022955231344418,-8.53253464083133,9,Malay,Mandarin,2.0306117573585496,0
32.19711124506778,27.43289793866747,-7.217790405720333,7,English,English,2.580029444678384,1
27.23214431938677,29.90452173512046,21.864515748774863,9,Malay,Mandarin,0.6426160323894341,0
8.533056272906721,7.265345389803382,-8.341394107431462,6,Mandarin,English,2.2967113363481273,0
8.645100173628098,11.54761600668725,-29.069888311205197,9,Mandarin,Malay,1.831173210492829,0
21.835726324585046,27.0391899546038,-3.0110475192635704,6,Mandarin,Malay,1.8788533661484061,0
1.638250569373125,1.832906870478811,-4.234698702482152,7,Malay,English,2.3161727632598734,0
6.196917449505978,11.977205642948016,-10.365552364100655,7,Mandarin,Malay,2.148706927861791,0
9.761600400202568,7.979251909741067,17.58544229120988,6,Malay,Malay,2.6896009967082177,1
28.20192854130221,28.957989810086616,-15.77907605053428,7,Malay,Malay,2.5899154610321706,1
3.9875810377621024,12.138430662991684,-27.000391320837945,6,English,Mandarin,2.231238578589669,0
9.605101089367823,12.154604908063275,13.764181623280102,7,Mandarin,English,1.6656565832108856,0
10.557965788628454,2.2987330296434965,18.94454649504948,7,English,Malay,1.573373884490549,0
38.56201152377206,28.289270689143002,15.369903720411038,7,Mandarin,English,0.9538112020291569,0
7.408951724100479,6.593914189517584,8.749627665637112,9,Mandarin,English,1.6837343725665204,0
10.003196142081384,11.963833843217769,6.956162869240732,6,Mandarin,Malay,2.019363999723583,0
12.835584894968603,4.284105152941374,-21.164819939507492,9,Malay,Mandarin,1.8882536997225419,0
9.167589948203647,8.804898922819905,-3.680577070688887,7,Malay,English,2.173006521054135,0
28.937753710409172,25.883941272053224,-12.11190794380768,7,Malay,Mandarin,1.6385117182378928,0
3.8331763565993384,4.601409861291614,-5.886692223704195,7,Mandarin,Mandarin,3.261031830408743,1
11.625402451625845,2.736167360976946,-6.508970890220244,6,Mandarin,Mandarin,3.317187732239905,1
12.440824366004955,9.106153196582268,-9.506272517222364,8,Mandarin,English,2.00034264931672,0
14.781816599393418,14.291508670734173,-21.0144169687263,7,Mandarin,Mandarin,3.004218690736303,1
13.761367094559422,3.126957593789645,26.640174456201304,8,Mandarin,Malay,1.1462106471494637,0
10.062715660046143,4.541121079233347,-5.116580554271007,7,Mandarin,Mandarin,3.2019063640929684,1
28.703459759726297,29.951039284330097,-20.77191491780345,6,Mandarin,English,1.667523631810889,0
2.383246002885082,14.825759745516088,-23.03964736316403,6,Mandarin,Mandarin,3.2336111179721083,1
6.3475419858545,6.0803496647866995,27.163811248867287,7,English,Malay,1.2899876897832332,0
37.52531380919966,27.575316624656544,5.106359360726279,6,English,Mandarin,1.457767615625706,0
9.226598312422547,10.27552155401102,22.001409695267597,8,English,Mandarin,1.2824294620012984,0
7.781307522181545,6.140937258836036,-5.902109604897994,7,Mandarin,Mandarin,3.206103853506831,1
34.39437260704602,29.314925419450876,-0.38288442769153974,7,English,English,2.5393568603844097,1
29.82028255597959,26.262781597531312,-4.483497931823951,6,English,Mandarin,1.7618184533948618,0
39.71123198405489,27.93369838011437,-1.4020120220417631,7,English,Mandarin,1.4747388209283392,0
6.187739746744853,8.269408685338192,15.411901683860656,6,Mandarin,Mandarin,2.7985119567440466,1
12.819572744605168,7.0850079010985425,19.339990507196035,6,Malay,English,1.6065545257911018,0
7.706070378339521,7.5359650678692685,-15.90465666193786,6,English,Malay,2.277064123331453,0
4.8704788339724425,6.893397918864187,-10.293133910118502,9,English,English,2.978050786104572,1
10.561214557766307,9.356880015034571,-11.51652741711888,7,Mandarin,Mandarin,3.127430629548262,1
26.474644703065664,26.210573630278297,20.781063466308467,6,Mandarin,Malay,1.1022816046049644,0
13.929242491038373,10.674768735727064,20.668988482697745,6,English,English,2.5130452908379244,1
6.993653920297961,13.31463296833045,-24.69273070458079,7,Malay,English,2.0796080287651133,0
34.388785386132284,27.826180175506114,26.014743327844627,6,Mandarin,Mandarin,1.770862297011063,1
39.85229603707056,26.902737451601997,-17.85049656820025,6,Malay,Mandarin,1.5512533793933152,0
10.22812505094194,2.598780223598079,26.52964948577131,6,Malay,English,1.425693215252604,0
34.48429342960045,25.148035682824002,-9.823006574516906,6,Mandarin,English,1.6888093030027855,0
26.780864707544417,26.284947312000487,-19.04588185775396,6,Malay,Malay,2.7602122068367883,1
34.26638195289918,26.783828610939423,-14.967290829592319,6,Mandarin,Malay,1.6496057551305363,0
35.08348032536747,29.512779760236064,7.673905631843929,6,English,Mandarin,1.3757492571094079,0
2.37306620077719,4.659770032710847,-1.1528718826576814,6,Mandarin,Malay,2.4083287313895942,0
1.0183495104523979,12.323993218642876,28.869109481959295,6,Malay,English,1.338657740840472,0
12.233264824206369,7.054014869665413,-22.7692677248371,6,Mandarin,Mandarin,3.2137296439784917,1
38.89466358332662,27.266424565419918,12.276084259315674,6,Malay,Mandarin,1.1903312352767834,0
3.556487531850528,10.047830117958508,-26.676789825870777,7,Mandarin,Malay,2.1400341907490072,0
1.5130364820044102,8.603681350451092,12.700719154625618,6,Mandarin,English,1.9368076512635484,0
7.428594806123171,5.392561905621475,-29.662851099460454,7,English,Mandarin,2.1379122625510187,0
6.80517804267869,14.930606022263143,-20.729007089401914,7,Malay,Mandarin,2.0785454690525755,0
6.085534188582179,10.606522033697043,7.163670784360264,7,Mandarin,Mandarin,2.9473509603245986,1
28.591789515569275,27.932702152132986,18.40191372041356,6,Malay,Mandarin,1.1258298160657123,0
4.759904464344175,4.052992101228348,-14.680553430718234,7,English,English,3.2279358562418805,1
38.25989375927372,25.0484433770672,-19.59973254730881,7,Mandarin,English,1.4815378693881118,0
4.656331753247877,10.492540725577546,-21.39478344349395,6,Mandarin,English,2.259695330400099,0
36.399546333994365,25.824088272834626,-11.177995588796726,7,Malay,English,1.52648347637556,0
9.004035106619584,3.5664158087318762,-14.594183886674285,6,Malay,Malay,3.3081482112242377,1
14.50270587001991,11.340935497122107,-25.14363347952008,6,English,Mandarin,2.1402514747301797,0
34.68360673054153,29.037742186378757,18.272574199606986,7,English,English,1.9009055865283289,1
2.9357737861633586,12.425454820750268,-16.368114429365974,6,Mandarin,Mandarin,3.274327332499644,1
3.875666409172899,6.941053651663467,-15.433919718343919,6,Malay,Mandarin,2.32288640033049,0
2.123000583267565,3.5145988547766356,-6.625374748275416,7,Mandarin,English,2.2865394231253067,0
38.34994924757589,26.053317242960368,7.993845096623354,8,Mandarin,Mandarin,2.1325534984320633,1
31.05824631692816,28.839185295169617,-11.78714569203192,7,Malay,English,1.5606383559494836,0
8.897322927320381,1.6852327712985198,-10.896487229970898,7,English,Malay,2.222852818913908,0
10.087295375541409,6.126536349435527,-23.74113254331029,9,Malay,Mandarin,1.8887245742725296,0
14.318494388707075,6.537358253966024,22.281605628377097,9,Mandarin,English,1.1415852765800707,0
25.838314394165103,26.243740611099707,-4.485987247086637,7,English,Mandarin,1.7065480757611475,0
4.250838162124135,13.60814845951435,-16.0599709796043,7,English,Mandarin,2.1328768971849343,0
38.132379884484564,28.707331853744428,-26.390634312489496,7,English,Malay,1.4039690363636952,0
25.229001144713074,27.127402472943782,16.52310695257551,7,English,Malay,1.138924978162973,0
37.79895246265793,29.051979321831453,-9.948578552871684,6,Mandarin,Malay,1.5761013548428153,0
6.300667653591807,8.208579619119003,-27.598826218240692,7,English,English,3.1279114398787566,1
9.543820368371739,1.0615093546569527,27.262540986636616,6,Mandarin,Malay,1.4222577682374316,0
35.661440705514224,26.49376475194913,7.508096846962804,7,Mandarin,English,1.3020245254624276,0
12.005321935963481,5.472976070670391,-19.39551003854023,6,English,Malay,2.243065319805194,0
8.704286729777312,8.92171975112095,-29.017957995377532,7,English,English,3.092013408539759,1
12.673193564577414,10.995695176799588,6.235055492465062,7,Malay,Mandarin,1.910084170349953,0
7.6021335458230315,9.635957605807299,12.434670951006456,6,English,Mandarin,1.874905605198471,0
12.390376831340767,1.7180051278862913,-16.53714021119186,7,Malay,English,2.1687923797037567,0
20.2449570984309,28.485116029411536,23.729019164802253,7,English,English,1.9431276361321501,1
8.266223120578651,5.332724625200337,24.517329016815374,7,Malay,Malay,2.370904006953672,1
30.780458105285064,28.972953121962618,26.888727157524258,6,Malay,Mandarin,0.7785637081739094,0
38.136418335104125,28.86571845011342,-11.47330411959138,6,Malay,Mandarin,1.5686668584979784,0
6.618540151914203,1.5415650810061081,-9.027862291343514,6,English,English,3.3708060733663183,1
4.31441609309773,2.7879901190550496,-13.018621485545847,7,English,Malay,2.250580532926653,0
26.452401474324105,26.682500766418794,-19.45266434438615,6,Malay,Malay,2.75778152844049,1
3.3706124982409538,11.82923239844028,-25.467428952065074,6,Mandarin,English,2.245610121192971,0
23.985090986989324,25.53107035847222,13.443017064880904,7,English,Mandarin,1.2909096706886556,0
38.94663085282109,26.682154190495382,-21.739016725018686,9,Malay,Mandarin,1.203311065798348,0
5.619301927000734,12.944603280775565,-7.669482513118275,7,Malay,Mandarin,2.153796006211843,0
1.8646574347751474,3.4253602249759223,-26.408417692571145,7,Mandarin,English,2.2240717644272525,0
37.88062388456542,26.937770487613513,-14.993998327139623,6,Mandarin,English,1.5909005375645289,0
8.786458354973629,14.292578840749758,-12.958117551188906,6,Mandarin,English,2.2085159028721364,0
24.567684476947935,26.061331361636803,-4.586817042454328,6,English,English,2.846314807924945,1
29.243630257048714,26.26035210679775,-1.6925290814663398,7,Mandarin,Malay,1.6626296218463894,0
13.527780837870239,7.242422710633451,-5.390808598360916,6,Malay,Mandarin,2.256828602520427,0
21.201187316489815,29.906419783295863,-20.517269349032702,7,Malay,English,1.668268547284336,0
14.087427278716765,3.064235041433304,25.576276027833835,7,Mandarin,Mandarin,2.298313715824315,1
13.36201224549237,9.941561602025027,-14.27788161427433,7,Mandarin,English,2.0843713228105782,0
12.475423661409959,11.140222343694775,-18.560221515718236,8,English,Mandarin,1.9494761348965584,0
4.985738424514683,9.18430810172879,-10.80411730165778,7,Malay,Mandarin,2.187285810398706,0
1.5352707234151857,7.31939402943844,-9.19470194291437,6,Malay,Malay,3.3633043459950827,1
10.956300406536805,2.6037729016673405,19.054389437835617,7,English,Mandarin,1.5624956365937122,0
3.102189488929671,1.5216183437254074,-27.758641033615422,7,Mandarin,English,2.2262331182280644,0
6.43630238312885,3.90984899964585,18.48316389241729,7,English,Mandarin,1.614627749937648,0
4.084423490426867,2.2576340402242465,-13.531847542712072,7,Mandarin,English,2.2564732662177818,0
10.540500091906853,4.867309124364049,14.041862137523053,7,Mandarin,English,1.7194567330239843,0
2.195231412635348,1.0697622243653,14.587196368609312,7,Malay,Mandarin,1.8217981907286678,0
6.945316211970628,5.840688191581245,26.992142305598083,8,English,Mandarin,1.1749149752685484,0
8.977826082950994,9.715757429984256,15.227277528195946,6,Malay,English,1.7626094513837893,0
25.878455492713528,27.15427910750098,-2.43520114565705,7,Mandarin,Mandarin,2.6985956801778066,1
6.024558027886568,8.509981464021081,-4.006909041752699,6,Mandarin,Malay,2.3237982416084146,0
11.443616100315829,5.82825944966267,-19.0834926698855,6,Malay,Malay,3.2461696022672633,1
10.498619296026641,6.734890509801933,19.466492209288948,7,English,English,2.511337674616601,1
26.703511870069445,25.32840185701143,-29.102425065530152,6,English,Mandarin,1.7427732584714195,0
3.9705820382536636,3.2604923242647104,7.001305617991001,6,Malay,Malay,3.165143559745131,1
3.0988552176202866,12.68921098487848,19.206641619732245,6,Malay,English,1.652386881284384,0
5.733046169141829,13.249851174647125,-7.885936677047205,9,Malay,Malay,2.9138845709719527,1
32.977570287096334,28.13899895735377,-4.85266705865811,6,Malay,English,1.6822889215574715,0
21.191269782542783,29.435252357086753,-20.090413103520007,7,English,Malay,1.6771749452606963,0
6.0258872633931375,6.0510740441602655,28.622438097225384,8,Mandarin,Mandarin,2.1249450535215773,1
8.564084271257872,1.7104094100387577,-6.78963159500217,7,Malay,English,2.2396229578703597,0
13.898559043048031,14.021641288727857,6.425795003799782,6,Malay,Malay,2.9783951715492485,1
2.473551167976684,7.863789303344616,-26.51697507482305,6,English,English,3.29073667837071,1
23.74291715621732,29.599077246486686,19.019576039947353,7,Mandarin,Malay,1.036217147893114,0
1.4566593466390385,12.474019086076975,-12.424287948658005,6,English,English,3.3017789225106466,1
31.517016444632894,25.089540599415077,16.133300023694137,7,English,Malay,1.0864547229299593,0
4.873107409879576,10.431887789337623,-4.723330192221873,7,Malay,Malay,3.1962056140337554,1
1.0223967583147098,11.240417485763729,27.062830022405873,7,Mandarin,English,1.2951728067750101,0
20.834129296453177,28.314057857770237,-11.334874608888025,7,Malay,Mandarin,1.7293563955713425,0
8.337773387769504,8.955618098498537,-11.184545696728144,7,English,Mandarin,2.154784266148226,0
23.73633757819708,26.65126258456907,-16.560219431987008,6,Malay,Mandarin,1.810158821583681,0
38.13445041458083,25.135877181266714,-8.173478760926034,6,Malay,Mandarin,1.6377166415281736,0
25.981114562347752,25.574044723188386,-22.306910869147394,7,English,Mandarin,1.655341152661169,0
13.877079083244555,2.89640082082728,-28.685703032854867,6,Malay,Malay,3.2191461908497656,1
1.165640958543286,8.471600657940826,-23.032951462604316,7,Malay,Mandarin,2.1918510789598113,0
35.14658005526337,26.39622192588285,24.81950959384971,7,Mandarin,Malay,0.7056513556196524,0
29.267293417535623,28.761528286702635,18.087861479858297,6,English,Malay,1.11342095502792,0
5.272729573007455,12.846235324606917,-3.9633505627793646,8,Malay,Malay,3.053099182481258,1
6.981268785322613,1.8970081528430653,21.611490467541884,6,English,Malay,1.6373150642543775,0
10.173041577268158,2.171832899464367,20.47495011062415,7,Mandarin,English,1.5249280013608297,0
3.290871476559051,3.638177984626643,26.85661494183944,7,Mandarin,Malay,1.3557279824237627,0
2.8763705858497364,1.2021751918225658,-0.9992358626137161,6,Malay,Mandarin,2.4383837560145647,0
10.69928669789334,14.720741578919409,-16.58887908424422,7,Malay,Malay,3.0555034536177255,1
31.67389746212687,29.091811141901005,21.238472322123304,6,Malay,Mandarin,0.9605757793296954,0
31.690862338783457,25.3380562107693,-16.078020599056273,7,Mandarin,Malay,1.590956753898992,0
13.951328830687364,6.26395952162726,-20.073918754119532,7,English,Mandarin,2.095934053963122,0
34.38676818216402,29.137170662194137,-24.752661505161843,7,Malay,Malay,2.461007635181667,1
5.3644874022930304,14.408022010879986,12.361813345874957,6,Mandarin,English,1.8521114387626465,0
4.8285464173029435,6.249912509067952,-21.052724552007405,6,Mandarin,Malay,2.3015396622295996,0
20.340311882358236,29.752066534940393,15.435237204369264,7,Malay,English,1.2122185891335417,0
36.84659834470746,26.57944042828101,28.045286444426527,7,English,Malay,0.5634543713096951,0
9.86362516351105,3.006994919322116,-5.57493616176556,7,Malay,Mandarin,2.21771067863245,0
14.826417844281341,1.5960316802458168,-15.364323155438672,7,Mandarin,Malay,2.1495610942365997,0
21.00258888555839,29.67902242906867,29.68533739808521,7,English,English,1.70429923728393,1
21.07165351748047,25.909900606271083,-2.648462880628557,6,Mandarin,English,1.909514281806214,0
5.7528963536230915,13.026842948745289,-26.987501280514547,6,Mandarin,Malay,2.204744269374601,0
9.782869311850598,7.698474268965416,25.59860951961777,6,English,Malay,1.4117352310052178,0
12.597852702075974,8.814221266525548,-20.390945050753658,6,Malay,Mandarin,2.200409443478139,0
39.44438531423279,26.263434387933085,-3.1628108106735695,7,Mandarin,Malay,1.4990023241529522,0
2.4727127065280827,12.276701669399335,9.154641560828784,6,Malay,English,2.0145934016117186,0
9.939043683820746,13.980133661410916,-1.1656260947099746,6,Mandarin,Mandarin,3.2394228062319836,1
14.042350687540223,8.45185354671481,-18.863553045511118,7,English,English,3.0771794475057463,1
6.946826705101715,7.287833518761988,-5.067493444876966,6,Malay,Malay,3.3232617529451067,1
1.9907281789831426,2.8793298463012196,-17.004568386285115,7,English,Mandarin,2.259617525126206,0
11.612177611859561,11.983767486642645,-21.88116806179239,7,English,Mandarin,2.056103322142337,0
3.314847198684223,8.262993812518491,-27.382531277466047,6,English,Malay,2.275446485629753,0
31.75334827126433,29.962125475781654,6.051582427398149,7,English,Malay,1.3598428011981274,0
8.527582674412214,4.510285754514802,13.742380651442764,7,English,Mandarin,1.7536379929102333,0
9.145025802471753,14.656727689322345,19.82773409522825,6,English,English,2.55051177174907,1
7.847629541800998,3.85699425030493,-26.219717224119087,7,Malay,Mandarin,2.1605547046652105,0
12.670518292329804,5.143799174575596,-8.291791656395322,6,English,Malay,2.2767175198096283,0
6.9184586621103925,1.8920376699554815,18.746240438532716,6,English,English,2.738276621330696,1
9.75380221352236,4.726745705685578,-27.52451712732537,6,English,Mandarin,2.2459461303835027,0
31.51432925796451,28.112887705412213,21.088870354553446,6,Mandarin,English,0.9835217181603246,0
12.246402776161,13.863356107935749,27.280852592891605,8,Malay,Mandarin,1.0315725704078262,0
14.256707696928263,2.7025057482660904,-22.700248538706575,6,English,Mandarin,2.2372403704190345,0
8.118285950359494,11.042717559884917,-4.634579292686649,7,Malay,Malay,3.157941367255267,1
4.7073090872364025,12.696507771544033,20.91524243762624,7,Malay,Malay,2.458928346095277,1
4.547337503289545,14.781803514528464,26.867615817974663,6,English,Malay,1.348842036192707,0
10.600709366713598,12.253056281183955,-17.05151659064128,7,Mandarin,English,2.0796239548855535,0
14.316708469633982,9.85216462759291,-16.130608752674764,6,Mandarin,English,2.187042573185482,0
7.845846200517427,8.911862377750882,27.467105354035375,7,Mandarin,Malay,1.2360742268260787,0
5.094613880729121,11.965323917299962,-13.430947913510774,6,Malay,Mandarin,2.2671307956413402,0
12.94682384925127,11.794850031780735,-29.87505034744395,6,Malay,Malay,3.1354997600315335,1
13.883036487440451,5.167005073184081,-16.24124776640032,6,Malay,Malay,3.2378620918390872,1
36.47941835778697,26.64203352409014,19.488852898880182,6,English,Mandarin,0.9851675637099939,0
12.683079303198262,5.964915539196259,-23.912783349933175,6,English,Malay,2.2163107737429444,0
24.061299632453007,25.77169305034112,12.179319655372682,6,Malay,Malay,2.447710592551825,1
4.49061968709298,5.109517102336068,-14.411477552318285,6,Malay,Malay,3.338460373597982,1
11.049447779707624,3.089390508171866,-0.24328974902566003,6,English,Malay,2.3403006512911197,0
5.39967235631471,3.8563679619009257,21.625289362127404,6,Malay,English,1.6330544691433846,0
37.74422214588334,27.027377023327116,-26.8180888958833,6,Mandarin,Malay,1.5522148277148928,0
12.824886160160123,5.715156864953201,-7.496339827182851,7,Mandarin,English,2.154611770324924,0
3.3580129229779256,4.039755995596262,-16.883540284301834,6,English,English,3.352243843199919,1
6.806185697687569,13.729681887354625,28.960847471250883,6,English,English,2.263511662655797,1
33.36254270909683,27.305820942175494,13.967662961660745,6,English,Mandarin,1.2165683617665266,0
25.82743708800911,27.3182762140014,-9.481816779623475,7,English,Malay,1.6733495149255362,0
10.480593777210641,11.435014592133502,18.594716734719036,6,Mandarin,Malay,1.6125288305913923,0
26.882949660137353,26.754032723193397,5.686785307542853,7,English,Mandarin,1.4982761216064109,0
6.602098465101671,2.02175294431542,19.59702556198232,6,English,Malay,1.710365591236448,0
5.0251282800823205,6.194455964607646,6.452033000726008,7,Mandarin,English,2.02698300252769,0
31.06389282151082,28.29767942139583,26.70129770226455,6,Mandarin,English,0.7912190121977485,0
24.79052161828517,28.809786708902966,-21.174115305170346,7,Malay,Mandarin,1.627303708337617,0
27.096377239304132,29.052162040373307,-22.055427490889084,6,Malay,English,1.702226852902054,0
20.518842749970073,26.36145016629856,-15.95275217102743,6,Malay,English,1.8667418251768408,0
38.73164509539993,27.350958202813846,-29.676523124790016,9,Malay,Mandarin,1.1697933160562632,0
29.921025335441346,29.985580589971477,-23.51215509505315,7,English,Malay,1.52141227973229,0
12.763458851906412,12.47803572403684,21.266813519297383,7,English,English,2.368246581065159,1
7.284215780115388,10.253636537111142,27.714581058999936,6,English,Malay,1.337111139762737,0
39.90220158707248,26.79624298925863,13.29789962699697,7,Mandarin,Mandarin,2.028708819645511,1
9.428487136535328,12.892950854560054,-3.790236416379429,6,Mandarin,English,2.246651498701115,0
5.195197095585735,9.87532964399728,-12.94684420690523,7,Malay,Malay,3.171138585247819,1
4.146967706049083,11.627689239348724,-16.641225821908613,6,English,Mandarin,2.2692826778063266,0
6.948109563207427,13.36970921916012,-28.847439988002858,6,Malay,Malay,3.183163678882982,1
28.51408442977693,28.14977072589055,-8.978590577114968,6,English,Malay,1.7378002845436782,0
12.66124787199144,7.904707286820207,-11.239715397414525,8,Mandarin,English,2.0043747304205017,0
6.60172912875122,5.101875835760129,11.64671748112427,6,Malay,English,1.9578288385155371,0
39.261555239935504,29.79501329745367,-22.794717918438153,7,Malay,Malay,2.381470985245819,1
26.653623413449985,26.671827886908858,-4.698962943126496,7,Malay,Malay,2.686496436628441,1
29.912295014345105,29.128246997442965,-6.571681090844077,6,Malay,English,1.7088526317360386,0
9.970996292099127,13.326912147390411,-26.938724135364108,6,Mandarin,English,2.159725168487224,0
4.078445221777768,12.310712589424519,-21.323989104196585,6,English,English,3.247528458207322,1
10.920227974748405,9.714879345481407,-2.3347611843390794,6,English,English,3.2683663895165718,1
12.863984882973694,6.798255437286066,9.970598165629935,6,Mandarin,Mandarin,2.9369066610003545,1
3.559733398816343,12.717591907086817,25.6455321874468,7,Malay,English,1.3046331203803305,0
4.986441714018698,2.470963109119343,-5.522501289087291,6,Mandarin,Malay,2.3895176141383287,0
10.584258999419808,13.77082196974444,18.70798372973708,7,Malay,Mandarin,1.46666975976756,0
28.352225427981118,29.64174315494114,27.53477296487069,6,Malay,English,0.7833212127174018,0
14.481308328591505,14.267734611052516,-26.087751457429423,6,Malay,English,2.1080503990787953,0
29.50980850380752,26.14855614819957,-22.266378111772738,6,English,Mandarin,1.709148622818425,0
31.64709564209472,28.1566400775064,-1.8194403683569007,6,Malay,Mandarin,1.7128215320227929,0
9.899493122504712,14.666161823615871,-16.24795030424812,6,English,Malay,2.1826836161913006,0
28.935701112447386,28.1376692658756,12.951559363303272,7,Mandarin,Mandarin,2.19055410528825,1
7.601345788296571,4.723731233865443,-28.021532728219338,6,English,English,3.2658441206843154,1
1.4706212762348927,5.312849971191093,-8.473619420649133,7,English,Malay,2.26891988945691,0
3.335578091941808,1.6958069077145426,-14.624300183858782,9,Mandarin,English,2.030938482723907,0
11.55834429499659,5.276469363675703,22.277949816707913,6,Mandarin,Malay,1.5344236198285002,0
4.7867770793336994,2.497583900739853,-2.742835433495536,6,English,Malay,2.400513605420946,0
10.70542116418826,11.37560931984734,-21.392693105285353,6,Mandarin,Malay,2.190380718142026,0
9.84873698379741,4.0532395020128815,-20.715605610250268,7,English,English,3.156928216441063,1
35.045158150039974,25.085041383530875,-11.820644268780573,8,Mandarin,Mandarin,2.4394058596929624,1
6.080808044687119,12.801050164938129,-18.12356573031886,7,English,Mandarin,2.115769532136018,0
10.842196341035201,3.3940304725005506,-22.542951257744914,6,Mandarin,Mandarin,3.264994561005493,1
12.06107606410717,13.78720545427264,-2.108968282993697,6,Mandarin,Mandarin,3.2169872905395565,1
13.413202758507461,3.5526354971861887,15.040858043702217,8,English,English,2.5514115859134856,1
39.54267947157463,27.4911873392018,-27.356047696010553,6,Mandarin,English,1.515230801734554,0
7.02101959373076,5.875040924735707,7.974845489859418,6,Mandarin,English,2.074419802670256,0
7.081602205135583,13.10954213566397,-3.891670957477821,7,Mandarin,Malay,2.1501163200670783,0
8.036099430244356,5.192779409325038,-0.5188593210102681,8,Malay,English,2.1134816805342718,0
6.414689301782867,7.0257157916273565,-27.670968015548066,7,Mandarin,Mandarin,3.138359389014071,1
13.563152345082175,2.961609909573409,-11.658388605645861,7,Mandarin,Mandarin,3.1608910821012914,1
37.0255099528501,26.30818347298642,-21.731816802804545,7,English,English,2.474036490699861,1
2.2953770875901176,2.1313711185108506,14.624256529716323,6,English,English,2.926383539398919,1
6.070073294344669,1.112197147182705,-19.25526362124845,7,Malay,Malay,3.228993083513898,1
5.396263783139867,7.16075644825637,-19.95842872229418,6,English,Malay,2.290401701945057,0
6.31238301332583,7.781082916299148,15.578059770877102,7,English,Mandarin,1.678833248723052,0
12.502762611512242,12.342449799416157,25.17231067200944,6,Malay,Mandarin,1.3530170023703856,0
36.89923205720648,29.95275379262565,29.227166507430667,9,English,Malay,0.23379605902031564,0
14.306152951339302,12.500554596411524,23.576967769938417,8,Malay,Mandarin,1.1542390525746469,0
20.419544829825284,29.19133265447715,-1.6262986813894855,7,Malay,Malay,2.754520910195108,1
12.570282844211203,9.517770372589023,-22.912930911285258,7,Mandarin,English,2.067743031461047,0
9.06799863590307,13.093724229460484,15.51036662538121,9,English,Malay,1.365519939458022,0
11.44102485784321,10.518511079633326,-12.148589170942245,6,English,Malay,2.2224093433887604,0
3.506953227551783,7.3875257880526295,-23.303645765957256,6,Mandarin,Malay,2.295876390624098,0
6.049825515040411,9.231100733027574,18.072018163782264,7,Mandarin,Malay,1.5796701017869412,0
12.652972991364408,8.303011389980691,9.540482769224734,7,Mandarin,Malay,1.8215232592636834,0
2.453347676889372,12.486349354339135,-24.833693873613008,6,English,Mandarin,2.250324050109005,0
26.759930508414307,27.42613243069026,-24.671057813762886,6,English,Mandarin,1.724035494901386,0
10.042309046700701,1.3017553405387796,-19.11696038714041,6,Malay,Malay,3.3053361548371374,1
10.956751184274,7.556713724475198,25.44011334082455,6,Mandarin,Mandarin,2.406961383983649,1
26.965218051812343,25.40987488468499,-6.06633448930085,6,English,Malay,1.814221883801261,0
10.050786050090384,4.751673950621682,20.026465973254503,6,Malay,Mandarin,1.6335490909289718,0
10.731135362627464,6.81857272150178,14.79363385272595,6,Malay,Mandarin,1.7892257343132993,0
5.109538142822657,9.519770684499811,-3.5050927859418586,6,English,Malay,2.3245232691069693,0
38.210358580016745,27.73674692901255,24.471930782554185,6,English,English,1.7668052258034814,1
7.919938274251139,14.679280602534773,-14.373541240171953,7,Mandarin,Malay,2.0910960070982343,0
1.0322849353279604,5.657335949915969,-13.108955251482548,6,English,Mandarin,2.371907273642619,0
9.723276173992375,5.409410293651987,-15.8953392753861,6,English,Mandarin,2.2781886710722694,0
3.7447554166295256,13.210709067521513,-5.122970601282905,6,English,Malay,2.2958687864875467,0
6.166544418200546,10.07023270693569,12.93657151002771,9,Mandarin,Malay,1.5148522258976675,0
9.457236097615038,7.964032604191525,6.616136804443102,7,Malay,English,1.959222524826426,0
13.195161899191158,6.82468573369692,-1.9281622794261253,7,Mandarin,Mandarin,3.158374316073032,1
5.126183869930385,11.087729531697711,-16.35095928966367,7,Malay,Malay,3.148357668351507,1
12.507955316904278,6.353417579827033,-7.988367138984607,7,English,English,3.1497583805694047,1
29.516135856242897,26.924540668188094,-24.940717579526243,7,Malay,Mandarin,1.570564862132653,0
9.09306107353615,12.482931361189939,-15.716679835898484,7,Mandarin,Malay,2.096851142866411,0
24.525877838709054,29.41930160228378,-13.702137541065369,7,English,English,2.6468456391143382,1
12.22203661741912,6.018089327961355,-7.376482759853911,7,Malay,Mandarin,2.158010464680016,0
26.248314054124318,29.807619220673985,-16.73775111604506,7,Mandarin,English,1.6038929786718763,0
4.617537043992167,3.783599039504238,-1.921036235597466,7,Mandarin,English,2.274585185046378,0
1.7209686527565398,3.1971731197394044,-29.31241335578638,6,English,English,3.335610537755753,1
9.952609894233216,11.374694891357485,-9.57460211460235,7,English,Mandarin,2.1198116117620853,0
9.153278207087292,11.653777992813549,-1.920757568528277,7,English,English,3.1505269127725644,1
33.25378963044679,27.242913835475086,22.1640196773937,6,Malay,Malay,1.9323661462657689,1
27.545157168727716,28.514103350320788,-18.962561282992105,7,Malay,English,1.5964251876492719,0
39.918388623813996,25.418098637421885,-21.51645164560523,6,Malay,Malay,2.5610998037843133,1
6.351714138242537,4.59050152874594,-15.83226868146679,9,English,Mandarin,1.9678036143918927,0
11.382629054657432,3.591709408027609,-9.244618046895528,6,Malay,Malay,3.301941221883498,1
13.504555261557824,11.471553929783829,-19.809547276794014,6,Mandarin,Malay,2.1667070838306035,0
11.567749493267225,6.294879115208561,-1.3721917404046486,6,Malay,Malay,3.2992997414472267,1
7.24724904022654,12.312153244611297,-20.426989078794904,6,Malay,Malay,3.2188160135556387,1
8.396004043220515,4.452124072629594,5.3726837282075595,7,Malay,English,2.0484747883542345,0
6.2804024081989,2.237359988726243,-1.2642560137775014,7,Malay,English,2.275608189318157,0
20.57193755275389,29.95468068975237,17.318087166302572,7,Malay,English,1.1395639987404236,0
27.062063920842583,27.02430129814344,-19.845126039451493,6,Mandarin,English,1.7416727875731568,0
8.629162069140659,9.252705954758188,17.3069620463259,6,Malay,Malay,2.697937648139605,1
13.00978424217591,14.642857664763792,-0.6667556237217305,7,English,Mandarin,2.0862510621848642,0
26.655181503155774,27.966302801413438,22.03713909245288,6,Mandarin,English,1.0281992648041838,0
22.872471003866742,28.957891733940766,-24.593764756796574,7,Mandarin,English,1.643437363778117,0
8.337470205143628,4.008107273181219,-23.842168300728737,7,Malay,Malay,3.162070330880989,1
30.993572363313394,26.829719076671008,-10.687337239471464,9,English,English,2.3615687868020045,1
12.071401359527567,1.0084878030488607,-21.399780295866183,6,English,English,3.2803685073880153,1
1.3214518587018824,2.9683406328982507,12.70011643695056,7,English,English,2.877597999790729,1
28.49772761736144,26.031039264410545,-1.9843476265670716,7,Mandarin,Malay,1.676826911972768,0
5.52217770841159,2.9123074574741654,-28.102969873488146,6,English,Malay,2.304478582096182,0
13.311979474249998,4.312028347439427,-2.543769457616964,7,Malay,English,2.180280690257716,0
4.349682501283738,4.222737169323079,-16.878170458775706,6,Malay,English,2.340515235098013,0
34.029370107772365,28.74065404236453,-1.5030650946284467,7,Malay,Mandarin,1.5502338517935537,0
9.981431630828865,2.411588503385609,-24.30939333351003,6,Mandarin,English,2.2775384875461553,0
11.110898332157742,5.429036183624478,-15.314660782584705,6,Malay,Malay,3.2660517855668956,1
38.95738731262044,29.509557319335794,-21.795628359317796,7,English,Malay,1.3939732111940657,0
1.0349554818129911,1.3397737415582536,-6.907903182432953,9,Mandarin,English,2.0832263638248443,0
12.733172456387255,4.217589848876164,-19.4375895045123,8,Malay,Mandarin,2.013200411932325,0
4.923377647126287,7.396436577281265,15.38197784143513,9,Malay,Mandarin,1.468432633305695,0
6.642959538056477,7.654793471615156,13.173522209990264,6,Mandarin,English,1.8784491925536246,0
14.512220485437275,2.314488632250068,-0.8160164978695725,7,Malay,Mandarin,2.194012853830228,0
5.390019411751137,13.376169940649321,-15.149272375887012,7,English,Mandarin,2.1268405318897052,0
7.665811238048411,5.374079537227379,7.4219849013494,8,Malay,Mandarin,1.857331620700013,0
4.3457816110263146,2.5599815417931255,16.890235779253274,6,Malay,Mandarin,1.822284116197941,0
28.89362153755341,25.54382737277383,-20.011306513666703,7,English,Mandarin,1.6181575507937982,0
3.564179929642966,7.52439543341934,-19.067979138301823,9,Mandarin,Mandarin,2.955554315908371,1
12.679454324679373,1.3213512385827157,-21.69689269839006,6,English,English,3.270168968706079,1
9.654332316045549,10.691226116307552,-29.212524851951915,7,English,Mandarin,2.0641693328366295,0
2.5330066387152756,6.945860761479912,23.070254648656807,7,English,Malay,1.46275241329506,0
23.897071444571967,26.472376425824674,-13.966763816743477,9,English,Malay,1.4665860426269073,0
4.227809602390396,14.46539695784663,-23.349870960786042,6,Mandarin,English,2.2177350311950095,0
7.3585605078761915,10.71000091322803,-2.883561395394981,7,Mandarin,Malay,2.1747025144709746,0
25.483951082063694,29.687026522425217,-23.080086314128735,7,Malay,Mandarin,1.5965178384386323,0
1.5223107776857658,4.132754041692351,18.22760311542808,7,Malay,English,1.6704832427662362,0
7.69705356807539,3.4046184087835236,-1.1888955284247835,7,Mandarin,Malay,2.250020295136662,0
4.232030465973857,1.0340061231666238,-26.875961718892977,7,Malay,English,2.2227530950456185,0
7.8047388394966495,11.487667360316816,5.449162747526858,6,Mandarin,English,2.098855241838425,0
6.9093118501263255,1.3186445683415857,-22.015809437228686,7,Malay,Mandarin,2.209334404357892,0
13.639430149108966,14.402692424402442,7.219174287200512,6,Malay,Mandarin,1.949407674212868,0
10.13583771421734,4.769258520972519,6.844566791318081,6,Mandarin,English,2.0938891999519686,0
8.281458329409052,4.212317043660713,-26.901253400340945,7,Malay,Malay,3.1503914016014996,1
35.463812343912586,29.043185093723405,-1.2994369216197228,7,English,English,2.5238930278980414,1
1.290937737227677,12.44631262356541,-2.408059826359896,6,Mandarin,English,2.337100630304203,0
8.923610086551719,5.152159806278108,17.45451778681884,7,English,English,2.6133341785330426,1
1.0245173236595293,5.443620880350999,27.274297919942658,6,English,Malay,1.4632181907619017,0
4.584634268514375,3.496382629312952,-6.26041476865489,8,English,English,3.1458217817928773,1
22.731360982846855,25.742334847601317,-20.536193930407308,9,English,English,2.474177418425004,1
20.121338413819753,29.12286537355233,-27.93493237125665,6,Mandarin,Mandarin,2.790029277625579,1
3.0292542625919388,14.106830346114574,19.910500251502285,6,Mandarin,Malay,1.614271645110355,0
14.129599801651933,6.901492500804027,21.48586989196478,7,Malay,Malay,2.4026836307566732,1
1.7525929059200935,14.917017440477418,18.843331530679908,7,English,Malay,1.5387872929622284,0
7.180617830699382,14.596725501838646,26.476718063917925,7,English,English,2.2205414344374925,1
12.897187357218401,5.733510148782608,5.17667437078708,7,English,English,2.9975094219624423,1
6.3867053739874144,11.924854656753626,27.385862367476577,7,Malay,Mandarin,1.2233792168309094,0
2.114460133509377,4.313305625860346,-26.209109497457895,6,English,Malay,2.3308586440814434,0
33.556281023500105,27.449308755913528,16.885614778058283,6,English,Malay,1.109194308421526,0
8.520039274669848,7.453548063182335,-27.659527468564978,6,Mandarin,English,2.2305657017262615,0
5.522535631433227,6.0175314187151105,-14.250959924977698,6,English,Malay,2.319596129748591,0
37.49211377977285,25.227292955805392,24.34181352783037,6,Malay,Mandarin,0.8215679773058313,0
13.58183980080491,11.065151130775249,-8.100899094386453,7,English,Mandarin,2.0915270937029105,0
12.559054867124386,7.568905693806955,-20.80114172438178,9,Malay,Mandarin,1.859383255309414,0
12.837423464039281,12.90558775881171,22.020009637200545,6,Mandarin,Mandarin,2.454369550469471,1
36.11284293743,29.60752674778557,-26.860680022538787,7,English,English,2.4198142048215177,1
4.723104633889869,8.986172336679148,14.559214922108477,7,Mandarin,English,1.7183347080205131,0
9.176217130231114,6.657612404424146,-3.4279330113468056,7,Mandarin,Malay,2.195235261282291,0
5.317482659049823,5.151540711477306,20.383409200049766,7,Mandarin,Mandarin,2.546890444292987,1
28.20115809506841,29.777157761932543,22.54647833804583,7,Mandarin,English,0.8406550115039368,0
39.89079440765369,27.755154552865974,-19.933828306408948,8,Malay,English,1.2954502551483307,0
12.124896904268565,3.7243958978936966,-19.708198718750765,6,Malay,English,2.258313076249208,0
8.73208402627803,11.671903361788875,-10.704776152852329,6,Malay,Malay,3.2427775389431566,1
31.89207461250305,29.071322215518215,-26.252458467485415,6,Mandarin,Malay,1.6133389655613846,0
10.951072496703462,12.412682624091408,-13.578135107259339,6,English,Malay,2.2036019984345203,0
3.475328535202038,14.144103776610544,-3.1344416831107367,6,English,Mandarin,2.295857537938172,0
7.532313186072944,12.280021566754831,-13.934873501857016,6,Mandarin,Mandarin,3.237927074132199,1
34.618817378210444,26.837817720710984,25.79399467509582,7,Malay,Malay,1.6728847514995353,1
10.951260582281359,6.975175640639848,-5.769449301950758,6,Mandarin,Mandarin,3.2840041400976188,1
22.070119071112323,28.34225757352161,-8.307418574670955,7,Mandarin,Mandarin,2.7197827458345687,1
12.791222760364835,5.68887603866853,29.151809199521367,9,English,English,1.9248856900264188,1
4.501965237837915,6.0404605598802945,-2.8569711103858353,6,Mandarin,Mandarin,3.3675525049881987,1
14.500678178196218,13.972359914864883,23.90818745095816,7,Malay,Mandarin,1.2434830582858536,0
11.873970210667347,3.520171295180401,-16.584578413885257,7,Malay,English,2.1557766568952386,0
8.487848717259963,2.2160444593130846,-4.472327083223451,6,English,Mandarin,2.3605533112901913,0
4.029146426348463,11.970583195192516,-4.0863179361823505,6,English,Malay,2.308881643997316,0
8.739775249767227,7.819418575213321,21.167366376590035,7,Mandarin,Mandarin,2.4585502385695435,1
21.84169290107105,29.50418963538297,23.495567502914607,7,Malay,Malay,1.9106080757198152,1
26.714967734011292,25.893270490453915,-5.246763925611042,7,Mandarin,Malay,1.6958270812007266,0
8.625316276906823,7.284312745319227,-0.949370069505072,7,English,Malay,2.2027391428793894,0
10.836612281786248,4.0053639150322855,21.743554109494422,7,English,Malay,1.4555558441995102,0
29.894284505637565,26.351955052585858,24.062699085929374,6,Malay,Mandarin,0.9320306944201073,0
28.28224917760352,27.476910047525998,-22.066829842901907,7,English,English,2.590745868132757,1
3.5529495712524204,12.694077791318573,-23.868896892391337,7,Mandarin,Mandarin,3.1229667367329856,1
8.337958038074127,10.424831466739356,17.366068002364116,6,Malay,Mandarin,1.6870597248691213,0
22.892037604371957,27.83049375172282,14.95709907001346,7,Mandarin,English,1.2191510447880547,0
1.1712234712915623,5.7339975637471055,19.237279969489144,7,Mandarin,Mandarin,2.6226429907174933,1
10.540629008044151,14.57926316794499,-25.663994364740855,6,English,Malay,2.145754430357639,0
4.732536524153129,10.324760475367444,-16.404983979133746,7,Malay,English,2.1597437500743486,0
6.697805637392393,11.75532680020493,12.791450085829194,9,Malay,Mandarin,1.497767922620005,0
9.74619900458893,7.134634891258607,19.13882541763259,7,Mandarin,Mandarin,2.526332771424384,1
7.868643776168987,2.2884605602985584,-27.062364479515992,7,Mandarin,English,2.1732210750369383,0
3.585448716192404,2.1991669948955677,-3.7023634194539987,9,Malay,Malay,3.0598126314909404,1
1.7567398571908066,7.567944952275076,-16.89336609550757,7,Mandarin,Mandarin,3.215441931586983,1
1.6566997540114117,6.884197578772709,-26.247822725978523,6,Malay,English,2.3095982842522305,0
9.311546923768066,3.503493822999065,-14.164183663357328,7,Malay,Malay,3.189635646987804,1
20.91194632030428,27.543736830442583,17.087084637257057,7,English,English,2.1798636331288295,1
11.882883221969708,8.764062195883845,12.202793052891803,7,English,Mandarin,1.7314327889702514,0
22.02086534181084,29.57494481256246,25.93454747582275,7,English,English,1.8213560137226192,1
10.72637289335142,2.035901672558043,27.63597017310935,7,Mandarin,Malay,1.2701182982820782,0
8.551175921430548,4.160899578611028,12.274339945788224,8,English,Malay,1.6907773468969962,0
13.666143297191224,3.403393448435396,6.554589126761444,6,Malay,Mandarin,2.0823940131070833,0
14.83213934986899,12.651230616247851,9.185572597568227,6,Mandarin,English,1.8861712594239437,0
1.685706530798029,9.08981121484694,-24.084666380330845,6,Mandarin,Mandarin,3.294462601275781,1
6.053708775175191,8.09106676524194,8.309904192887917,6,English,English,3.0502055978447515,1
37.23874290628011,27.845516408771715,-13.726840592201736,6,English,Malay,1.5909887197918546,0
30.68860407330147,25.748190525329182,-13.007211972044772,6,English,Malay,1.7279035996700407,0
14.710957413401001,7.287865726870352,7.8256981940088854,7,Mandarin,Malay,1.8711123318069756,0
10.582235688845426,8.397774348523402,-28.872921825018494,6,Mandarin,English,2.19645682687625,0
8.341497591817348,2.5700087415966504,-4.974222800729528,6,Malay,Malay,3.3568041939967617,1
23.92372248332771,26.74239462585141,-16.579835807690706,7,Mandarin,English,1.688260947831578,0
31.786992871622253,25.880568039237676,9.66109244794018,8,Malay,Malay,2.1789774834864946,1
7.007601481566545,14.216104923467052,-23.26390076239588,8,Malay,Malay,2.957716600075011,1
4.228344912639127,12.827582522658322,22.371294378304366,7,Malay,Malay,2.4114454224063726,1
39.777262178357375,25.303547022892346,11.654673866144794,7,English,Malay,1.1113849382210477,0
14.899132642604997,13.235662174591885,-14.229653239356212,8,English,English,2.9187198743635103,1
12.23503829834098,12.530665827167073,-11.178349971928327,6,Malay,Malay,3.197581792171825,1
9.400213267838833,11.655427453828885,-20.34175026348718,9,Mandarin,Malay,1.8516377585716988,0
32.0016280437284,28.413900863287616,-8.105294634430837,8,English,Malay,1.4473519015538703,0
2.177597014867865,10.887035183384656,-11.454154305049407,6,Mandarin,English,2.31367316366731,0
37.901961405257374,28.611672759617267,17.851983670478603,6,Malay,Mandarin,0.9896907067463099,0
5.803839108313106,5.567669970358501,19.744065042876855,7,Mandarin,Malay,1.560242632712594,0
27.899003411130252,28.36746636245136,13.647109047760601,7,Mandarin,English,1.1787616535171095,0
2.4912683517748198,5.640228526757015,9.398895985741866,6,Mandarin,Malay,2.0722236717137164,0
9.437092788349684,13.159873830323319,11.595712682356858,7,Malay,Mandarin,1.73318038993078,0
5.6999600924241784,1.7099460666818869,9.343216836845512,7,Malay,English,1.9638883491193464,0
6.289736885631041,9.144921923144743,-3.9788805235345244,7,English,Malay,2.1973904768337937,0
13.977514609883997,8.269799722334604,10.468698147813523,6,Malay,English,1.8936224215043407,0
1.9935001085468045,5.084695573788712,25.600036764662775,7,Malay,Malay,2.398216756413448,1
21.278797322830048,28.10063213504188,-15.313255677608401,6,English,Mandarin,1.8299980228410753,0
6.810408415834663,10.781880690129935,-11.423324910525047,7,English,English,3.150999359238604,1
6.820267898711646,12.655295683978993,-11.847530132701678,7,Mandarin,Malay,2.130752597064088,0
14.021564977378162,9.300353342676019,25.254943132015498,7,Mandarin,Mandarin,2.247857807178916,1
10.580316649631769,7.785967843537861,-20.517713060887015,6,Malay,Mandarin,2.2304447781986805,0
4.299718619152017,6.605461335934711,-16.27385900389389,6,Malay,Malay,3.3192020037694867,1
4.609823621986589,12.7050775803467,-11.81337782923542,7,English,Mandarin,2.152473061879216,0
8.73932360062314,11.837033920306322,-15.077496954139757,6,English,Malay,2.2264781016102395,0
32.153816760099474,27.41103196584512,29.99552222463274,6,English,Malay,0.6727590752898269,0
8.034739596601135,3.3913941634245877,-14.582681841565062,6,English,Malay,2.3196297229278593,0
26.63930325768387,29.25851121713244,-17.078119436656497,7,Malay,Malay,2.605218043380669,1
35.74462671397778,29.886623073997633,21.744631699893954,6,English,Mandarin,0.8671740049129832,0
24.15884748451596,29.635826718443358,-17.46291885604494,6,Mandarin,Mandarin,2.754150893989372,1
1.146386407722935,13.359508847261804,14.218079363055992,6,Mandarin,English,1.839808269743193,0
14.175891456586662,9.31577783280506,-29.470211366360065,7,Mandarin,Mandarin,3.031849269218216,1
5.814352089511193,6.621779143049238,16.71447120855202,7,Malay,Mandarin,1.655632195375075,0
10.225701613534829,6.907500846917621,18.161568415095942,7,Malay,Mandarin,1.5580130808671175,0
7.9923242898663505,1.0535810313519205,-18.18384801993392,6,Malay,English,2.3314281200547042,0
7.715528128204342,9.634535539182258,12.395462006614379,6,Malay,Mandarin,1.8751581930946308,0
5.448179602649837,1.816830223901767,23.84684357547181,6,Mandarin,Malay,1.5752103765929708,0
10.549793649634118,12.335951737528301,-26.5636642161514,6,English,English,3.1650969987412045,1
14.27873612873168,7.08902899607374,10.281381246876057,6,Mandarin,Mandarin,2.9089740051112836,1
7.507750892117605,11.722916578607046,21.686842846830206,7,Mandarin,Mandarin,2.4136538256536966,1
13.637187118354989,12.01911189914292,25.765746112049037,6,English,Mandarin,1.3241358959033047,0
4.461039432468803,5.6320090190640295,-6.03349738436442,7,English,Malay,2.2439578575367904,0
24.04796382774095,27.94533098530255,19.733351888230434,7,English,Mandarin,1.0322147645979247,0
7.610416906168961,11.98128876996522,29.928991293759868,7,Malay,English,1.121568247957063,0
8.820971015404519,14.278466750645398,9.712523649910342,6,English,Mandarin,1.911567294592639,0
6.441198124220264,8.009213494012501,7.297894751981638,7,English,English,2.965069567498315,1
3.1449796916652177,8.624497705954376,-13.39845073676765,6,Mandarin,Mandarin,3.320143723567912,1
8.302918216814529,4.309368854234486,-20.473677700692527,6,Malay,English,2.288131536953868,0
27.253426193866602,27.577635956487423,-26.615316251722206,7,Malay,English,1.5900213123776412,0
4.910782009135936,11.961942113544266,-11.069295943018517,8,English,Mandarin,2.041875105629803,0
6.296292759039695,6.68830973453657,-13.855995084246686,9,Malay,Mandarin,1.953967324783415,0
30.6332642541157,25.891667762972784,-26.6247281684002,9,Mandarin,English,1.3286408525061781,0
14.594044437999477,8.414127211246639,-20.567086948888072,7,Mandarin,English,2.0663613270112453,0
30.082550272553718,28.048052784912954,-8.352391139092585,6,English,English,2.717071537531321,1
8.045787012604684,4.819605849568366,-22.57363544205084,7,English,English,3.161100619904767,1
34.8639519891759,29.039039504749802,7.874373135008232,7,English,Malay,1.2620170725914235,0
5.157263871580669,6.905319366049679,-1.653608174536906,7,Malay,Malay,3.2388621403752405,1
22.99235276321775,25.982236059629596,-28.043413075485148,6,Malay,Mandarin,1.7938616858374241,0
36.141415102986315,25.130116411398497,-4.442437229926739,6,English,English,2.6812458301209245,1
4.57161232301464,5.835691252913031,8.78285369881354,7,Mandarin,Mandarin,2.9535270847822495,1
39.600850336508934,28.562070743849628,-0.010714347201751906,7,Malay,Mandarin,1.4713188464815279,0
7.444809115198695,10.134015193331301,7.719606295580637,9,Mandarin,English,1.6840255365693777,0
14.885190611770852,1.9312047092335243,-20.458442686476246,6,English,Mandarin,2.2461412378350354,0
7.61078313323326,5.967082417278288,-21.00363151842673,7,Malay,Malay,3.159209239433462,1
12.280991675450391,4.878718900341623,26.821674738983408,6,Malay,Malay,2.3721442783776605,1
32.46641351851182,25.305849646999544,9.67502383715399,7,Malay,English,1.2943611831249893,0
8.967257334132597,4.533549943516203,-15.244486156241251,6,Mandarin,English,2.2966769733693746,0
14.51163057100122,9.266776681548475,23.503865126402662,8,Mandarin,Mandarin,2.1870806480504097,1
4.015193017048967,2.4808604807318684,-3.1864819389035013,6,English,English,3.40691785855918,1
1.8707637168874471,1.032388781858274,19.12647660939411,7,English,Mandarin,1.666541793683749,0
11.022895530680021,11.543760030648766,-7.414365349595894,6,Malay,Malay,3.2321188932213927,1
8.42131293620019,1.6498298267556015,10.924521871343982,9,Malay,English,1.6469303068734027,0
9.222915657228137,2.344100773152428,-12.124269434955515,9,English,Malay,1.9739156042463426,0
8.45270506931309,2.7789728039951784,-21.17528981579674,7,Mandarin,Mandarin,3.1820989218809284,1
6.327028207879468,1.9282291821144892,-28.335461591770557,6,Mandarin,Mandarin,3.3054958874608253,1
4.913778725225769,10.225268751932981,13.88615436996418,7,Mandarin,Malay,1.7275941222796662,0
35.04168928897698,28.914382730261917,-27.755087054538187,7,Mandarin,Mandarin,2.444277478407823,1
20.094807834407554,28.82066242787311,-23.784165674688946,7,Mandarin,Mandarin,2.691478799226671,1
10.419697676075186,6.775551409932753,-28.144975761787638,7,Malay,Malay,3.099230923267295,1
11.243177927561014,14.239206385701436,24.05367265381228,9,Malay,Malay,2.0332976139839456,1
1.5492877298525785,6.006585656868877,7.479587725815838,7,Malay,Mandarin,2.0276556957292313,0
14.848101350405937,7.226908185928231,27.880343803123235,6,Malay,Malay,2.285937871527345,1
21.405857178654323,27.786527402747602,-18.266119565083823,7,Malay,English,1.7055647301834687,0
9.780035845642717,3.4837962717760322,8.306876312921457,9,Mandarin,Malay,1.7066210078735615,0
21.16905958305945,27.213471879963112,22.042223724107014,7,Malay,Malay,2.007571680231459,1
12.736863092947324,4.282866354564508,-16.705384565647318,8,Mandarin,Mandarin,3.021618090306057,1
6.285650328089111,3.282809893367088,-19.470324659633732,7,Malay,Mandarin,2.204414315586659,0
2.278198197174002,7.118819032947529,-18.341698798524945,7,Malay,Malay,3.2098908317037016,1
25.665995606144186,29.170994929997732,-18.741436980528285,6,English,Malay,1.733675357280476,0
14.705335218694222,6.943011430425499,-0.42708647440181835,7,Malay,Mandarin,2.1470929119274635,0
11.400897633011944,4.110539994895489,24.876919013381876,7,Malay,English,1.3391934582525602,0
12.687101469294173,10.997111468659366,-7.991213060941252,7,Malay,Mandarin,2.1015204937506606,0
5.04775271329363,8.13968417219271,-14.640533533914798,7,Mandarin,English,2.1843238526987543,0
11.196889113078504,4.925554806088331,-16.398268183942655,6,Malay,Mandarin,2.266614666861856,0
35.57882736339347,26.01534135930405,14.427143080015776,7,English,English,2.068585145401931,1
1.9880325484056893,14.227856183316927,-20.781164705302793,6,English,English,3.251070563665098,1
6.90574181421327,9.101140648197841,-6.7737273819195885,6,Mandarin,Malay,2.299852084102824,0
34.80737641020671,26.513637771414267,-19.60206467825568,7,Mandarin,Malay,1.5124440082472659,0
9.228010149472405,7.8168362922486905,-20.844489819223504,6,Mandarin,English,2.2425699028520443,0
8.14889724693307,6.114556965233103,-19.31182461560998,7,Malay,Malay,3.1579927091596387,1
10.080005962208352,7.9783013399005,-9.256597062296017,6,Mandarin,Mandarin,3.271061603437925,1
13.886775134068671,4.882111708302964,9.641692706505008,6,English,English,2.9573518868486084,1
12.159701450586482,12.735637513061013,-0.2086817647298247,7,Mandarin,Mandarin,3.1153510044810924,1
7.271262772040698,9.843403585769387,21.164419660758668,6,Malay,Mandarin,1.5705986482953458,0
22.70822534873329,25.302778901854342,16.122105661102957,6,Mandarin,Mandarin,2.3380551246300336,1
33.251309623086954,26.265236231486522,-13.435506938322806,6,Malay,Mandarin,1.6785687080233367,0
8.508069377745738,1.3461932286602234,-17.52275619419438,9,Mandarin,Mandarin,2.973048186621959,1
7.407315900972096,8.731278886576977,15.057979195447706,6,Mandarin,Malay,1.7940847802838396,0
5.430454821455898,3.2028716234550343,-13.131710096706339,7,Malay,Mandarin,2.2348943685618696,0
4.41452967281378,10.602426168070167,-7.601975747262209,6,Malay,Mandarin,2.30699052243362,0
22.57083078094642,28.25138913079885,-8.169591175490783,8,English,Malay,1.596366830787882,0
3.9388911657287444,6.770937397624331,14.790491303244163,7,Mandarin,Malay,1.7402345187529238,0
20.365444802238507,26.102913175484687,-0.7367061680641669,6,Malay,Malay,2.9238698553418696,1
34.80750851325166,26.964134336853043,13.807719113481605,9,Malay,English,0.8525042755820706,0
37.92662114470304,29.564889048683813,25.789650820821596,7,Mandarin,English,0.5791609515963376,0
14.950071006431795,11.89999922603119,5.258603651706757,6,Malay,English,2.0299481698656336,0
10.75725280613071,11.916043888089144,-2.0336017474661894,7,Malay,Mandarin,2.1314883605662476,0
29.87056211005252,25.5593774659267,-10.208053227783132,7,Malay,Mandarin,1.635396318058824,0
6.392979423932976,5.210022241785715,24.213472584889914,7,Malay,Mandarin,1.4014984428716661,0
22.285135536321135,27.265911990902158,28.396275233010844,7,Mandarin,Mandarin,1.7670029608655917,1
13.601104685169162,2.37876531642259,-27.189339190220156,7,English,English,3.1145701693500154,1
1.7792867546626854,7.137028461562303,20.067683508442656,6,Mandarin,Mandarin,2.690967925042257,1
11.597760049634253,12.348511786865734,-23.507607743856592,7,Mandarin,Mandarin,3.0471785891554783,1
35.08911889383291,27.313871993966305,-20.03750882134908,7,Mandarin,English,1.4941617790075152,0
24.47858343135494,28.966681248542976,-29.968301528323668,6,English,English,2.717901544329398,1
27.508371956128933,29.056107788553284,-9.675109582303126,6,Mandarin,Mandarin,2.737024394252822,1
1.0875516348247811,4.107288059605846,-27.661091884667783,6,English,English,3.3383479634401345,1
2.295395601495387,2.0472695025452294,-18.49779170662285,7,Malay,English,2.259914043270851,0
2.029126973844104,14.980345109057751,29.087871591277874,7,English,English,2.176829773476256,1
29.86192790692202,26.14590164662978,-14.624845060293916,7,English,English,2.6116842789659924,1
6.360780675372101,11.044904368615537,-28.008876216469304,7,Mandarin,Malay,2.0975802288385594,0
5.788921878315094,9.439734685989453,28.724957724869196,7,English,Malay,1.2073399139865328,0
10.38026895323729,9.63979542679731,-10.96774049627507,6,Malay,Mandarin,2.2457402212120705,0
12.150639676215242,1.2012090980107781,8.899273972224854,7,English,English,2.92000692322987,1
34.194810959439145,26.176548679628166,12.41541261271528,7,English,Malay,1.1580171863916962,0
9.572677719134983,4.642748856654782,-0.7858490255510553,7,English,Mandarin,2.2202262374902655,0
7.548306619141748,3.365780353823486,-24.06722476840687,6,Malay,English,2.2931350477089913,0
37.24470445882649,29.147790110629796,22.682479163579185,7,Mandarin,English,0.7050077581942977,0
10.090689166614686,3.464004129258199,14.834230862285862,7,Malay,Malay,2.710254986861266,1
8.444213723608515,13.868916007188634,-2.987500841983632,6,English,English,3.249410366552083,1
10.865776323780118,2.887971041982821,-5.062919666626431,6,English,Malay,2.328086127453616,0
22.21237897101541,26.955761418909603,-29.02513842925052,7,Mandarin,Malay,1.670078465836998,0
31.602395353324184,26.831539491083472,29.12758204503108,6,Mandarin,Malay,0.7207289752886821,0
6.785323836778934,7.757277098999475,-0.73992004106492,6,Malay,Mandarin,2.3346075905053327,0
4.874796988345241,7.4212148670737985,-4.421242302948183,6,English,Malay,2.344802407102649,0
7.363643382080783,3.5251104068190084,-9.94642156709607,6,English,Malay,2.340457723554015,0
31.653594772340018,25.79659351940828,17.566177879772546,7,Malay,Malay,2.02318084522521,1
11.238416232312785,1.7341704513160907,-11.03690779411313,7,English,Mandarin,2.1984844405166677,0
1.5816277525864222,9.177597764698033,-15.867304275022283,7,Malay,Malay,3.2045167305770814,1
14.791568521897718,11.169994711372558,-28.217150740670416,6,English,Malay,2.128827198531729,0
8.617977563272774,6.351713679165103,-4.37540324540204,7,Mandarin,English,2.200718410090948,0
2.435893435612268,9.355240915675616,-15.137086884732566,6,Mandarin,Malay,2.3141317002046793,0
39.228734781306585,28.654603209625872,14.243828224185616,7,English,English,1.9771696434056656,1
14.29068150089909,13.429715189831056,22.58446819256811,8,Mandarin,Mandarin,2.1798396463528147,1
5.363867301230606,9.542778168974438,-5.608962071586227,6,Mandarin,Mandarin,3.314737005059329,1
14.798467481968908,1.2798792650585333,5.779765581022121,6,Mandarin,Mandarin,3.1194247371939516,1
1.3766802308872712,6.7927347469023625,-17.905175787021875,7,Malay,English,2.2236219309320306,0
2.023120801342837,3.443855229535522,19.444197106833897,7,Malay,Malay,2.62978334095203,1
8.93127438337743,4.655330697770463,-28.917451312662106,7,English,Malay,2.1327424448129806,0
3.299495711708743,6.821685862400878,-1.0366760601246199,6,Malay,Mandarin,2.377832597391822,0
8.644350912350703,14.841155496573194,-25.322422997972424,7,Malay,English,2.0457368592508534,0
30.480001446385156,29.156501316459092,-11.742216544236406,6,English,Mandarin,1.6823470129860794,0
14.236804203539936,4.245253703545504,-23.691026411677996,7,Malay,Mandarin,2.1012093328902193,0
11.005205446094816,7.107823458092501,14.355815447844563,7,Malay,English,1.6814161702835673,0
4.209819424001249,1.0433694453485178,-1.7446591826575997,7,Malay,Malay,3.306652580697644,1
29.747720386521152,27.26242831455153,-5.264402493630389,6,Mandarin,English,1.744794123004546,0
32.84821152104915,29.70661964995007,-24.567957272714487,8,English,English,2.3591983242087413,1
10.429981749450816,8.20662022496152,-28.880426914178297,9,English,Malay,1.847365890541949,0
9.577305588055085,13.375456518382,29.643694388011646,6,Mandarin,English,1.2154430753552217,0
2.703428689989277,13.072029718560172,24.31333818250144,7,English,Malay,1.3562785795269554,0
21.834341371533334,29.930985102495075,-24.59237244017924,7,Malay,Malay,2.6444536800478495,1
4.263382371266795,3.4373334519277203,-24.696128166210606,7,English,English,3.2056724145473527,1
13.592991366352518,5.697953567587383,-16.72428320216249,7,English,Malay,2.116342939986726,0
4.9341569189932475,5.614282545996249,-29.57757612128948,7,English,Mandarin,2.160923684945807,0
4.459559405898219,9.201681902407223,-26.666809385489035,6,English,Malay,2.2569982222986487,0
8.153662717213532,1.880125965889981,-29.005489127611348,9,Mandarin,English,1.9329771494102603,0
39.37076307627187,29.83044611290596,-12.991406883488015,6,Malay,Malay,2.5293987230011625,1
4.95236173061311,2.2168951886312254,19.128572047650664,7,Malay,English,1.6238074091397836,0
2.8443550797890835,7.265556507406859,-28.09750861412532,6,English,Malay,2.287742522080956,0
11.062634314635226,1.761918402063311,-0.37544764515270046,7,Mandarin,Malay,2.2355029806825057,0
13.608664752162836,12.240171179317594,-20.92312514921097,7,Malay,English,2.036767890187826,0
38.948621951809294,25.65724892664,-28.84779650635968,6,Malay,English,1.5480271313140344,0
14.093286143173819,5.009866271544272,-19.134955774199447,6,Mandarin,Mandarin,3.227685289938821,1
5.764239026025241,7.840525200719398,-7.304948312493604,9,English,Malay,1.9696025300242417,0
1.4447459129852944,1.9018615508906307,21.61713748340658,7,Malay,Mandarin,1.5749341134420105,0
3.3120204420126123,9.70730189262567,-12.543417952677348,6,Malay,English,2.310495383478026,0
10.190689065308742,1.0136533368947203,16.137213314734264,7,Malay,English,1.6881541099622663,0
11.959266851222637,7.633757581044176,14.037820935464852,6,Malay,Malay,2.795246022936062,1
1.5971185393173521,4.844669550951427,-17.24399512152356,7,Mandarin,English,2.2431021353589005,0
30.2747614148458,25.45076122779327,-16.232974960413685,6,Malay,Mandarin,1.7282152868020135,0
29.152044967030037,25.59507397019702,-29.2069639792181,7,Malay,English,1.5826882699346299,0
7.0478246084125455,1.414413142106565,-9.843805090196934,6,English,English,3.365064938860819,1
28.450228313385644,26.579049535147284,-0.6689967264745889,6,English,Mandarin,1.7909256888234613,0
14.020619279107335,8.595289102308692,7.747019572607467,7,Mandarin,English,1.8676952311445785,0
6.750561661029841,1.8769635868477395,-25.451739230521696,6,English,English,3.3113856167528186,1
11.790176173971679,3.136756869068206,12.749979466656598,7,Malay,Mandarin,1.7694813882366203,0
22.479876324025906,26.89412728316397,21.837340249816986,6,English,Mandarin,1.1168197018112298,0
7.310527605920035,12.509502435678254,-13.174146356835692,6,Mandarin,Mandarin,3.240385878394565,1
28.279597093435573,26.45314671487003,-3.034514202544269,7,Malay,English,1.6701533823067654,0
31.392152180009063,29.927813959035575,21.382676557686583,6,Malay,Mandarin,0.9469068472069422,0
38.51650770869561,29.544212502549215,19.57774319417911,6,Malay,Malay,1.9052233404732561,1
6.2915335016056195,9.815783353846783,8.298079824367495,9,Malay,Malay,2.6784940375926136,1
12.964086735659624,7.845749547885653,-4.881742641000098,7,Malay,English,2.140629161694547,0
10.7130700109723,10.400277692275333,-21.84976124582279,7,English,Mandarin,2.0810339854814477,0
32.30763417293251,29.92031310674201,-5.398252298951604,6,English,English,2.6631822013196684,1
4.389516592094282,9.134957719394205,-1.3381234982404955,6,Malay,Malay,3.3427948452243137,1
13.43711752951732,5.15077759998391,22.710479312130442,6,Mandarin,Malay,1.5017542727804223,0
6.089086054967951,9.847018439204167,-22.58635943341652,7,Mandarin,Mandarin,3.130351090280224,1
9.379115388629312,1.1184143464094403,-22.798494944996424,6,Malay,Mandarin,2.3015297194996243,0
38.603460889271076,25.42121857072511,12.387297221276864,6,English,English,2.219671805655369,1
14.12922893436754,3.7247590226404297,20.096499497930612,6,Malay,Mandarin,1.600582638002349,0
13.364292608323842,1.0330486175541713,-19.81298154724644,6,English,English,3.272483315917065,1
12.131629183920953,7.49330388100087,11.252803617867542,6,Malay,English,1.8924025427254179,0
7.517457515529457,14.029185362199897,5.8738381851686325,6,English,Malay,2.0614492347418043,0
5.494381341568918,2.754584774753147,-24.025103359713086,6,Malay,English,2.319926660971069,0
11.017208587081958,11.177706268233827,-8.625307099814304,7,Mandarin,Mandarin,3.1142998277807945,1
8.66577442135422,10.651291977988274,-2.836634771123318,6,Mandarin,English,2.279873886769497,0
28.359312976671273,26.645241580032078,5.569709224360166,7,Malay,Malay,2.4811004395986753,1
9.433570744495498,4.891300212607859,17.916286648474234,6,English,Malay,1.7121812577323683,0
36.931831240534876,28.044237884455523,-9.419439072410288,6,English,Malay,1.607029683369893,0
14.580549301161696,14.75240024417546,-29.56806817402137,9,English,English,2.7381102772998904,1
34.53786301277991,27.573825568098872,14.867571834499955,7,English,Malay,1.045119830089943,0
26.805509501453805,25.917280469912683,26.386125301954717,7,English,English,1.7880199926547728,1
4.861421869692709,14.998580951085659,-19.421886921149266,8,Mandarin,Malay,1.9841603487217185,0
9.052228976073998,7.292047085265663,22.851861455820796,6,English,Malay,1.5192420884328754,0
12.556020563959498,1.1918808011449686,24.8461731821839,6,Malay,English,1.4754049249725187,0
12.540665443787216,14.735383561831398,-25.154598786895395,9,English,Malay,1.773390847320829,0
1.096161871209588,5.090506413393005,-20.15969566787186,7,Malay,English,2.235934331594401,0
30.99281221127078,28.907110260272837,-0.447243145782636,7,English,English,2.5983992844011574,1
12.718174923367354,14.335437648154036,-1.6206817645328897,7,Malay,Malay,3.0890616017363435,1
10.653549910687067,5.611207754819807,22.089640779608306,7,English,Mandarin,1.4292149960586407,0
14.210999040236052,5.99632038891685,-8.24858755924128,6,Malay,Mandarin,2.2529315138443335,0
9.871884135219615,11.635023873019724,23.03096845579968,9,English,English,2.1088470239646178,1
30.542477800051437,25.65859063379892,-4.7477857184738745,7,Mandarin,Malay,1.641601871967415,0
23.718903794058356,26.202739028085507,24.879660122229033,6,Mandarin,Malay,1.0018196740441905,0
9.266523788446491,11.857951856405206,-14.057047554952627,6,English,Malay,2.2243984183683074,0
32.033127530943005,28.00816210172018,-23.356470808925863,7,English,Malay,1.5198361474621533,0
14.178010441295541,14.19697697899317,-22.122339957690187,6,Mandarin,English,2.1250089926048124,0
36.06242276715737,28.389907017111177,-1.1672863412796204,6,Mandarin,Malay,1.6426839155515571,0
12.901497147026099,7.378626039481482,-9.899896975035077,7,English,Malay,2.129199111551474,0
3.7937282500612097,12.238049237081256,-2.384772095378196,7,Mandarin,Mandarin,3.196732984810648,1
33.69569612528128,25.177611567687066,28.55075133930394,6,Mandarin,Mandarin,1.7340833612337434,1
5.101156683413574,1.2978134158935075,-20.64157442810037,7,Malay,English,2.2322050509132616,0
11.574506135744066,3.447540052882268,-5.872926025932262,7,Mandarin,English,2.1952031180272957,0
12.476476530221907,14.137317472877628,-18.975480252100994,6,Malay,Mandarin,2.1531104591286683,0
28.81077065895138,29.659894624738968,-12.471812793218938,7,Mandarin,Malay,1.5805502751651983,0
9.048429749241308,6.344456104111238,23.203590570935837,6,Mandarin,Mandarin,2.5164454714837206,1
14.937204599098486,5.218679250663881,-28.318043997645947,7,English,Malay,2.0690476815102232,0
5.926746386577671,10.358933612939733,18.14857954795786,7,Malay,Mandarin,1.566942915826301,0
5.345634253559726,1.9031291943229698,-28.1757741087797,7,English,Malay,2.1985931184919076,0
26.00818928145557,27.84629712850567,-15.223688335310303,6,Malay,Mandarin,1.7606845836162355,0
26.605434697141526,26.165497450754273,-14.67734534374635,6,Malay,English,1.7793610154424666,0
14.147358490875265,3.374140255617612,-29.771634408492105,7,Mandarin,English,2.090546231173431,0
9.345210508667261,5.069160676621699,-8.36562792807182,6,English,Malay,2.3104708617202045,0
12.798128069243408,4.697186482827957,-21.196549901128517,7,English,Mandarin,2.1193916881421915,0
13.381428749135672,3.726985013918786,-11.799724100906388,8,Mandarin,Mandarin,3.037083448699767,1
33.63932889077408,29.29794259145292,-3.6816674738438913,7,Mandarin,Malay,1.5403702186969892,0
3.6650187475454405,9.175355395236787,10.892474733261515,6,Mandarin,Malay,1.9728596429080247,0
10.542669964530749,11.829845924602836,-20.15616408779232,7,Mandarin,Mandarin,3.07408762748269,1
3.2204453824040296,3.914859752299673,-29.902095496363362,9,Malay,English,1.9589732969984184,0
13.85642083459203,11.89415738595634,-9.709269678196751,6,Malay,English,2.1926299855338605,0
13.61521794168244,8.446863802959648,-1.0813874749595982,7,English,English,3.140774557637047,1
4.885141382322945,4.5465355802585234,-8.064756374506391,6,Mandarin,Mandarin,3.361300709125831,1
11.280363767736358,5.450352806755776,-14.299478753605127,7,Mandarin,Mandarin,3.150027905076395,1
7.693929300617225,6.6441894176763565,-4.455309251419703,6,Malay,Mandarin,2.3242677819789987,0
33.72974452519704,29.59104329751836,21.903637258626762,9,Malay,Mandarin,0.5450493298169348,0
10.73102327228118,14.562532794485984,15.586334497369643,6,English,English,2.684042731924391,1
38.856292765868844,28.472875304409758,-14.973503127580019,7,Mandarin,English,1.4344123751481772,0
6.634841741170803,6.3026583789162,-25.58895413938419,7,Mandarin,Malay,2.150328485001183,0
14.344363747170387,8.104251310168994,-0.3703902708914093,7,English,Mandarin,2.1392792151903017,0
35.60458635491894,26.12030631570626,29.523089027413857,7,Malay,Mandarin,0.5381935536085676,0
13.535043713343182,7.816270308383697,-16.54221851455391,7,Mandarin,English,2.096346131400885,0
31.45984666261232,29.211142822610604,24.205815241979213,7,Malay,English,0.7406921856494821,0
11.201029101154104,13.636483736788177,21.298685948960447,6,Malay,English,1.4886708634069616,0
2.2404623498519314,9.358704207483559,6.534791935559335,7,Mandarin,English,2.020290616682068,0
8.97252228613344,8.620802610335215,-14.506929253222134,6,English,Malay,2.25821032019124,0
34.35201498700201,27.87610949297522,27.04286323215636,6,Malay,Mandarin,0.7346734060748816,0
14.640428469343671,6.01396063500393,11.927511965274427,7,Malay,Malay,2.740993190171919,1
9.629236356653028,5.548336384204149,-16.383995218989337,6,English,Mandarin,2.276110955194797,0
36.11569670463109,29.18539125797468,-9.966925677169375,7,English,Mandarin,1.4826488794355677,0
30.077161996061367,29.611305647829493,-23.72516518380062,7,English,Mandarin,1.5240955082601402,0
9.308463977013309,8.739924346930422,7.6540405607589275,7,English,English,2.916624697134,1
11.294653454163967,4.445626437166332,-9.964875167882962,6,English,Mandarin,2.291880950527087,0
3.8905407664944054,5.850241840582104,5.166118319777967,7,Mandarin,Mandarin,3.0867780327370062,1
13.96217030819645,5.5361844785681775,13.191150405278652,6,Mandarin,Mandarin,2.8258261879476008,1
11.431464870279738,11.566490651594796,-24.472299099598366,6,English,Malay,2.17094611444926,0
14.420114760207644,3.919451075178338,15.64367657756602,7,Malay,Malay,2.6340756614313294,1
34.834465597320104,25.987826893843113,-29.896766448065982,6,Mandarin,Mandarin,2.603386228643908,1
22.548175563677205,26.157686782239008,-13.010806485412719,7,Malay,Malay,2.7306505641121497,1
33.88121285265378,25.554246938681562,-13.019263613736772,6,Mandarin,Mandarin,2.6812175245334386,1
39.38334467549435,26.94117864982066,-8.12513549600692,6,Malay,Malay,2.5903680743972988,1
37.96322631644989,26.433744151666485,21.115828088110124,7,Malay,Mandarin,0.7908820318565577,0
13.38425541871075,7.481986856895762,-19.291077247661306,9,English,Mandarin,1.8570339864183971,0
1.752210620795303,8.021483659223627,17.43199610815832,6,Mandarin,Malay,1.7746431934142697,0
7.741195689498538,4.637745510987553,-26.210258634745244,7,English,English,3.153843059212655,1
5.896361328341473,9.255794520036904,-11.285165433769027,7,Mandarin,English,2.175861223403653,0
8.01401836411487,12.982864576910595,11.577993145032776,7,Malay,Mandarin,1.7498014105135982,0
34.40424608420925,27.870991996793137,-7.217014301284333,7,Mandarin,English,1.5388840266245707,0
33.29852104508659,25.751064925450255,-7.22751172152655,6,Malay,English,1.706525845831005,0
11.40766884108639,3.7613067519951797,-25.270768854757666,6,Malay,Malay,3.246574347886659,1
6.3626832497365875,1.662537975967062,-7.230830358931318,6,Malay,English,2.378145019879859,0
20.815046931877728,27.450140248725052,-23.88544494344271,8,Malay,Malay,2.583756716268036,1
2.8745350286154308,4.880613509561737,5.577729528710552,9,Malay,English,1.857227981113359,0
34.262823556569586,28.816693871149166,-9.879597631314535,6,English,Malay,1.634997736797771,0
1.7709842670832692,6.38275287906564,28.493683299977395,6,English,Malay,1.403683713039302,0
27.375382405714692,26.64498433380182,23.525294653434717,9,Malay,Mandarin,0.6329645378484168,0
29.41169712849632,28.73605332438886,13.318575129653945,7,Mandarin,Malay,1.1609959745283427,0
3.929218290125556,9.263179148180706,11.79768041097378,6,Malay,Malay,2.937657211232855,1
8.292731001384333,4.419763660031238,-20.103909075867115,7,English,Mandarin,2.170862023132954,0
14.695922638670531,8.046449313036486,16.74885215356873,6,English,Mandarin,1.6688664551080243,0
20.147434939242657,28.684476637662524,-23.63420135441238,6,English,Mandarin,1.810778482066767,0
4.9221212574875945,7.442487523631663,-9.983563128498556,6,Mandarin,English,2.3255753684271454,0
3.945664978777155,14.781257088047894,-12.350002918615896,7,Mandarin,Mandarin,3.1365641029363633,1
8.983445491351993,11.412136678106595,16.876116206114283,7,English,English,2.5703801110914144,1
4.121127463834116,10.298703275419031,9.4837673744762,6,Malay,Mandarin,2.0063698345008016,0
9.4513175952603,13.70976301595554,-8.738977553830633,7,Malay,Mandarin,2.1042592687084065,0
35.27344764135301,25.15374700967723,-11.940937284661743,7,Malay,English,1.5518849589239907,0
12.482037753946322,8.084375070405784,5.100608907024061,7,Mandarin,Malay,1.980814560010637,0
10.807755662389656,6.057835276800582,18.21713172861875,6,English,Malay,1.6762444801064416,0
35.487977268154154,29.08889516658054,-24.025938477277613,8,Malay,English,1.3295510783132012,0
26.164022648827284,25.762459220404054,-22.806194537435747,6,Mandarin,Mandarin,2.765400744687171,1
12.02339219365561,2.0004430150459673,24.3784792055782,7,Mandarin,Malay,1.3715148757177476,0
3.90438922898893,3.7555266634093147,27.192417926657903,7,Malay,Mandarin,1.336666213642991,0
7.5586393029127015,8.932991941203166,7.292546634817558,6,Malay,Malay,3.0623445553402266,1
1.2072402150788069,9.590795896511928,-26.475348575921036,6,English,English,3.2862684769643558,1
13.907051090576603,6.889866280276242,-18.530422964715033,6,Malay,English,2.2127627497424216,0
37.340631764914164,25.16791351912367,14.666439658220588,7,Mandarin,Malay,1.0459861297661355,0
12.29147304018267,7.611737665846879,-3.7528280725958787,6,English,English,3.270958466031052,1
27.206996771488033,29.562727119642126,-22.688003479839516,6,Malay,Mandarin,1.6904553945385103,0
4.427071563304304,3.03725851596933,-9.387544699820172,7,English,Malay,2.2590648835411966,0
25.862889899551682,26.9405613900297,6.743746794817031,6,Mandarin,Malay,1.5917485087879157,0
3.9374716309187257,13.464250758147845,14.331771849022639,7,Malay,English,1.689370761393542,0
5.407778409566742,3.245234691558448,-22.468273066126812,7,English,Mandarin,2.203575625434992,0
1.2182022025901083,12.013777726735636,18.325965319226547,6,Malay,Malay,2.7087714145338135,1
9.229536981832213,5.098049182143866,24.465405499771418,6,Malay,Malay,2.48293494586824,1
30.03964946096272,29.95161492486973,5.27830899818278,6,Malay,Mandarin,1.5312284057284313,0
6.709874915151207,5.4249967954858995,-25.314609891432283,6,Mandarin,Mandarin,3.276769249922188,1
5.90900548887101,10.45778286006539,8.309464198927067,6,Malay,Mandarin,2.0280008695481886,0
6.594644360748562,4.538324381460006,-20.272588879835,6,Mandarin,Mandarin,3.3035950163117977,1
13.968331492101724,7.966054281058477,-0.20227894757202947,6,Malay,Mandarin,2.2624818791098247,0
8.634311461520284,8.695692810639496,-0.737707488130269,6,Mandarin,Malay,2.306740932317968,0
6.774743361365786,5.794076825682237,-21.16278012158565,6,English,English,3.286269197724234,1
14.578918448595235,12.725579502201924,-7.328292056377052,6,Malay,Mandarin,2.185027380304105,0
23.194127080520182,28.740776264159003,24.5093796069052,6,Malay,Mandarin,0.9834621061744198,0
31.584538407994813,27.459022646153166,-10.874284953695007,7,English,Malay,1.5769636559787148,0
8.599885461955981,13.521727209385247,-13.26964967022645,9,Malay,Malay,2.8645517077191665,1
27.019311309964714,29.09370778022388,-23.339823588788988,9,English,English,2.345998068856659,1
37.79035531849024,25.047769943885502,13.723122493362279,6,Malay,Mandarin,1.1913754308731421,0
20.50219917529881,26.655966641183007,9.816606984604775,7,English,English,2.454513953949116,1
12.839363364914153,11.250974861072311,-29.12744626894392,7,Mandarin,English,2.027005130176989,0
22.357960546548142,26.293910523787268,-9.45507208393881,6,Mandarin,English,1.8608428764038754,0
5.265446049101909,13.149926836804774,-24.231192165395175,7,English,Mandarin,2.100075630589616,0
1.3986073848193272,5.771064280741424,-14.740541800821696,7,English,Malay,2.24416814400832,0
14.036952883954513,1.154934917272074,-18.757117040447554,7,Malay,English,2.1505573985195756,0
8.248547566718159,8.213517413311868,-23.56803164716691,7,Mandarin,Mandarin,3.1218192447091435,1
8.288497859552589,8.858468869048117,-12.912411893409125,7,Mandarin,Malay,2.150488959735963,0
37.50934541170603,27.655841872610154,-19.4673408853049,6,Mandarin,Malay,1.5705948392929543,0
25.721909179079837,29.5514240791079,-17.48114227238882,7,Malay,English,1.6135887861868947,0
32.70283060588,25.545397968586713,-24.493379593132616,7,Malay,Malay,2.543938512420076,1
8.337541075880075,14.253056445172216,-18.63539649615371,6,Malay,Malay,3.1944760364689646,1
3.803756361480396,4.258924310800978,-4.445907079292422,7,Mandarin,Malay,2.269553503012878,0
22.938531073276863,27.930594404768147,27.655823092718684,8,English,Malay,0.6549153509852568,0
5.796301055255423,2.868340175387977,-14.022682502523674,6,Malay,Mandarin,2.349111312685154,0
21.50325988271469,26.615580293415036,-1.0637279829472455,6,English,English,2.8971056150948247,1
8.2324249019941,8.487882155891121,6.790230226836867,7,English,Malay,1.9601388714818575,0
6.423359950982858,12.540569629163809,-4.821006168401222,6,Malay,Malay,3.276790683637196,1
9.569061835716623,12.81671293917929,19.133993921199178,7,Mandarin,English,1.4714524650090697,0
8.344224830419765,10.788784448780062,15.335847110798465,6,English,English,2.7544152583300554,1
10.715722512560998,14.526480247041794,-10.946066393166397,7,Malay,Mandarin,2.076091084426751,0
30.390841287217363,25.36094602975763,-12.776463055815043,6,Malay,English,1.7393284315498942,0
39.177906105111575,25.01123583326572,9.202755505568309,7,English,English,2.211072460485907,1
6.428913120980192,6.946703434313243,-22.11140724832201,9,Mandarin,Mandarin,2.9225391436193258,1
36.066724512873165,25.245428349050034,20.82185368881733,6,English,Malay,0.9666571874836993,0
37.51712836426168,27.527476995996558,-10.22568795784801,8,Malay,Malay,2.368276067869823,1
23.73321108654174,28.17367009277393,17.774739475479777,6,Malay,English,1.2196104111244086,0
4.6063504757025635,6.3431840697113655,20.092838829797188,7,Malay,English,1.5522552955029592,0
13.22699753355101,7.986221570322497,8.043781591879027,6,Malay,Malay,2.988835453245499,1
10.407402131847363,5.390075428443207,23.025103697673085,6,English,Mandarin,1.5186465949785364,0
8.56523684924918,6.563738700038445,-11.756571118642501,6,Malay,Mandarin,2.292021674111649,0
31.03384789005485,29.475570478617684,-21.49496848933111,6,English,English,2.6362591526339902,1
35.755023773524314,27.315487166134602,-23.700408617074594,7,Malay,English,1.4715684677706127,0
30.428528868974997,29.46198077764056,-8.239634617932715,7,English,English,2.57257106788176,1
34.654693855491594,27.006188362018882,-13.337902275739587,8,English,English,2.41053771347515,1
9.81765746227848,4.785852209872422,-29.469215707738016,7,Mandarin,English,2.1207341842526977,0
13.33684385961129,10.802732380543526,8.124970500296486,7,Mandarin,Mandarin,2.839230270088075,1
7.786917758260358,13.736000177824002,-25.476206784048077,6,Mandarin,Malay,2.182350131358996,0
22.387136810227517,28.829808419899464,-6.743470263781749,7,Mandarin,English,1.7124803955409744,0
10.349822407027803,6.896018456194886,5.956443156337375,7,English,Malay,1.984066080895965,0
39.62898891579987,28.009721774109877,29.81858485703786,6,Malay,Mandarin,0.5533584748273013,0
13.247671574445288,10.585441909662963,-14.460447967970682,6,Malay,English,2.1959673719323485,0
6.205633568613077,9.59126845588807,22.684315886900446,9,Malay,Malay,2.1780799237134727,1
29.039045688155554,27.16085655008884,19.262574475901303,7,Mandarin,English,0.9832558585263196,0
2.712102448753614,10.76468346072238,-13.316263628123892,7,English,Mandarin,2.1858445954781605,0
12.237113731629822,11.825973196234662,-17.345056309794252,6,Mandarin,Malay,2.1840522763553745,0
10.862635149421946,5.171194821743182,-27.326624747825814,7,Malay,Malay,3.1135729511289294,1
5.93280031306174,3.841118401800596,22.651779540268066,6,Mandarin,English,1.5919485289419943,0
8.464207591014718,6.940889685194068,25.807450702380862,6,Malay,Mandarin,1.425188252654582,0
11.559026922871565,9.697601896779062,12.208088295303089,7,Mandarin,Mandarin,2.725150621467886,1
27.03343543020126,29.20434022139812,-15.148214540247775,6,Malay,English,1.7238627747298505,0
11.998384763318668,8.669553279612458,22.68752511275473,6,Mandarin,Mandarin,2.4817572406242734,1
1.0788217377750908,10.87977917130215,28.28305315007839,7,Malay,Mandarin,1.255507130656484,0
11.6766257706396,4.766171052930706,-8.463459246861923,6,Malay,Malay,3.289860500941424,1
9.835873412764055,4.264419734350196,-22.30781577879767,7,Malay,English,2.149637682599532,0
12.624961798626217,10.471543043797764,22.907559747966495,8,English,English,2.2147703603969324,1
6.942232848656732,6.2862731892139365,-14.355451774430183,7,English,English,3.1848634337065262,1
2.130176596713953,11.388741189945032,-7.895815676773349,7,Mandarin,English,2.203491436544166,0
1.444881073779413,3.60628394407217,8.830288349753971,6,Mandarin,English,2.122928257580095,0
14.327491840871838,12.451252137914103,-17.055670552916812,6,Mandarin,Malay,2.157860325035751,0
6.772028244121074,14.071621099620085,-4.247114048264258,8,Malay,Mandarin,2.024906459735041,0
3.5576669085595034,11.190193468043041,-25.86719438298821,6,Malay,Malay,3.2487974149573473,1
21.870216055439407,29.16580308511414,29.381061553505383,7,Malay,Malay,1.7094358812187007,1
12.312142763893682,2.327469037693649,-0.7321354616567461,7,Malay,Malay,3.216163430445271,1
34.78735482514756,29.562733431728674,-25.85933423604242,7,English,Malay,1.444467512995117,0
13.17421908775476,11.808429937063153,-14.891097984834929,7,English,Mandarin,2.065536516469038,0
4.868484081375455,4.26613510543374,21.744142699092997,9,Mandarin,Mandarin,2.277608813663653,1
8.88189159997964,14.006602052525924,17.64507441645799,7,English,Mandarin,1.518537458898915,0
27.424412728978297,25.799455915742307,-19.57396618615413,9,Mandarin,Malay,1.4034932671282767,0
2.3654139490704233,2.4987096235706394,25.129748735401897,6,English,Malay,1.5543175585345232,0
8.330053596263859,11.236146246211696,-2.711539360189658,7,Malay,Mandarin,2.160299537041279,0
9.462345916705617,1.5513327771460448,-13.117277210085835,7,English,Malay,2.2111389556945307,0
26.18403232219726,25.457467619325968,-18.099931021169127,7,Mandarin,English,1.6680213419501861,0
2.046633265174523,10.9328161940707,7.385176115369472,7,Mandarin,Mandarin,2.976724341369616,1
3.437425190919381,1.8385127190296866,-29.014676272150375,7,Mandarin,Malay,2.2155250333266747,0
30.536667978640224,26.267670420961732,-18.772549725219484,6,English,Mandarin,1.7029684591443488,0
22.130441100685317,26.221213181686476,17.760557448305406,6,Malay,Mandarin,1.2754103115835274,0
21.12344123674837,29.05662889365262,-8.754525716171603,8,Malay,English,1.6044060455843014,0
30.04041401088424,28.392867593592616,-21.574192792701893,8,Mandarin,English,1.4332905323991314,0
8.757332277278543,2.412794903867333,-5.606159287387975,6,Malay,Mandarin,2.352111530563915,0
27.884364384647533,26.440569338299536,-9.177506120347552,7,English,Mandarin,1.6560204550196649,0
11.467007661917984,10.09666787266979,-24.86098159773759,7,Mandarin,Mandarin,3.066493305994997,1
11.97593665714892,6.5874516786150075,7.135571377445891,6,Mandarin,Mandarin,3.047121118431755,1
10.17971457999256,13.656929919636005,-18.288531041805378,8,English,Mandarin,1.948171784864363,0
4.61529426277288,6.043389267017985,8.95673699053545,7,Malay,English,1.9449273700333507,0
12.479126914957405,7.02495417767069,29.761994897470828,6,English,English,2.24578936766224,1
6.220300242727589,10.120789121033713,7.486701619275841,7,English,Malay,1.9395545496877327,0
10.385114740205491,14.847858706150783,-13.507825080112333,7,Malay,Malay,3.067644181936063,1
3.4373641300468356,5.296760037665029,-8.617867127976822,7,English,English,3.2489325345629587,1
5.953376857941792,7.1527264279529,-9.832968025846835,6,Mandarin,English,2.318662407054897,0
39.7476996810944,28.542653987928528,15.810681057288576,7,Mandarin,Malay,0.915998439254543,0
4.2308566978505535,2.779165101627865,-4.400810109650113,8,Mandarin,Malay,2.1627304149730486,0
26.889361082211487,25.577709241404595,-5.549466376874747,7,Malay,English,1.6970140181541673,0
4.929463985971161,8.860191662957117,-1.1714420590325219,6,Malay,Mandarin,2.3406986366472755,0
3.06029638987232,1.9471586213402547,-16.206442600249385,6,Mandarin,Mandarin,3.3784039745537098,1
1.9230243383170318,5.180750685525533,10.973511947183443,7,Mandarin,English,1.909889331610154,0
4.206399898980355,8.217148667083018,27.512888911131704,9,Malay,Malay,2.042813402449757,1
5.563918276148163,10.662418336604334,14.01487716130136,6,Malay,Mandarin,1.8297159332269275,0
24.499901304993298,28.066386227587582,-17.388965987625717,7,Malay,Malay,2.656005640645545,1
12.15338058194243,13.241527217310272,15.214757631200817,7,Malay,Malay,2.5785344049154446,1
25.388869084698467,29.569806009191797,29.78896164508282,8,Malay,Malay,1.5166402854060301,1
2.5826093638008354,12.312157310400448,23.75976623737509,7,English,Mandarin,1.384460514949859,0
6.0157207654284,2.1502047307970535,-2.7179197361798124,6,Mandarin,English,2.391781012583813,0
12.660996323543428,13.822206906164903,13.299341838173504,6,Malay,English,1.7521910033668442,0
14.717185086527927,11.036085837919572,-10.11113799894002,6,English,English,3.191263497425725,1
33.27370779304357,29.59242519944514,-22.7971179468144,7,English,Malay,1.4777586491830164,0
14.57865474270362,2.68017275814821,25.983961810325393,7,Malay,Mandarin,1.2829730616300932,0
8.064596128457403,10.388960215916532,-4.877539186175412,7,Malay,Malay,3.1642059726023426,1
12.802562821805529,10.148963758359457,-4.47445659555288,6,English,English,3.2380698788798403,1
32.61248692829644,25.24246675927141,-24.892336554546706,6,Mandarin,Malay,1.666226265233789,0
3.318560526889794,14.621168703837595,-27.76160704557555,7,English,Mandarin,2.093064017540808,0
3.918456196050398,2.8096234543719607,-19.402913238948443,6,English,English,3.350542826032615,1
12.104553807415227,10.370257596346168,10.289559403096334,6,Malay,Malay,2.8976173068540145,1
14.508978858807671,2.1002308059164996,-6.5223514143848895,7,Mandarin,Malay,2.1771667319714756,0
30.694964714656514,26.90199910204113,20.030308498711914,6,Malay,English,1.0521530987297865,0
10.501749889754162,8.94200990967163,15.249741353504557,7,English,Mandarin,1.6368214546330826,0
11.2955907129399,13.426493030283922,15.45019584846527,8,Mandarin,English,1.4595223078714772,0
5.0700295050504725,14.586524921182601,-26.712891941156634,6,English,English,3.1968914826004804,1
27.276358476858785,26.6601826995631,-7.72633751491896,7,Mandarin,Mandarin,2.666899345539263,1
7.1478057576681895,10.994889882890297,-23.006161284033148,7,English,English,3.106885839314305,1
27.575330749456306,25.62732809035388,-4.288482419597557,6,English,English,2.807274809982072,1
2.2788300358804308,2.276710515764412,-7.765581297801777,6,Malay,Mandarin,2.4110593234908793,0
7.173305731722156,1.8695022502258805,-10.65569996307729,6,Malay,Mandarin,2.3565529203035953,0
14.042900177688171,6.367639320707616,-22.341243941971644,6,English,Malay,2.2039237918761367,0
34.322340866192086,29.22085154773999,-4.528668847003406,7,English,Mandarin,1.5281214440710456,0
21.99894313934713,27.078512769540005,24.144655332667394,7,Mandarin,Malay,0.9231766381072859,0
5.019897901086164,2.4189593443415873,14.98879321212702,7,English,Malay,1.7660036651212767,0
33.00103200515245,28.80850001926829,-1.2105643071058694,7,Malay,Malay,2.56614984304088,1
2.875970411766856,8.979106822993835,7.125576361583639,6,Malay,English,2.1145540549969657,0
27.663675221703866,27.621878838049522,10.085560321659965,7,Mandarin,Malay,1.3186745478124045,0
37.541329917901464,29.213876356833044,21.28162877608264,7,English,Malay,0.7483953396745711,0
27.66564218920351,28.09733890889519,8.970572953138827,6,Malay,Mandarin,1.467772462891939,0
26.40079254255756,27.99608833639284,-16.221144909540527,9,English,English,2.3964224810734143,1
21.87472070978995,26.408513084270943,-28.769174100055668,7,English,Malay,1.6846968939810896,0
31.1180357517177,25.977130798925337,8.39389913145444,7,Malay,English,1.3497331618335362,0
11.013155526049346,4.200155804658945,16.165891178502093,9,English,Mandarin,1.4120606954453438,0
30.51928588601345,28.887749361297658,24.61435325447435,7,Mandarin,Malay,0.7460548655796697,0
2.461510582115253,10.040188535187106,10.95112799769067,9,English,English,2.621693528907803,1
5.317080636291024,11.404272360943086,-14.595468313665922,7,English,Malay,2.1491349089821057,0
28.4261349612013,28.156148944773033,-27.5796456459906,6,English,Mandarin,1.677065653753764,0
1.6539634940308998,9.868997589176775,21.644361172042114,6,English,Mandarin,1.6097177481464493,0
12.149026231481658,7.110486740591135,-10.032079426237498,6,English,Malay,2.256464605525147,0
26.26179969842216,26.99015442437688,-1.9793811379283035,6,Mandarin,Malay,1.814204998741143,0
5.08880291473406,10.118994350567103,10.626616778477494,9,English,Malay,1.605990440100276,0
10.73518273704874,6.500549536591397,19.86769221226768,6,Mandarin,Malay,1.6147734498342299,0
4.7414057575692325,5.292073019666542,22.413903012224853,7,Malay,Mandarin,1.4801786067997726,0
4.828429895767178,9.110515260341167,-28.812728789256063,6,Malay,Malay,3.2470681191413964,1
7.226729392284438,9.954873969151334,-1.7886709057257733,7,Malay,Malay,3.1872217300332233,1
9.959438656901371,14.389914720665704,-17.469124861241625,6,English,English,3.1807760500201905,1
10.296758637570143,8.543539155435585,17.45969147388083,6,English,Mandarin,1.6830078204841137,0
4.316325018516837,4.707688443515857,22.070131435815785,7,Mandarin,Malay,1.5023052651261208,0
1.2347398704264207,2.4349289726810963,17.457957436592487,6,English,Mandarin,1.834774801288188,0
3.950663466289641,5.081054360421225,-0.2702736431585002,6,Mandarin,English,2.3912819095890296,0
10.31165298122043,7.05566184051556,5.690060348075564,6,English,Mandarin,2.1096747395999955,0
37.784949267731676,27.262039913669266,-5.838533191739263,7,Malay,Mandarin,1.5003628354279657,0
11.545401257887045,4.909586542886723,-18.99384476205926,6,English,Mandarin,2.2546373061187315,0
21.45734155998875,29.203114464862463,-7.101488909807351,7,English,Mandarin,1.7199434988029565,0
37.62851704100254,25.644874048438012,-18.132125695906986,7,Malay,English,1.4869734974001239,0
8.911765999919819,7.200411315670165,17.318452404643445,6,Malay,Malay,2.71523239268158,1
9.500674453411671,10.495760695883105,13.881518211199127,6,English,Mandarin,1.7966825111150828,0
21.421330079619366,28.521118138447804,-15.386439379405989,6,Malay,Mandarin,1.8209960075653795,0
26.529612634505632,29.656286788282653,-28.592832237077534,7,English,Malay,1.5623543459663685,0
8.686104965035344,7.374205461645726,-22.784349682214703,7,English,Mandarin,2.1284490634591404,0
26.576246448496335,26.236630431547198,-9.43845511691616,6,Mandarin,English,1.7961715092540467,0
1.4841022499368324,13.067029210331308,13.127325234822067,6,Malay,English,1.8775323021785462,0
12.51253577482955,14.307013035877867,-16.514174040856936,6,English,Mandarin,2.159257265090069,0
12.149199878930853,14.21228520326257,-24.235003579784564,6,English,Mandarin,2.138101803912117,0
14.230549833317202,11.428685544260498,-3.7039089189793017,6,Mandarin,English,2.2135612831609586,0
10.495741558700512,12.399111790433436,29.608701548572387,7,English,English,2.099746912308627,1
12.631296380035698,8.521561432390458,-26.141906037009342,6,Malay,Mandarin,2.1838317350857075,0
12.86340831355774,6.414242376006108,-27.246956621653723,7,English,Malay,2.081400304365516,0
28.440986885363436,28.43169430044301,-12.846681452816355,7,Mandarin,Malay,1.6041582433780674,0
8.955371434193754,10.439138223130612,-4.315280796833285,6,Mandarin,English,2.274170634103979,0
35.29755706157702,28.534112255173618,-12.52462376396619,7,Mandarin,English,1.496980842526214,0
12.748539338786289,3.660523165835806,-25.597590316252656,7,Mandarin,Malay,2.115584073899604,0
14.82531172599479,14.156369445391636,19.553615199180015,8,Mandarin,English,1.2733066563148352,0
20.54224299033414,26.90196614288891,-25.886749935554967,7,English,Malay,1.7073564692535692,0
12.296303313168465,11.776065705874483,-20.032612704719938,7,Mandarin,Malay,2.057500934127171,0
31.18826516936768,27.801661933870054,20.546803589556873,6,Malay,Mandarin,1.0124074527595894,0
7.158088303557495,2.828438404560112,19.17982710365215,7,Malay,English,1.593840784290999,0
33.343986933762196,29.617975617378285,-3.306351657426255,6,English,English,2.6587371881241717,1
6.548211076416922,11.989823686855932,-22.13640540976033,6,Mandarin,Malay,2.223331634334737,0
13.080250688097141,10.459948994318394,-23.38060365387272,7,Mandarin,Malay,2.051662657662936,0
7.664732865480844,12.441453094754436,-5.158679754492169,7,Malay,Malay,3.146742541216007,1
3.8307841601610435,6.679277252798189,-27.470728400891616,7,English,Malay,2.168330291200769,0
32.38252531491133,26.142869189126422,-17.206406450625998,8,English,English,2.4464169528795483,1
4.164170704216749,9.117159055894637,-4.59411381375601,6,Mandarin,Mandarin,3.3343729896863663,1
13.700851496468786,14.93599675730974,6.180219816760153,6,Mandarin,English,1.9798238238756094,0
7.309699394203973,10.570246739602503,24.816971462616046,6,Mandarin,Malay,1.4351065374703738,0
6.107561161054184,11.449511966686806,-20.964754475849475,6,Malay,English,2.237046753803092,0
14.964436386931446,6.479944773029108,-29.631001390753376,6,English,Mandarin,2.16928618376455,0
3.762305230855247,7.219562927338744,-12.439730805814072,7,Mandarin,Mandarin,3.2137155490653466,1
11.164846537645364,4.082809684088783,-5.010648051961596,9,English,Malay,1.9608212776094531,0
4.888900458104041,4.64756376335914,27.94141135714829,6,Malay,Malay,2.409185960285178,1
25.141807561257536,28.8881749364912,-14.774147236344096,7,Malay,Mandarin,1.6419531148027617,0
6.294163262553001,5.311740787540385,-10.446059571088103,7,Mandarin,Mandarin,3.2141207609287727,1
9.05246368820889,6.107781720578706,-9.208633140714593,8,English,Mandarin,2.065202102109742,0
3.094339287199363,1.6443845993373394,28.726352156155965,7,Mandarin,Malay,1.3121904356691743,0
20.6364180169896,26.5388334146915,-12.534940071974404,9,English,Malay,1.5210462886006013,0
8.526474176184223,12.015368203906368,14.401261129116694,6,Mandarin,English,1.77303743668001,0
13.53956402656553,2.455519856728723,23.514278048315948,9,English,English,2.147049429475999,1
4.474475714394309,12.75595497803378,16.2790206568081,9,Malay,Malay,2.3879299700874355,1
12.82309272333693,3.760744742333855,-5.583551704316619,9,Mandarin,English,1.9455497863289033,0
2.377132909122439,9.735323476809638,-4.9624831087099075,9,Malay,Malay,2.9923338257783128,1
13.266523737141664,5.061108157769868,-9.276869758407056,7,English,English,3.1508007818561947,1
5.588670256843992,2.9723625190752907,-27.848942898303704,7,Malay,Malay,3.186559862579795,1
38.050907403533124,29.2488028593348,-10.902118169550132,6,Mandarin,Mandarin,2.565941890901332,1
9.5702480759764,4.353664738949279,-5.3174749074927234,6,English,English,3.325535955492434,1
5.576773604473564,14.168323517258242,-0.08748565211918802,7,Malay,English,2.1672574099422848,0
14.186212795461326,14.886508560206885,-17.476799563508322,7,English,Malay,2.01601678789829,0
9.961693169274922,4.695468164900514,-15.626437139303404,6,Malay,Malay,3.2838402628605676,1
9.785842139735163,7.348668454521766,-16.47100926217306,6,English,English,3.256251529850187,1
11.153724015761547,7.3460192979710595,25.64314652221822,6,Malay,Malay,2.399992438585036,1
2.6917086559413557,10.276385159338908,-26.028882574721035,6,English,Malay,2.2660561199314606,0
14.717420664191552,12.092002458282755,-18.062185191755745,6,Mandarin,English,2.1541984848027376,0
10.515430703634868,5.364611607187326,9.891234284609084,7,Mandarin,Malay,1.86000637693046,0
13.345504910799193,10.04202469143789,18.639384857848928,6,Malay,Malay,2.596246233952917,1
1.6737437724245812,14.521157569211205,10.993701975468152,7,Mandarin,Mandarin,2.818271417442257,1
26.350551334456625,26.925985122320366,19.490243644239534,9,Malay,Mandarin,0.7857620164573076,0
6.746343014921651,8.39854464945796,29.574599258497287,7,English,Malay,1.178440149308799,0
12.498172295213163,8.24954985606367,-16.79542537596722,7,Mandarin,Mandarin,3.1015380272340076,1
30.24427094711758,26.731830689803324,-10.400371547776565,6,Malay,English,1.7282038471553087,0
13.487410526136536,5.205707695062127,-28.380387728522578,9,English,Mandarin,1.8484675253596048,0
32.679274119829905,26.13383763522589,-22.47719377458906,6,Malay,Mandarin,1.6593720601171684,0
11.022796903155447,11.081870784217866,-24.053269321273802,7,Malay,Mandarin,2.063775758722021,0
34.918896076082966,26.152284308111092,-21.886742032801376,7,Malay,Mandarin,1.508714720580977,0
5.074345433472817,12.352057819214473,16.32671250435235,7,Malay,Malay,2.619301029820795,1
4.270758875224537,13.142005491013654,-13.4718511537727,7,Malay,Mandarin,2.1459661858250425,0
3.842514808706566,1.1196651086856302,-22.24494480728305,9,English,Mandarin,2.006228384801801,0
11.839079459784545,7.792513942391094,-10.395032881173666,6,Mandarin,English,2.2515339563743315,0
12.261771039688563,1.5126569070145788,16.76814267676748,6,Mandarin,Malay,1.757870726846107,0
7.802062516340728,3.1938487019125463,-24.176346448592845,6,English,English,3.291953066322158,1
10.789445008339246,10.866899742036594,8.232758034044906,7,Mandarin,Malay,1.86029002130467,0
39.07010822589604,28.324578528858382,-1.641797593559133,8,Mandarin,English,1.3603322140586231,0
10.060587752753795,13.87688394832823,-16.87423819942658,7,English,Malay,2.069377822324425,0
13.109904007346005,3.634942893441672,-14.702691111579231,6,Mandarin,English,2.2660425606201926,0
36.07800057085008,27.342568417279047,-20.975957336634405,6,Mandarin,Mandarin,2.592704624618099,1
2.7876312534576604,11.416736555457735,13.935507198726423,6,Malay,English,1.8527135699554214,0
23.384267008032683,27.13172964903186,24.896444206936827,7,Malay,Mandarin,0.8744867269806518,0
7.94968723634495,13.762731512494929,-8.17686035885567,6,Mandarin,Malay,2.238119611315416,0
12.96077939734116,6.362692994923749,-3.9303482830560696,6,English,Mandarin,2.2761641151338305,0
26.133149295707426,29.833785299823113,9.734259187139745,6,English,Malay,1.4378708347418563,0
4.8332214349763545,3.2868925304675836,16.21147360162761,7,Malay,Malay,2.716397284288594,1
14.445967673043032,12.07351351575683,5.991620981962618,7,English,English,2.8900984537433096,1
10.551231665063014,4.3923242066550845,-1.4788072551080518,7,Mandarin,English,2.2106350837657924,0
13.13405395059743,12.0373731507708,20.498557529261348,7,English,Mandarin,1.3958362154621706,0
34.27255582360727,28.086172676748514,21.419577709607854,7,Mandarin,English,0.811956781269302,0
9.095023787384518,5.37631787537102,28.13506767308902,8,English,Mandarin,1.118059214814329,0
33.634808066950995,27.563508098203933,-28.412599333958156,6,English,English,2.6024841952066184,1
1.7577421156883697,8.595075703600944,-1.1980233437060193,7,English,Malay,2.2574784106614203,0
6.51368490955962,3.4982230489276445,12.11382776624768,7,Malay,English,1.8408969485964586,0
4.613643503979801,2.05224663945906,9.712922447103674,6,Mandarin,Malay,2.0758888129169826,0
1.4882941650460124,5.542785698899109,-3.7883637700890063,9,Malay,Malay,3.0470613221269187,1
33.34631245684729,28.019152259440737,-6.730363037121709,6,Mandarin,Mandarin,2.6721582276228917,1
4.122857696257167,3.564477269307764,7.859601449744773,7,Mandarin,English,2.0130405996032836,0
9.417646380696224,8.103699858516936,-15.53157938404776,7,Mandarin,Mandarin,3.1380146063277095,1
11.531754950468637,11.296779534206077,-20.082169050309403,6,English,Malay,2.1872740916522218,0
35.815560443356816,27.916685028516596,20.03606210183864,6,Mandarin,Malay,0.9565140079842833,0
9.20704698238695,2.209291944252577,29.184055823919167,6,English,English,2.346894656896434,1
4.018002101010264,14.495147989010565,-7.469017796472677,7,Malay,Mandarin,2.1549717731115496,0
6.038607101543121,1.432994940720214,-18.33036315530704,7,English,English,3.2291827690596766,1
13.342752380090214,10.603527668761819,-1.3531675985347427,9,Malay,English,1.886026640849697,0
2.385216256026405,2.2753004234596146,23.432359466843515,6,English,English,2.615762251865617,1
14.00500164382396,6.353804415056546,-28.733086709894554,6,Mandarin,Mandarin,3.1831349837115464,1
4.866646058996905,8.523637334786358,8.36178701071086,6,English,Malay,2.055934620687287,0
6.5523166729905284,4.971461151820659,-2.25059467066518,6,English,Mandarin,2.3597602395163375,0
30.860907935819423,27.907871344475783,15.951361233199869,7,Malay,Mandarin,1.0591880124778572,0
37.702279415712766,29.255140156062527,6.972490808700253,7,Malay,English,1.2460696283567645,0
4.637545435110733,1.8892434656158545,-28.192924140791032,8,Malay,Malay,3.088255697190097,1
9.700515863764728,9.174969510506513,15.91472411390994,6,Mandarin,Malay,1.7367298022704398,0
10.325903842261905,1.9131961898060807,-18.706564328606035,8,English,Mandarin,2.0627537852506332,0
36.02282204142924,25.62721330449407,-26.545231229871618,6,Malay,Mandarin,1.601682012741621,0
28.839819670187698,29.72272111062725,-19.020647078832596,7,Mandarin,Mandarin,2.55729165314677,1
2.855316096494086,10.340078725654369,-4.325138094805155,6,English,English,3.3361289247958315,1
10.237773851014198,8.073278405577096,-16.74649927022171,6,Mandarin,Mandarin,3.2435678132000145,1
14.164094954984943,11.705253473892462,-17.88722568233853,6,English,Mandarin,2.164182430103431,0
9.818535287113681,3.6060911632055905,29.54426626560826,9,Mandarin,Mandarin,1.9617044162005182,1
10.7820699909831,12.739916766763736,27.24447494311862,6,Mandarin,Mandarin,2.29372350941338,1
10.552608877013013,14.835393536320241,27.87744263153547,7,English,Malay,1.1354094837629263,0
34.42074835279636,29.763057347969607,-12.423611426892595,6,Malay,Malay,2.6093398732317765,1
8.446021601317597,5.634663535946286,-3.0693064636484237,7,English,Mandarin,2.2139621270818663,0
11.015408047908483,9.547413894910797,26.563057049288158,6,Malay,Mandarin,1.3471647838467218,0
3.4416529156307307,5.950154563775388,22.353649084455995,6,English,Mandarin,1.606204207249979,0
8.820002684403889,9.440015433859697,21.003009670725064,6,Malay,English,1.564794480341987,0
10.969346954757917,6.193655542677141,-4.225024534937791,6,English,English,3.29678655990919,1
7.595564191320901,3.8394360510679277,-0.5719940153443481,6,Mandarin,English,2.3662433508582974,0
14.362297765692725,13.719070059854033,12.453265412008477,8,Malay,English,1.5308220323242356,0
9.628347827125866,1.2380333751709187,13.562362977946044,6,Malay,Malay,2.8991534837489206,1
11.538374641445,14.115976272633723,14.426958090113166,6,Mandarin,English,1.721012957705252,0
32.58963223091702,29.64699404038319,-17.010432071303857,7,Malay,Malay,2.5068399288754284,1
2.8029924316001305,10.752446922900381,20.803996893574677,6,Malay,English,1.6188057151798811,0
5.14928621826381,7.084925469578423,-10.606408719129977,7,Mandarin,Malay,2.2073031873911444,0
12.463887888959889,2.8399990687386216,21.00902167439297,6,Malay,English,1.594145371819261,0
28.058917767140738,27.790574255899955,14.32462925947457,9,English,English,1.9265347666710904,1
7.142317605347609,6.319468522684231,-6.987168592356692,7,English,Malay,2.2070915767451593,0
6.368430278058209,10.218774611128339,-26.689472519791366,7,Malay,Malay,3.1101630427088303,1
38.70866583491413,27.817686593938404,-8.7703162690187,7,Malay,Malay,2.4675779079877875,1
7.479166926756395,1.647408942172909,-0.6248247355215781,7,Mandarin,English,2.271651492192302,0
8.241497062606022,6.2846264759610575,-0.8582507657410794,6,Malay,English,2.3343779287285256,0
36.83295922524543,29.35923087428137,13.764879848993749,8,Malay,English,0.902739581514802,0
1.155291228402715,3.6736253114625894,6.70291388779231,6,English,English,3.1996088485286163,1
9.834748477963673,1.8623807205577796,-9.576234563639975,7,Malay,Mandarin,2.2161079261359857,0
11.587951328307833,9.547094600936182,-7.425346307182547,7,Malay,English,2.1288983863502846,0
3.2689885516993193,11.138039830045066,-7.802185180136952,7,Malay,Malay,3.1949224322487666,1
2.1759709790597936,12.977270616711841,14.64487174773404,6,Mandarin,Mandarin,2.8183970728715924,1
7.432662159215495,2.287296327292357,-3.6835688636334396,7,English,Malay,2.2555218522561433,0
21.545803731626116,29.12156613771111,-25.6048529773826,6,Mandarin,Malay,1.7756580698857012,0
13.234381933157783,4.584827369473449,16.75608021759256,6,Mandarin,Malay,1.7178450993579482,0
10.580610275580778,5.44624397117294,20.30932558153257,7,English,English,2.493905062178823,1
39.66111717721549,28.659875126437075,23.050893611234127,7,Malay,Malay,1.6621143988833218,1
7.702989173731197,14.988226152357393,-13.599550200802987,6,Malay,English,2.2102560127364375,0
25.512821278578173,29.587347012322706,9.472993671285067,7,English,Mandarin,1.3429981592021203,0
12.24827267828977,2.154089921282274,13.300092947382437,6,Mandarin,Mandarin,2.872973120845894,1
11.98133151455814,9.10022965878292,18.571032809467873,7,Malay,Mandarin,1.504198239935214,0
4.459638976282549,9.97027215332557,-14.261434260101897,6,English,Mandarin,2.2906627745035792,0
9.16816213196132,9.862381024249581,23.727557940229104,6,Mandarin,Mandarin,2.461730040529872,1
20.475143855292238,27.34486086989229,-28.93233139847386,7,Malay,English,1.69135882183555,0
36.549268458390586,28.38191128332207,10.226199766475132,7,Mandarin,Mandarin,2.1637091010800624,1
11.873733361390638,3.588140077846596,27.874830583674516,7,Mandarin,Malay,1.2347621951790198,0
11.06895363469534,1.1018101842543908,5.880718157728305,7,Mandarin,Mandarin,3.037467226290012,1
29.272560069816084,25.24864946664411,-12.065901411605104,6,English,Malay,1.760839291394158,0
8.895358427240858,9.525794062933375,14.059557569511059,7,Malay,Mandarin,1.6887039601653706,0
26.91522472842603,29.54659084424228,-5.539638638479374,6,English,Malay,1.7524062956302282,0
35.22057111929133,29.336320716954802,-19.5580592877025,8,Mandarin,Malay,1.3447548182549405,0
13.582832292989355,2.832458920125624,18.573371695420356,7,English,Mandarin,1.5507790785291378,0
12.295838674729644,13.354248034230931,-16.61892499951872,9,Mandarin,Mandarin,2.818102716245332,1
2.7044563779198554,3.11334044531181,-7.792478991347778,7,Mandarin,Mandarin,3.280847101796524,1
2.4890298705725327,8.335294889525565,-8.908107115586247,6,Malay,Malay,3.3445630620137314,1
30.403386220819144,28.87823575160491,-7.971136297018155,6,Malay,English,1.7004376483277874,0
1.1928021703481726,1.4053174076553707,-23.888520157497325,7,English,Mandarin,2.2593904036949737,0
8.086026042959823,8.544840579207893,5.149869366121461,7,Malay,Mandarin,2.0184459059640716,0
4.485490482601033,9.416041606233922,5.82109088909528,7,English,English,3.022246497993316,1
12.686520547148216,1.5701350881127236,18.347325591838185,6,English,Malay,1.6977770479330543,0
37.49501704514901,29.69685340819379,28.546384145968442,7,Malay,English,0.4873363478391055,0
4.883678218629413,12.869360070337635,11.744558464712306,7,Malay,Malay,2.776410070845399,1
8.398353037770264,4.375137673338233,-9.03953668203157,7,English,Malay,2.20713330394881,0
12.377972607089637,1.8968259456236498,-8.68454429013206,6,Malay,Mandarin,2.3108035335057604,0
8.96677225391296,11.691759618972752,-21.715670435929205,7,English,English,3.086029113151379,1
2.563652403008776,6.486629920557794,-27.762554918624076,7,English,English,3.1819553270355874,1
3.840358571939021,12.45852217978638,-10.011603332252111,6,Malay,Mandarin,2.2861391813752387,0
13.265115416130607,2.6174516564118298,16.6454769951025,6,Malay,Mandarin,1.7410826344459882,0
10.132264716430392,14.483992859379635,-29.623656819379704,6,Malay,English,2.137591901510634,0
1.8092284674517887,8.430463975283516,-29.63433192002175,6,Malay,English,2.2813219691725743,0
12.0721451851576,13.135269185811024,26.223000705145058,6,Mandarin,English,1.3126208316102368,0
13.584445221190009,12.86629720021348,19.021976106533273,6,Mandarin,Mandarin,2.5522234120573004,1
8.09125012826015,9.577106033871502,-3.3519195188007807,6,Mandarin,English,2.2946433733160143,0
9.59045856376822,6.869050282718794,21.548091151492812,8,English,Mandarin,1.3287217212328812,0
9.13077385594475,1.321343505472738,-8.387285871216523,7,Malay,English,2.2325212068151035,0
5.039063052406244,6.009366029183982,12.27618312429518,7,Mandarin,English,1.8248492998337664,0
7.11374058843885,3.3537621683249905,11.656537666608212,8,Malay,Malay,2.7348461541010742,1
3.376964528782466,4.255530760702023,26.215317990248302,6,Malay,Malay,2.4886389174464645,1
11.922487541483541,13.454004424288255,14.287678291361216,7,English,Malay,1.6111663401446394,0
8.096451954531924,11.097546812564705,-29.4726530561428,8,Malay,Mandarin,1.9573178354752243,0
12.66342237050147,9.180794627542353,9.469660982108834,7,English,Malay,1.8151196956457527,0
7.329537278548727,12.8244832131242,-8.544576367534091,9,Mandarin,English,1.899977873858157,0
5.826007698330602,1.3284104747345347,6.705829024377298,6,Malay,Mandarin,2.176251802416143,0
8.187838548330001,7.559230453455131,-13.784695472204564,6,English,Mandarin,2.2790803250748004,0
14.56215129918635,1.495662329024865,-5.006247433917078,7,English,English,3.187734372271498,1
1.7934055656399188,10.815857886683583,27.63002358331832,6,Malay,Malay,2.389356540060624,1
20.28149601118341,28.583510312548693,-18.064632927459385,7,Malay,Mandarin,1.711328902983747,0
13.061178724363398,4.468268365461618,-17.101727463356866,6,English,Mandarin,2.2501997708905606,0
3.889671021055782,9.256056697484809,11.556461450789559,7,Mandarin,Malay,1.8290665720369597,0
4.070399228881933,7.317793913440595,24.552021853076763,7,Mandarin,Malay,1.391797303719088,0
24.025546617743714,25.54090462243164,-26.169439723862077,8,Mandarin,Mandarin,2.5559015149621764,1
12.804866543641115,11.662609477547052,-1.8993283690602851,7,English,Malay,2.1139941452245843,0
14.68029269736449,8.256687257943994,14.10696886403132,7,Mandarin,Malay,1.641886290205819,0
11.346641758583749,13.790917941126725,-25.519115792927444,6,English,Mandarin,2.146060683693137,0
13.932562080729861,4.962504909097162,22.82780707824544,7,English,Mandarin,1.3770760823631396,0
14.666957795016932,12.460280961092636,-25.804372064387543,7,English,Mandarin,2.007713038890946,0
5.6466416963159896,3.7708576993312524,-29.446707286503685,6,Malay,Mandarin,2.2901693150885154,0
12.435167644044222,9.386949241603498,11.018099730804298,6,Malay,Malay,2.8786453405653725,1
31.495036569546393,26.534539968084214,15.503410952590539,8,Mandarin,Mandarin,1.9688649816295216,1
32.1417867091822,29.71315313450979,-21.638465190744625,7,English,Malay,1.4973504962400872,0
3.7824750997611565,4.161192449330436,-24.231916880998877,7,Mandarin,English,2.204790268239088,0
8.61822803834493,12.225924492569211,-16.975347458755124,7,English,English,3.099973983161675,1
3.1749859926215507,1.503376794047196,-28.318677698042094,7,Malay,Malay,3.2238207798065055,1
4.318204630965681,2.1627240166356723,-4.167987796016519,6,English,English,3.403797420870598,1
32.575601573585146,25.394138971879595,15.821786205905326,6,Mandarin,English,1.1936526298638621,0
35.347715193130036,27.810213028818175,-1.1316112923338721,9,English,Malay,1.3104379677952482,0
21.59050887261818,29.01910691961548,13.922285597409422,6,English,Malay,1.3746259806559245,0
36.678658462347244,27.831118497843,-15.716338416720795,6,English,Mandarin,1.5932934525635272,0
39.46835100968269,29.65141926808136,7.8485965209787825,6,Mandarin,Malay,1.2992693618894133,0
4.17765888010005,13.941053981117312,-21.908464814057133,6,Mandarin,Malay,2.2282846553409694,0
4.013210477354548,11.265834672803784,-24.80545892776373,7,English,English,3.129524685405871,1
13.368268597173445,13.648357393396047,12.958910060697091,7,Malay,Malay,2.641271887969907,1
9.07446259625393,14.856148931432546,10.490424237031707,9,Malay,English,1.5235290364270253,0
1.3395280194830435,5.829712655422323,12.402800102728438,6,Mandarin,English,1.976709589655451,0
11.463710492534481,4.595476049253271,19.93147560071511,6,Malay,Mandarin,1.6243064885570937,0
5.409217999450503,7.665022286129243,21.03896140857859,6,English,Mandarin,1.615393947843952,0
20.52472595044025,28.142850370719803,24.38001098001647,7,Malay,English,0.9213150951480449,0
4.409163548783183,2.4612558239613413,-8.877618397204188,7,Malay,English,2.2667037449485408,0
9.695367256185921,10.692101297856937,-4.185568069947685,6,Mandarin,Mandarin,3.264673420893079,1
13.354407156416856,6.884233592645327,-2.726395233138419,6,Mandarin,Mandarin,3.271025608398917,1
24.78744948174197,25.492154359334823,-21.72949201582182,6,Malay,Malay,2.7946078557527327,1
12.847027007334207,14.828987174787198,-11.176656146317775,6,English,English,3.1684843376910603,1
10.327646447087101,4.106547333786174,25.743867476718165,8,Malay,English,1.2021227005061315,0
28.362053477071527,26.678987990021156,9.120991287228872,7,Malay,Mandarin,1.356237993236659,0
32.06968943663303,29.75918374225089,-28.99212663672451,6,Malay,English,1.590743772872724,0
2.779270266193596,2.18132744338112,-21.900782427801133,7,Malay,Malay,3.2423914148115824,1
27.19277477330465,26.329349337229793,-4.652994964881891,7,Mandarin,Malay,1.683590308397636,0
8.153774993632975,1.3712906751811802,29.892426708909827,7,English,Malay,1.2235144085000145,0
20.728237603509573,26.352330506745695,-1.5861478297389837,8,Malay,English,1.6765151144080102,0
2.022790835258003,11.980990185253276,20.184937509413654,9,Mandarin,English,1.2834893769654094,0
14.505286163266781,2.550934260454011,23.030110162062805,7,Malay,Mandarin,1.388383940090594,0
27.919305632145484,26.603049678949354,-24.07932865161396,6,English,Mandarin,1.720776710766478,0
12.300448449660168,8.51669469592309,-23.83732806764865,6,English,Malay,2.194870808318672,0
9.30944384967698,8.157365109590462,24.147777285655398,9,Malay,English,1.1101597054093866,0
2.7120912236278008,2.5510833327726736,-27.731561630303936,6,Mandarin,Malay,2.3374297156683155,0
7.747513397811352,3.329394379380467,10.425013552725927,6,Malay,Mandarin,2.0068554478826743,0
37.0328347416464,27.48002651347674,18.311579479818036,6,Mandarin,Mandarin,2.00472798757112,1
11.458564612349024,2.836665331880069,-5.053626783401313,9,Mandarin,English,1.9702022779463713,0
1.0998996538247428,12.858228582412133,22.325572121421697,6,English,Malay,1.561523693387872,0
4.789470537399689,1.6090780287139794,22.347451719889754,7,Mandarin,English,1.518853704142722,0
33.20100437934472,28.711981452628184,-28.760384476759214,7,Mandarin,Malay,1.4727078276912242,0
10.521245905688566,13.22290946714589,-21.326478100017273,6,Malay,English,2.1739701859382645,0
4.779803425892294,6.4050234806455455,18.65074742656202,7,Malay,English,1.600375571004951,0
11.407780953663526,7.646203751743606,10.959248020795116,6,English,Mandarin,1.9083864722180999,0
7.83142436215735,1.5463246497787804,26.27241774253123,6,Mandarin,Malay,1.469187888892046,0
3.331176007378911,4.190365948390942,6.687535616662789,9,Mandarin,Mandarin,2.8207208338591037,1
10.63403591486197,5.281267864510976,-8.471732398640107,7,English,Mandarin,2.1776078542108035,0
4.291799159343085,13.532188220013698,-6.606569512785935,8,Malay,Malay,3.047238227830479,1
1.0233801804852936,7.307524102320734,-28.689152414103944,7,English,Mandarin,2.186060449124927,0
5.47671758108437,9.86178091422107,8.390576942503065,6,English,Malay,2.0354448220593384,0
34.19312846871407,28.17551997238757,-10.377646622349438,7,Malay,English,1.5268955355083653,0
4.48691325927021,12.002828515815203,13.507124029082286,6,Mandarin,Mandarin,2.8448532412312657,1
11.80646237949029,5.8690248686882365,19.5559256402815,8,Mandarin,English,1.386287730108362,0
38.56259948394223,27.9162816428352,-13.837376772597917,9,English,Malay,1.2164261487859136,0
27.839253302226076,26.834839742697465,-19.16385108344452,6,Mandarin,Malay,1.7348012712452632,0
9.841774895097368,14.5310647404471,26.675352160184165,7,Malay,Mandarin,1.1876342780381097,0
2.0287241993829714,2.6371033170344416,-24.956509332944748,7,Malay,Malay,3.235153360392677,1
20.052328503346885,29.63801092631015,10.473872979948585,7,Malay,English,1.3921202767960237,0
29.050433958564692,29.08559057018161,-11.93977192690388,6,Malay,Malay,2.705029267574267,1
8.647235414637061,8.356977084749987,-23.013266595499992,7,Malay,English,2.118246986354463,0
9.44864626560585,14.944276349588959,23.477692716900293,8,Mandarin,English,1.1818515287565414,0
3.497071948040063,13.955139610850512,8.143999501766498,6,Malay,Malay,3.022937901849267,1
36.19597691039665,26.30220372777041,-14.993480204697548,7,Mandarin,Mandarin,2.5094944782795205,1
12.759873707797968,10.799410784795262,-18.159756812057136,6,Malay,Malay,3.186374632367211,1
13.619939878678263,11.605038927102518,-8.000474986458478,7,Malay,Mandarin,2.0860819619873308,0
29.28929295491225,25.757681488743895,12.510606281600559,7,Mandarin,Malay,1.2375091776871072,0
35.126940367985945,27.862228418703648,-20.449181926645146,6,Mandarin,Malay,1.601171212451567,0
3.2315732883363313,2.9579782088683206,6.541753644927388,7,Mandarin,English,2.074143107455495,0
4.18071339098632,11.511670064135652,-26.012624567313953,6,Mandarin,Malay,2.2388674168910674,0
12.336123527434767,4.261193688204509,14.225341586778434,6,English,English,2.8186398723063624,1
34.022862726004675,26.548389781647607,-11.408855227724008,9,Mandarin,Malay,1.3164176657885511,0
9.590726826270476,4.619889523287202,15.960201307008704,7,Mandarin,Mandarin,2.664286790759119,1
11.452926387595573,2.1061241244619557,17.886891605430144,7,Malay,English,1.6033682886893699,0
11.936235733660954,11.302616512525047,-10.220191161474801,7,Malay,English,2.0985441736665575,0
20.07140651725448,27.24304460021209,-17.284650310694975,6,Mandarin,Mandarin,2.8555485926926476,1
11.74607277135347,13.06382592261996,-7.531278319216973,7,English,Mandarin,2.0917967519962093,0
6.00342790683207,12.082970801179854,-10.745905006321244,6,English,Malay,2.2658163295654767,0
38.891631023212156,25.171460183643326,-13.605269875205515,7,Malay,Malay,2.489778792753785,1
9.188415700182285,2.1857097688345766,24.954446511851497,7,Mandarin,Mandarin,2.3778531173950292,1
8.168641080235117,1.7853268060049674,-13.459211151903347,6,Mandarin,Mandarin,3.338096283964588,1
1.509472652776989,10.827603205708305,20.437024807540375,8,Malay,Mandarin,1.408833373151234,0
10.764646156392306,6.561603438756759,-5.61771285164091,7,Malay,Malay,3.1730117945430396,1
28.139034283728435,28.025291782584546,-19.44053130692414,7,Malay,English,1.593197601278718,0
5.1731759113263225,14.542402810661486,-2.741457547928217,7,Malay,English,2.1587060209536943,0
22.85656032893629,27.03517800595489,-29.15204724360647,6,Mandarin,Mandarin,2.7758994684230047,1
13.397834256836454,14.88412778242194,8.508514626923102,6,Malay,English,1.9018823676651075,0
5.310399252686022,5.472330957347976,-22.422052661224285,7,Malay,Malay,3.182432522362246,1
6.196047569945285,3.6336367625633024,14.879112192311682,6,Malay,Mandarin,1.8634342299440054,0
9.539226614812538,11.401027412531215,-8.807528291248946,6,Malay,Malay,3.243739032089066,1
13.160498336707532,3.1802298547788794,-3.102276390052989,8,Malay,Mandarin,2.073751796784959,0
13.875079452774058,8.278548506163542,-26.417215292384398,6,Mandarin,Malay,2.172906336102676,0
1.6658454228101625,6.681175366409393,-0.5661593680210615,7,Mandarin,Malay,2.279642594214401,0
35.436450775417185,27.435662276233753,14.089054287125691,6,English,English,2.178039119147142,1
5.700787177960014,5.8813824148772635,-7.1961366478067355,7,Mandarin,Mandarin,3.2251911819122716,1
6.436787628395763,6.927573769333323,-13.472902594096787,6,Malay,English,2.303946710709053,0
34.400725506903896,29.823144222465842,-19.879104825026225,6,Mandarin,English,1.5838650103486054,0
22.117451349172775,26.218663514176082,-4.743132709205842,6,Malay,Malay,2.8814611042061093,1
30.890952149316053,27.623825860337426,-12.743681882079777,6,Malay,English,1.696457846909569,0
11.235219866538744,9.536288811752437,6.560520313745717,8,Mandarin,Malay,1.810166702235988,0
1.9585988469580107,14.420276688891697,-10.248552540848134,6,Malay,Mandarin,2.284549402838676,0
10.902570661699029,12.4698172122068,-11.289945589900235,9,Mandarin,English,1.8586429692946076,0
7.934258168789283,5.828584205949656,-24.980165517119985,6,Mandarin,Mandarin,3.2616043578622107,1
24.711479557722107,29.989696291935104,8.627001787068586,7,Malay,Mandarin,1.3788144242357097,0
11.5612961220796,7.785022591899945,-1.8114977743856073,6,Malay,English,2.2829984869455857,0
4.65033346684722,7.459989572771988,-1.180349359654965,7,Malay,Malay,3.2399622717382917,1
26.45112593214879,26.149539605554722,10.029394714631538,6,English,Mandarin,1.4799052766236194,0
14.47926647673614,11.440590558845877,8.209222794508834,6,Mandarin,Mandarin,2.9359786318363708,1
30.316613393764573,28.67564180628495,-12.043702308663672,7,Malay,Mandarin,1.573863689192573,0
9.879687912976092,3.448162350850688,20.300063334769533,6,Malay,English,1.6387192806447985,0
6.474662868475166,10.86423221000987,-11.820820574329598,6,English,Malay,2.269708313967384,0
8.96239006746383,9.57246427544106,-2.6343102637221705,6,English,English,3.288370422358544,1
10.245199877022014,5.781569493715746,-7.333394827224012,9,English,English,2.945287656868542,1
29.45558734761073,27.50816941586278,27.384242084674558,7,Malay,Malay,1.6871153107156918,1
7.409262197893894,13.64131155979337,5.027418483564889,7,Malay,English,1.9785346154983563,0
5.491164780536169,2.695949246493705,11.493498407107174,6,English,Malay,1.9983564154809503,0
14.6891070943072,5.286304538764108,-8.735177500024271,7,Mandarin,Malay,2.1361286253358727,0
13.002344310234083,6.112386886003577,13.240391707952355,7,English,Malay,1.710438978259291,0
1.7237706722702073,7.71596584138921,-28.121952350177015,6,Malay,Malay,3.2943627936961493,1
27.462359595370867,27.164141190394556,-12.614089740592597,7,English,Mandarin,1.6398741330861182,0
2.921869291607285,11.026702295636726,21.258692379062786,7,Malay,Mandarin,1.4814600508603624,0
9.493890146596096,9.764043237171961,6.162928347284614,6,Mandarin,Mandarin,3.074218174007358,1
12.145302912140448,2.231254545007891,28.574744587106768,7,Malay,English,1.2211183648797799,0
5.392469006477565,8.658573495561205,-0.5667694638354099,7,Mandarin,Malay,2.2226003434334944,0
22.714802395465078,26.429210955765992,-23.27683556101149,6,Malay,English,1.8071147848885898,0
13.387514794568862,4.911728141261792,-6.152198661450772,7,English,English,3.1615002417701907,1
5.684865374717972,13.95024318183178,15.754560840231145,6,Mandarin,English,1.7347392850264125,0
33.61356133097791,29.370028798497064,-6.649243583409291,6,Mandarin,English,1.647257786041247,0
14.414111670638293,9.797476085472205,11.928989325494523,6,Mandarin,Mandarin,2.8228694960465868,1
9.070600557828584,6.23406870852714,-13.523161090160013,7,Malay,Malay,3.166876103702576,1
10.671785934736443,5.574504255902921,28.01206152030428,7,English,Mandarin,1.2221149448829567,0
5.391062214597351,7.705303953668233,15.316669054307145,7,Malay,Mandarin,1.6979529214165943,0
9.404587978751318,5.2804943976853425,-6.022544839180398,6,Malay,Malay,3.315574026771699,1
23.411965034794548,26.8954715946309,11.206455768267304,7,English,English,2.356880589430693,1
36.978982032396445,25.415783625054118,16.232020543325355,7,Malay,Malay,1.9929607040899375,1
3.7824695512573343,14.44349472201652,-5.9686841969936175,7,English,Mandarin,2.162844743277283,0
5.800348375637101,12.216999073981011,16.85379483577865,8,Mandarin,Malay,1.4774437062515662,0
27.136909676516588,27.78205298102798,-11.683502319705365,9,Malay,Malay,2.4034266842614,1
5.514197102924387,7.408042268242725,-15.3872543456413,7,English,Mandarin,2.1844867584695247,0
23.346322042256617,29.068961456632294,-12.95159382685872,7,Malay,English,1.6731458328166433,0
2.4788619506259817,12.93171360504941,-6.009180528636147,6,Mandarin,Mandarin,3.3083636426811256,1
2.2839846235004684,4.179496365348351,7.855714576649085,8,Mandarin,Mandarin,2.9079151799287937,1
5.783879770935645,2.5991463345845442,-13.769556647272221,6,Malay,Malay,3.352771216787224,1
7.882978134131898,10.919516508931338,15.138557866419976,7,English,Mandarin,1.6471255282446684,0
6.384537115561516,13.934354696810832,26.02608872653466,8,Malay,Malay,2.1333979764475632,1
36.72944880533299,25.275537998849313,-2.225201276069246,7,Mandarin,Malay,1.5597273121258222,0
13.55984115915053,11.53071167309953,15.97662363877113,6,Malay,English,1.6724126443205098,0
12.740422027915042,12.897471175434326,17.802189426700487,7,Malay,Malay,2.4855444380319893,1
28.85607151161544,28.457976402498932,18.954937565976454,7,Mandarin,Mandarin,1.9766919954157118,1
2.8844686521623633,14.513654525514017,12.153677651584667,7,Mandarin,English,1.765640050417773,0
7.6243746664927725,11.05789629082175,16.790462309610472,7,Malay,English,1.5905111095904882,0
33.817641095051464,25.775584508327263,-27.025587050652152,6,English,Malay,1.6320756448897127,0
3.9453858530540185,13.517745611800311,16.34212312246033,6,Mandarin,Malay,1.7358943760653451,0
30.191657700764416,26.032439781961198,-11.484562801721776,6,Mandarin,English,1.736287718707418,0
7.243722748801552,1.7162392072646349,16.791928749189033,9,Mandarin,Malay,1.452682874217722,0
1.0911663555668376,4.675376666952921,-5.495043295197068,7,English,Mandarin,2.2890177587908123,0
14.985305027941026,5.091144491069934,11.893281480688618,6,Malay,Mandarin,1.8654706529857887,0
39.71651359438408,29.5583147323161,-10.410754583197807,7,English,Mandarin,1.4193557107517825,0
32.45626301245326,25.168082009691428,-21.932495671514708,6,English,Malay,1.6796796474171445,0
10.263057705673772,1.374565777413568,-18.799490534305413,7,English,English,3.185958796721442,1
2.8226618208757666,5.682996867034764,-10.89081855755806,7,Malay,English,2.243640684595701,0
3.5877529167778572,12.792799673399642,18.437657976563628,6,English,Mandarin,1.673376444918498,0
2.187383802181576,9.561708921095644,24.267808004554343,6,Mandarin,Mandarin,2.515635792607826,1
26.965467290892246,27.520810718927372,-24.389058401558184,7,Mandarin,Mandarin,2.6028054807309458,1
7.8897695257514835,3.9344294683708165,12.607091419663075,7,Malay,Mandarin,1.8055098103705696,0
9.157773620882498,3.836103280221551,27.029802871033716,7,Malay,Mandarin,1.2890181305027797,0
1.4265979511569409,11.856364613902073,-27.83231107572731,7,English,Mandarin,2.1393960040969855,0
32.14039016112915,29.42035201007782,-0.24219416050834042,7,Malay,Mandarin,1.573247807912864,0
14.631094251196265,2.5197737358942947,23.554327745408305,7,English,Malay,1.369089849039804,0
39.82021126845767,25.609449933548024,-7.48622716162998,7,English,English,2.4889178463189228,1
2.117400188979311,11.53188206589532,-10.978407056289136,6,Mandarin,English,2.3094124872636232,0
30.806286720226325,29.797522425588234,5.702145060695444,7,English,English,2.389365669496322,1
10.642608603469991,7.196374077574461,-21.90032393076522,6,Mandarin,Mandarin,3.231109093420338,1
8.611474548996753,1.5875365391424265,21.53776471930422,7,Malay,English,1.5091881239429608,0
11.57960516537413,4.216872949523166,15.580158360676098,6,English,Mandarin,1.7792296762273638,0
7.571315402970187,12.232324809437044,-28.804912141205325,7,English,Malay,2.07094722407191,0
10.227950297138538,14.895482800848326,-28.976125105124797,6,Malay,English,2.134678585336382,0
9.787565250751314,7.904842828285116,8.413413902501986,6,English,English,3.011106432622066,1
7.730551262126561,3.575073047202923,-26.73795091278343,7,Malay,English,2.1628172538640937,0
35.817742002415386,26.50924022286552,-24.939119731031496,8,Mandarin,English,1.3615054329477474,0
23.742078587012195,27.600268004697163,-12.323933366225223,7,Malay,Malay,2.691928164019326,1
22.064618014960487,29.189782623475903,28.11287177461649,6,Malay,Mandarin,0.8679254779571899,0
3.9641993642979636,6.698066179822011,-24.419748528591555,8,English,Malay,2.0594781827968283,0
12.531838414871562,12.22506154815854,-0.18573900356336281,7,Malay,English,2.116811870357821,0
5.203942857325779,13.01626776222448,-12.18756476853111,6,Malay,Mandarin,2.2596726779093936,0
12.51456116752879,11.601520406564038,-6.137939224530204,7,English,Mandarin,2.1033793868439714,0
14.233251058769213,2.9803744481969137,-19.77396006473518,6,Mandarin,Mandarin,3.244450544714555,1
32.56506543200334,29.298518147073217,-3.8880664701688303,7,Mandarin,Malay,1.5563840338693575,0
20.70466963792874,28.966643766009877,-27.197882472041996,8,English,Malay,1.5508421832541481,0
1.705940719830542,9.20534229389289,-17.20539916230256,6,Mandarin,Mandarin,3.3160358393217573,1
5.8249587845832,3.500426794988235,21.096260880921818,7,Malay,Malay,2.5333770133720224,1
28.4499104700275,26.917875787586144,10.020092911126328,9,English,English,2.0846867396588107,1
37.768435322144285,26.464183609630044,18.16069527241592,8,Malay,Malay,1.779368259860064,1
3.6031223394088845,7.984393398875101,28.82030889585248,7,English,English,2.2404140312623237,1
13.13034154494088,8.78252480426664,-22.840618734246092,6,Mandarin,English,2.1872359407271045,0
8.29269011011546,8.121857195136721,9.538459703453407,7,English,English,2.867008437326609,1
4.554634275191664,8.024429543947884,-19.177908901525917,9,Mandarin,Malay,1.9402829988035182,0
8.029767184769817,9.657549732815937,12.95769720733262,7,English,English,2.734607428567501,1
6.9377291320266385,9.26386662012406,-26.00800973444611,8,Mandarin,English,1.9987906766970058,0
28.020762760483827,26.78305413925477,-14.605942201886444,6,English,Mandarin,1.7479763742200005,0
9.009654305274964,8.065987651897352,27.683940439392394,6,Malay,Mandarin,1.3428056650495432,0
13.928461874094944,6.00522727530802,-24.5682817993554,6,Mandarin,English,2.2012688358414523,0
14.009886138354666,12.103469125007997,-26.189446703823037,7,Mandarin,Malay,2.0165682916869634,0
10.732085544588612,6.200557950083779,-26.792173281968125,6,Malay,English,2.223866320780049,0
10.044967767133127,11.178054265153559,-7.695298938432753,6,Malay,Malay,3.2446187832156905,1
12.88155289457165,7.057423748709776,17.297939132116586,6,Malay,Mandarin,1.6776823639431053,0
1.9498115463231414,2.845409629613666,-23.21641065680683,6,Mandarin,English,2.3571597527179424,0
1.4171350791739676,10.316818694948704,-22.325469515120318,6,English,Mandarin,2.2907422305417056,0
21.094242352417552,29.99505929957528,-18.87758735551102,8,Malay,English,1.556518905339519,0
5.6101198799031575,12.432322075785963,-8.690943336513783,9,Mandarin,English,1.9206057693213963,0
20.178460703134775,27.315939046173327,7.079550795914809,6,Malay,Malay,2.6625806149315223,1
5.429933232675269,3.0811043302091985,-13.30432598249443,7,English,English,3.235541871096174,1
30.81726406512694,29.465513002374475,11.128008473205545,6,Malay,English,1.3219542823877841,0
23.722013035852324,29.64713441724707,-21.933888207410135,6,Mandarin,English,1.7458669678159755,0
13.946713726338391,6.715599191178145,-14.192331746643609,7,Malay,English,2.1110690983360225,0
6.292510198106287,8.936850739673272,-7.931194989258138,7,English,Mandarin,2.186269073991344,0
2.787622984111726,14.269608396316626,8.054272242940565,8,Malay,Malay,2.795028157692797,1
3.777995988193191,3.2511801520843218,-24.127591329046737,6,English,Mandarin,2.331782934167069,0
7.670906205154754,10.700919823058523,8.51330856930557,6,Mandarin,Malay,2.0008159397921723,0
7.342029921444875,13.34078516464185,-6.310959642194955,9,English,Malay,1.902135316998483,0
31.45593986069393,29.697446185166374,-27.942707633327206,6,English,Mandarin,1.6047494138421936,0
2.0238627452154176,12.658858462767803,19.897682335296686,8,English,Malay,1.4042539061847839,0
34.9285569580598,29.747737210441606,22.88899960425379,7,Malay,Mandarin,0.7244759934522067,0
30.896530718368922,25.984819549836846,-12.39601090907329,6,Mandarin,Mandarin,2.7230256261309993,1
13.130210602430287,14.587852569751682,-19.692668086559518,7,English,English,3.022177141322982,1
24.85388662602817,28.58604930685329,-9.101987908751,7,English,Mandarin,1.670038814681563,0
21.206025189495065,25.241599849377494,15.379965689073842,6,English,English,2.388349255833287,1
11.066893009987705,7.27067243968039,24.378388190443648,7,English,Mandarin,1.3283807588377916,0
12.56335712462813,11.890791204509771,6.762408045042848,8,Mandarin,Malay,1.7662742351321212,0
6.464901542765449,9.825712393033873,-8.563366832278017,7,Malay,Mandarin,2.1735493045344136,0
33.90982521107641,29.73891245584135,-27.476768064077845,9,Mandarin,Mandarin,2.2149859649676866,1
7.725734112987209,11.191611349791453,-12.564967255457159,7,English,Malay,2.133943321187356,0
28.430374139096813,29.233173834791643,-20.28647905471502,7,English,Mandarin,1.5670565457793517,0
34.40515720647323,28.208899651721318,15.552132928069453,6,Malay,Mandarin,1.1308455741678762,0
23.016018880774205,25.402640940533228,-29.731952907799233,8,Malay,English,1.561881004198109,0
5.003791132746195,4.54913650294821,-17.323303151363707,6,English,Mandarin,2.329226379805177,0
25.923465665940988,25.412939926908507,28.66933154755791,7,Mandarin,English,0.7296737532800366,0
11.977938378727625,8.374975531265257,5.903497762884317,7,Mandarin,English,1.95484843919912,0
5.937098193846773,9.943335862637804,-9.954303186507971,7,Malay,Mandarin,2.173014648813461,0
5.089378726177997,10.176081076774333,-8.652246072899601,6,Mandarin,English,2.301004581727478,0
7.399341953411731,9.519091844768944,-5.889500664210789,7,Mandarin,Mandarin,3.1761839931374904,1
20.886921866858543,25.3238948020281,17.800619792258004,6,Mandarin,English,1.307310047977178,0
1.4939499996742156,8.656222901837388,7.293921497809102,6,Mandarin,Malay,2.1257110185615655,0
4.320281152427217,2.405440959675895,21.007108236141786,6,Mandarin,English,1.6799939906140064,0
5.432729512072349,8.59650390918952,-24.446592501853335,6,English,Malay,2.260719024114537,0
22.34390597538057,25.05674709775552,-19.98483419204354,6,Mandarin,Malay,1.8452070604444049,0
7.279295722669365,1.073089215022036,-16.778382586000482,6,Mandarin,Malay,2.3430482086697513,0
10.353256260522729,6.874196028602215,-21.191338502603614,7,English,Malay,2.122087682100072,0
5.124232038951007,13.896716851058871,-7.3588888442865255,6,Mandarin,English,2.2677608816189463,0
37.360770643150055,28.063839069625903,-12.011506346921436,7,Malay,English,1.4739121610893025,0
3.406592693799997,11.677955705235021,-11.772231951025812,7,English,Malay,2.174913742839564,0
23.163053993076733,27.61932963723886,-15.777186713961669,7,Mandarin,Mandarin,2.6891278544818853,1
13.308983129454298,12.681749322730772,-27.91468765358527,6,Malay,English,2.129543716632865,0
39.45181489227926,28.054227641552064,20.690404489160535,7,Mandarin,Mandarin,1.7574085145753386,1
37.528327065471785,28.165688331945905,-4.165421925131515,9,English,English,2.2608750207341752,1
31.60474086474146,27.769148716160405,-8.709002773840005,6,Malay,Mandarin,1.6965428194953933,0
26.959678416455596,25.005502397526598,19.280224995673112,7,Malay,Malay,2.048511534711718,1
6.025329076027683,4.119933484565207,24.715722332146708,9,Malay,Malay,2.163497092768936,1
34.31956893786112,25.27408230204818,-11.665148161941055,6,English,Malay,1.683270486839385,0
32.601728781023624,25.84969715984673,-20.429482127983388,6,English,Malay,1.671823989382072,0
36.051777678237315,26.988262481140435,10.573746905840455,6,Malay,English,1.2984626780385968,0
10.00380506071814,1.0992527244981374,-17.506755874522938,7,English,English,3.1956135692327607,1
14.707208840354124,13.723165679333688,-4.046012840667014,6,Mandarin,English,2.184709545334232,0
10.914323019742037,14.798312046892308,21.476673174309852,6,Malay,Mandarin,1.473690088232812,0
9.034996711717163,6.812116419020656,29.626409965901335,7,Mandarin,English,1.1696045198860752,0
7.615518055393594,14.014160882783905,-13.716081415989464,6,English,Mandarin,2.2204829392315935,0
5.156374211636728,8.01399579367576,13.950455791096951,7,Malay,English,1.7450303472584818,0
4.7750456925547375,10.416179473064293,-11.81834228345847,7,English,Mandarin,2.1736932740656147,0
12.41203063526578,7.927894327964966,11.298078180401992,7,Mandarin,Malay,1.766168014053623,0
7.8013816407466905,13.697665843763685,-13.93699377273284,7,English,Malay,2.103552879245787,0
10.496595849106567,2.6444392112469526,-4.052899112760482,6,English,Mandarin,2.337579985687263,0
1.1420608190912849,13.27749104357462,8.297857361601775,7,English,Mandarin,1.930379473717279,0
10.82676058304941,13.365815457210758,-0.5188766456380591,6,Mandarin,Malay,2.2388446507786046,0
12.34631091875071,10.783593235659092,15.165031245598962,7,Mandarin,English,1.6029248648599383,0
25.537639129529154,28.280462006814194,-29.60556103448488,7,English,Malay,1.5958110010974873,0
13.005040975779256,4.770011997275106,-19.50182334574708,6,Malay,English,2.2397433924502996,0
38.89413121683296,29.718559578755013,5.280510627809533,7,English,English,2.279540271206409,1
2.367936731035295,11.13889077493301,27.52543935849016,7,Malay,English,1.2665413473931615,0
9.783246886407015,4.463284366099863,15.22524042442707,7,English,Mandarin,1.6896512726199837,0
9.567993346485618,10.202601529359718,-2.0849791625732443,6,Malay,English,2.277844120699636,0
35.91523499443033,28.66546903794405,-21.255390447984183,7,Mandarin,English,1.456226635780896,0
31.20568030423631,25.9402241310862,6.49085242803948,6,Malay,Malay,2.533050540469157,1
29.002940353244362,28.73914863710594,-21.04074118480822,6,Mandarin,English,1.6808205895340789,0
10.422459626720372,10.059951601991873,11.901277683934909,9,Malay,English,1.5086311687751557,0
14.981276651226345,10.850052055630774,-9.07741650418825,7,Malay,Mandarin,2.076428657917468,0
37.299142570939644,25.2221859474517,16.600491863452064,6,Malay,Malay,2.095595452270868,1
12.814147203158173,12.594746896320682,-20.01849656563032,7,Mandarin,Malay,2.044182737119777,0
37.33963042027088,28.057932048301126,22.79014602950876,7,English,Malay,0.7167161394560733,0
5.884184414631261,3.1949298757517006,14.393009895337906,6,English,Malay,1.8879535107593437,0
5.6688276220740415,12.421672242361508,5.798176883834775,7,English,Malay,1.9811588104214275,0
29.153766054545592,26.950617896324662,-27.53843427046267,7,Mandarin,Mandarin,2.5671370243071427,1
13.81244984582123,13.509195518246308,-29.243259487128146,7,Mandarin,Mandarin,2.9943060147355642,1
7.048221937039902,4.146698248645156,6.493585270838454,6,Mandarin,English,2.1432753136638034,0
7.349891802821261,1.5443673110420435,-27.191995256572152,7,Malay,English,2.185417424672793,0
1.2021381390049681,9.128804947104172,23.689813736727285,7,English,Malay,1.432547088353454,0
11.310273053140866,1.9144418981873965,-28.351531108690704,6,Mandarin,Malay,2.255747746791082,0
29.939318349578844,25.20184327391797,-19.303996613876308,6,Mandarin,Mandarin,2.7270686082549065,1
12.24955941893968,3.643991822822289,-7.842004982068808,7,Mandarin,Mandarin,3.179924470975484,1
10.395454564001012,9.113869838225906,-21.740138944316904,8,Malay,Mandarin,1.979939626163341,0
6.768628666591602,13.994981590127825,-0.4575967572276731,7,Mandarin,Malay,2.1558385749087137,0
10.957599009258509,4.670048836355384,25.128789009770294,6,English,Malay,1.4467159062019008,0
5.559885951018121,10.751844080307189,-2.9575328396395086,6,Mandarin,English,2.309524256887949,0
6.680047116758056,1.6084905240568037,13.126808126542148,7,English,English,2.822676339162876,1
11.881371295058555,2.8501091150539732,26.104778784488573,6,Mandarin,Mandarin,2.4215179384417747,1
6.15417911570265,13.508660094828514,-3.9370422300055843,6,Malay,English,2.2727481337946696,0
3.1342417287925413,8.295208766226269,-16.83663818386884,7,Mandarin,Mandarin,3.194583367770249,1
13.954632818815817,8.67088220685447,-4.922262086408185,6,Mandarin,Mandarin,3.23983730945527,1
5.430971508343601,6.01957540381774,21.005422653088637,8,English,Malay,1.3978047380202843,0
9.145011175988348,4.956834436522751,28.098341754641858,6,Malay,English,1.358039582462424,0
8.872555769047604,10.763487775632962,-18.69894095923128,7,Mandarin,Mandarin,3.1063097613557566,1
5.488359480611042,11.574882594571172,29.41682198412162,8,Malay,Malay,2.047278809803921,1
29.122945068820925,29.07442327250231,-16.592900523232654,8,Malay,Malay,2.453564601835307,1
13.109266400829616,3.0749844788330307,-6.289168410208642,7,Malay,Mandarin,2.182193596502678,0
5.02876599932385,3.2738500104289088,-20.166422907298283,6,English,Mandarin,2.3322524302114784,0
13.796022047176365,4.742529298678842,-12.676809833557037,6,Malay,Mandarin,2.2548584537629246,0
4.98411623054997,10.451680019221772,-5.689889032420375,8,Mandarin,English,2.074175740727548,0
9.804393179868713,9.881922105523657,-26.00296408442754,9,English,Malay,1.8464603001979847,0
6.206859436472863,13.27742155630482,-27.282684575327032,6,Malay,English,2.1967149081544664,0
14.808811496646651,10.934756855416065,26.186189737955416,7,English,Mandarin,1.1910476756509334,0
3.8832229418478956,1.0653074553741486,14.83937986651075,6,English,Mandarin,1.9136364006999034,0
2.762094449358802,2.3158959359993734,21.134987926988714,6,English,Malay,1.6919955187018134,0
7.659498202796068,2.36405130487711,-27.060583359603612,6,Mandarin,Mandarin,3.292062560391256,1
1.6216826526725718,12.38697033500128,-21.50051887017011,6,Malay,Mandarin,2.270745073889361,0
13.727481930768732,11.330897985431509,-21.71942627324378,7,Malay,Mandarin,2.0420181132605184,0
22.999634761376406,29.469762506179226,-19.719990331430942,7,Malay,Malay,2.6497427413999204,1
3.0184597801244393,11.961152125036467,13.027789828514234,7,Mandarin,Malay,1.7592312369503929,0
1.3776549508951017,5.93093732118599,12.572756397127812,7,Malay,English,1.851867603379716,0
4.784433631872497,11.155761525813574,27.046551478382963,9,English,English,2.023968746679736,1
5.70939112199964,9.958418121642014,-24.42473038473392,7,Mandarin,Mandarin,3.1269061396144706,1
5.110972966480639,13.192823959042206,-13.407277438726023,6,Mandarin,Malay,2.2547711059490183,0
5.065323073636345,12.389012155390118,-0.29400868048233875,6,Mandarin,Mandarin,3.306976618774794,1
30.242707258168807,29.240082231594542,13.051308664153353,6,Mandarin,Malay,1.2670830269138695,0
23.6755745156923,29.577512118677063,-25.812935102929515,6,Malay,English,1.734742202011156,0
12.120016359198424,8.422539978548109,13.74115073333661,9,Malay,Mandarin,1.4436341609557535,0
10.499491356291465,11.163606594328263,-13.263968889676324,6,Malay,Malay,3.2216557908615484,1
9.935387981551052,6.462377478811572,-9.03071103491072,9,Malay,Mandarin,1.9359199752800047,0
21.455769249799385,29.916301380452342,16.30250017792427,7,Malay,English,1.161958061746513,0
23.167500404866857,29.36645770621316,7.073345592427092,9,Malay,Malay,2.2319046669815847,1
8.001252577242592,6.010147848523646,-27.573351030494738,6,Mandarin,Mandarin,3.250474825640689,1
37.677712086685055,26.777950314166898,15.558959437201132,7,English,Malay,0.9844594490180416,0
3.0512225716267176,9.704421434140086,10.49579898047192,6,Mandarin,Malay,1.9875905956258149,0
10.37170593048239,11.880531402022443,23.024438059834246,6,Malay,Malay,2.4541222945807535,1
1.7495147047407504,6.009207886790724,15.818169991830556,7,Malay,Malay,2.733776824370616,1
5.694173846271395,13.341504824887013,-11.323018799693479,6,English,English,3.2543998172894377,1
38.03107287164454,26.536099919896195,21.870575710973736,8,English,Malay,0.6443182733586186,0
3.1321028060774943,10.998286971939255,-24.48875463931129,7,Mandarin,English,2.142066920088795,0
29.49555395971842,28.264986635335262,14.17446208103841,6,Malay,Mandarin,1.254563195685043,0
8.156066317169923,2.4239523305164044,18.215886045375363,6,Malay,Malay,2.739143801934999,1
7.521565451589233,12.734725773054253,-18.977538059212215,9,Mandarin,Mandarin,2.864178627556191,1
28.940132729306562,29.65816543678217,27.59755310879713,7,English,English,1.6542232252751647,1
7.404609830179202,4.6835277489339475,-13.402678491967468,6,Malay,English,2.3169430292356434,0
10.149805645648884,9.71518770994486,6.357467915869961,6,Mandarin,Malay,2.061338689388614,0
4.976458012367503,9.060756455988836,-24.293602356771316,6,English,English,3.2611491807938657,1
12.858623885508372,8.109243769552537,18.24787268862468,6,English,English,2.634145779347527,1
6.186239029834929,2.641345813334098,-5.374615099925375,9,Malay,English,2.0238087679018917,0
26.601035878994985,26.63984259691574,20.193900188920765,7,Mandarin,English,0.9966887170958287,0
21.549551086420568,26.26837965672466,-6.223837136926839,7,Mandarin,Mandarin,2.767086064650207,1
35.7605189636748,29.60496424760426,24.7795231465719,6,Mandarin,English,0.7650869510278646,0
38.34964088903804,25.024482226131106,11.087011691080216,9,Malay,Malay,1.9228015645762278,1
3.5092116241744886,12.72535742792298,-24.02026114602862,9,Mandarin,Malay,1.8875867723255966,0
3.319001712524103,12.756990366569392,27.047379387021586,6,Mandarin,Malay,1.3750818006633097,0
9.573106711343303,4.5408055835686625,9.320972072152603,7,Mandarin,Malay,1.8976268545255395,0
5.247049090517356,3.357671764376708,8.092367323866846,7,Mandarin,Malay,1.9957199351157198,0
4.456960792907093,1.9961668316540704,-8.322745625534651,9,Malay,Mandarin,2.0377262383359396,0
3.7863285500345882,4.888356441753549,-15.717479838617084,6,English,Malay,2.343361550620062,0
30.221135869674548,27.23709674927489,8.932565602682619,7,English,English,2.3252321409446726,1
35.211275900475314,25.60963401950736,-22.198864191650078,7,Malay,Mandarin,1.5115674094947695,0
14.421823826488566,3.9678616434327463,16.660560733341207,6,Mandarin,Mandarin,2.7154835196338447,1
2.415417850659911,4.617627155690423,-23.445686319599076,7,English,Malay,2.2165172622045,0
14.750111703504952,2.141854576469248,-0.759986068017497,7,Malay,Mandarin,2.1935470503068664,0
8.059150654694431,3.5663514746109337,-27.263525344100298,6,English,Mandarin,2.2753665608932785,0
11.591136268911514,7.640465169095176,-8.006579733083498,6,Malay,Mandarin,2.2634953865096548,0
24.924620545741423,26.65453582566255,-9.269453556890436,7,Malay,English,1.698426055699637,0
14.775572414617224,7.77182574545472,-2.0726935127345882,7,English,Mandarin,2.132617040023499,0
5.537415115422922,11.801142756380685,-13.959866762001454,7,English,Mandarin,2.1450815320752925,0
3.9722255325325744,5.015661199066142,-3.755378979539408,6,Malay,English,2.380103202752215,0
26.894795219728593,27.242977789049935,-29.749985063342766,8,English,Malay,1.472856914096747,0
11.215239049204493,5.5804553391451375,-8.747311978738349,6,Malay,English,2.285385349520709,0
28.401968753546363,25.792702153043255,-24.27054639415192,7,Mandarin,Malay,1.6077366312503216,0
2.955342376491227,5.352064802759777,-27.203680798001166,7,Mandarin,English,2.191246992214153,0
1.2238784567473433,14.41722349153467,13.294757662368749,8,English,Malay,1.6257724623342735,0
6.899065188512729,6.484244777032558,-12.673281457714374,7,English,English,3.1889226288188324,1
13.690410953825936,13.616896164326324,12.350926340556068,7,Malay,English,1.659644506899015,0
39.276743488834526,29.010717474267665,-17.487369934016478,6,Malay,Malay,2.528626040793911,1
32.879730893449405,25.92976652961274,-12.474417382434261,6,Mandarin,English,1.6927708710331415,0
2.4302376612787087,1.5208652076114437,-6.7133565221780955,6,English,English,3.4206111162371715,1
30.22361362238324,27.87361747190149,-2.7235731642507055,6,Malay,English,1.7363533835414018,0
2.968028792170518,6.335576492451664,10.84686751972773,7,English,Malay,1.8923235839633077,0
22.73002320412063,26.01804116462744,-21.346198011837686,7,Mandarin,Mandarin,2.7022094497800158,1
11.269367119248237,9.137201713829432,-2.7485294671744285,7,Malay,English,2.151772546778642,0
14.1116146443473,12.03836781147292,-5.7099623064614455,6,English,Mandarin,2.201966967753593,0
2.135718381073954,9.816081476611071,6.747401915985108,7,English,Malay,2.009322934363671,0
38.70097086144254,28.909268397385187,-20.00598325694633,7,Malay,Mandarin,1.4132652228950808,0
5.530447599648433,5.004315965723797,19.50234410791267,6,Malay,English,1.6945703205693343,0
5.39067944055385,13.156187282910539,13.0302797794718,8,Malay,English,1.605971540483843,0
22.69203234286702,28.44586638282805,13.778781097768205,6,Malay,Mandarin,1.3714309036228562,0
10.702904637160868,10.998318232982479,-25.27851777231478,7,Mandarin,Mandarin,3.0637260453908506,1
28.620617653860315,28.707704813367858,-17.8622331544552,7,Malay,Mandarin,1.5803519844393779,0
9.816684501698075,3.045899639132344,-20.562993278092115,6,Malay,Mandarin,2.285330847664722,0
23.133864321074174,26.84096618217962,13.410969044269374,8,Mandarin,English,1.1673964978444018,0
29.647135302863294,26.488058642792538,29.847769537182188,7,Malay,English,0.6137806048217556,0
7.6424109711132076,2.706986012569641,10.055856236141125,8,Malay,English,1.7920510618982322,0
4.9672777158030605,11.688746282147784,-25.74103414458328,6,English,Malay,2.2301363128718807,0
12.28893478930507,2.7279749111162657,-3.224037895384267,6,Mandarin,English,2.3215841100111723,0
32.56059624981573,29.047308400574767,13.148752232261316,6,Malay,English,1.230615155087002,0
35.177742767282005,27.99570128888945,16.070092587862373,8,Mandarin,Malay,0.8690154074399281,0
14.115492256273118,13.315877221424937,19.475428338799603,7,Malay,Mandarin,1.4090463133650335,0
12.323988859179828,14.05051264838088,-27.540466340071077,7,English,Mandarin,2.0094534304574894,0
23.56082055321789,29.03303914605182,14.241621800311275,6,Malay,Malay,2.3325831972226876,1
3.211328208971577,1.9269565870635887,-29.510716462842996,6,Mandarin,Malay,2.3327480971635053,0
3.758708588898391,10.98175717956846,-13.564523782894891,6,English,English,3.289880263039015,1
10.768380379124844,6.467211743157186,-23.77404183460476,7,Malay,English,2.113397272661831,0
23.635382420880237,28.095920528114775,18.038730362272613,7,English,Mandarin,1.0956019470027587,0
2.037137636780045,2.7780538473556486,14.947705581238658,8,English,Mandarin,1.67617838981529,0
6.041539317370057,11.710694478978652,-1.1460238561919596,6,Malay,Mandarin,2.301157582515873,0
3.3794806582016212,4.334729402293052,16.218832994481154,9,Malay,English,1.4851987445882129,0
13.268552707734196,7.658269680996799,-12.238962532792272,7,Malay,Malay,3.114935234336716,1
1.1173081136362781,7.465408182383564,-6.705531205376396,7,English,Mandarin,2.2568210663552137,0
4.461991655477383,3.6999804899320514,-16.45713826010258,6,Mandarin,Mandarin,3.3460231510122305,1
35.43015286647943,28.030725240788,-2.1324532786756585,7,English,Malay,1.5373892740691433,0
9.909370274634322,8.580343031039751,-28.22371802413343,7,Mandarin,Mandarin,3.0860238068628147,1
31.462247828735443,26.915616030044795,5.487079153732675,6,English,Malay,1.5490187918161085,0
9.523150892134417,4.491758759045246,-25.60877052786834,7,English,Malay,2.1394883350619756,0
7.631239317750988,2.4125383249212025,-23.393826580305603,6,Malay,English,2.304082801638926,0
14.493959623845845,11.509963536628838,28.356622963097262,7,Mandarin,Malay,1.1124789646868491,0
14.752376674624974,12.587033981490606,-5.6722572161873686,7,English,Malay,2.072698369384886,0
34.90675080877355,26.726035701911464,24.598297931548235,7,Malay,Mandarin,0.7119940044518227,0
14.364543027799638,10.911941185736518,-6.135689553734306,6,English,Mandarin,2.2092828593521907,0
13.120504424286942,4.649255508303311,-21.679444775343654,7,English,Mandarin,2.1150375847562852,0
13.146743081120727,4.281034464246311,-14.648931157730043,6,English,Malay,2.259392454020563,0
14.182507283377424,6.358972219511433,-15.2980885456785,7,English,English,3.1085915764855168,1
33.05602460291299,26.634140728874655,26.14094733918849,6,English,English,1.8057198268561505,1
36.2797031901398,28.445765411722775,-25.801800064633383,7,English,English,2.438820043755582,1
7.898238422929988,2.0945851029847624,17.150720064949212,6,Malay,English,1.7822965624676301,0
30.109288775076557,29.58622949391042,-10.827361550347913,6,English,Mandarin,1.6844785106479319,0
29.152705488553465,27.647382102832605,-2.674492167262361,7,Malay,Malay,2.6391947746875646,1
7.979166022345048,2.726930043180195,6.127946281247713,7,English,Mandarin,2.0434609195010776,0
22.17254350731871,26.74205357037191,-13.420030854848772,7,Mandarin,Mandarin,2.7260394981642055,1
10.158334422220872,11.580070108147448,-11.492189445016184,7,Mandarin,English,2.109308656546263,0
12.931725777755457,7.6118947599414595,26.304658563865537,6,English,Malay,1.356400744887737,0
2.9531221773599894,10.86562693523351,-12.68959678991662,6,Mandarin,English,2.302013852907676,0
22.70247130589733,27.813696041196984,7.024475621414362,6,English,Mandarin,1.617502972295697,0
5.504097276623594,7.239774339153994,-2.9253775815370133,8,Malay,Malay,3.1103100252371005,1
7.766519167556853,13.147830077925066,-7.965641640700046,8,Malay,Malay,3.0118043687428475,1
8.302761718144076,9.049980528106351,20.75068631749311,8,Malay,Mandarin,1.3476985564252368,0
1.9900379842819775,12.55615710965294,20.924165171214113,7,English,Malay,1.487192268068157,0
24.57764994271156,26.97178494292189,11.424162295523045,6,Mandarin,Malay,1.4474408881023955,0
27.7914893802049,27.7658355887708,11.778018467131202,7,Mandarin,Malay,1.2552109652441192,0
6.701046811833651,12.39535054511413,28.816453273626397,7,English,Malay,1.1654601618535985,0
20.34360119625366,28.120611061975975,-3.797333993219894,6,Malay,Malay,2.8826211404501394,1
8.92072458538803,4.68041910195325,-26.105504942900843,6,Mandarin,English,2.2594702133169178,0
8.268731816123633,1.784233116273761,-3.4172414125104247,6,Malay,Mandarin,2.370579545967658,0
32.037857298201075,27.892632634063766,27.611749210530537,6,Mandarin,English,0.7505033786850897,0
6.381829977482069,8.525259882766912,-4.470264697126613,7,Mandarin,English,2.2010282190737547,0
7.230809059065571,4.210163589048092,-6.596361581973003,7,Mandarin,English,2.2286024015789536,0
4.477624252259645,10.49452190380632,-25.01417799348321,7,Mandarin,English,2.13189794512773,0
7.188764943730091,11.571941004868114,-27.53877220275975,6,English,English,3.2030970331714856,1
8.05109306786495,2.1478805719722054,-10.405857887037705,6,English,Malay,2.345824070644836,0
5.359773021103884,4.09832234837203,-17.100374364687948,7,English,Malay,2.213417798422948,0
6.477021949269265,1.337027486713507,-25.23470567945366,9,Malay,English,1.9677438200419934,0
10.716714696817734,13.681322363062655,-23.726516680297905,6,Mandarin,Malay,2.15943124046687,0
38.290082551508135,29.94748285993214,-22.8643824401802,7,English,English,2.3939788187992175,1
9.716094539669335,5.694751895616244,-26.18429117712425,8,Mandarin,English,2.00611056505673,0
6.962443348340637,2.561011848340285,-29.300627649143642,7,Malay,Malay,3.172096689202712,1
36.42554044497257,29.14217455953083,26.559622495641793,6,Malay,English,0.6996376459158178,0
9.846485143570995,4.183877372718908,6.653491883406461,8,Malay,Mandarin,1.8743241589178747,0
27.487864296877518,29.26558822891326,-22.436971581591283,6,Malay,Mandarin,1.6915452776601725,0
13.556175242655925,2.2338164310710864,-2.7009605835535133,6,Mandarin,Malay,2.3155968813175516,0
13.587139483957772,5.702561398673906,-17.92677727575861,8,Malay,Mandarin,1.9948470669211544,0
2.907997051938872,13.537794391425626,-0.493124795604615,7,Malay,Malay,3.198898336247673,1
11.084409389480918,10.574386921529495,-8.202781860412781,7,Malay,Malay,3.12106943068852,1
34.93915337357381,28.048860848854943,28.898379526312183,6,Malay,Malay,1.6579098286746259,1
20.151321898626687,29.261971945612935,-0.19637743504159744,6,English,Malay,1.8798608376394674,0
7.209568013774111,11.132114808925822,-28.08572233633277,7,English,Mandarin,2.087964097318558,0
12.405118479828468,7.79224182429265,-4.752254676206906,7,English,Malay,2.1471855480380992,0
38.40418744263334,29.085470780454003,-1.2136645581102599,6,English,Mandarin,1.5952819902249407,0
37.515579791932645,29.526664206370384,27.580935307865097,8,English,Mandarin,0.40595457980667415,0
12.406042550794353,6.578988686816089,-4.817072463827266,6,Mandarin,Malay,2.2765927794111382,0
4.6475258405059074,11.169491580357517,20.716361051986972,9,Malay,Mandarin,1.2467571889718216,0
14.634442824965106,5.38099135962536,27.374257246937848,7,Malay,Mandarin,1.2067466545112708,0
1.047404929675677,13.245042906016122,9.125347027161311,7,Malay,English,1.9026883756924362,0
7.33643488320055,6.3309551077667,16.252114205384252,6,Mandarin,Malay,1.7770021029018785,0
3.9103140402934473,2.621430212273857,-2.3658124392798676,7,English,English,3.291796516010061,1
11.914298620516092,6.605711253236473,6.9807512370109475,7,English,Mandarin,1.9354736079670913,0
38.11526379660978,28.232543052897977,-4.763835678015344,7,Malay,English,1.483710218969828,0
23.281908338201617,28.286169253652464,-16.395349828095476,6,English,Mandarin,1.7923454046997294,0
13.134040036812573,14.608108921142696,26.822762243195655,6,English,Malay,1.2662818319085996,0
5.974204723795182,6.180529209265877,9.654680157149127,7,English,English,2.90553885516917,1
6.56331724725411,12.162268098755458,18.610232425592326,6,Malay,English,1.643886011644173,0
5.654147972043409,1.72388502054297,-3.909087403588238,6,Malay,English,2.395689378728842,0
38.903826975120666,25.53025157980118,15.885431088590144,7,Malay,English,0.9733686899338942,0
4.61707333651262,7.230246279876349,-2.5739985684288094,7,Mandarin,Malay,2.2379468086080143,0
5.537580212983597,11.947498057364172,-10.03256384073979,7,Mandarin,Mandarin,3.15670733782739,1
23.30910498620858,25.21722185959468,-13.147977421553481,7,Mandarin,Mandarin,2.7329861021045487,1
30.95310637652828,29.666085143218357,25.774950719817888,7,English,Malay,0.6865781900547594,0
6.418825720918054,6.606644457967161,11.881750700487508,6,Malay,Mandarin,1.9363840236940852,0
34.38109667987609,26.54858423419625,-25.810546974441493,6,Mandarin,Mandarin,2.61533647364407,1
14.747325802774519,12.049868661919914,-13.693431196655034,6,Mandarin,Malay,2.168883284697539,0
25.16606859455706,27.09289462260608,-12.41419484975037,8,English,Mandarin,1.559868811567183,0
28.653843972306202,27.53882881964118,-10.707309411631467,6,English,Malay,1.7393673918642694,0
2.3075870022238116,1.592516413396003,29.660927940069328,7,Malay,Mandarin,1.2878664879413755,0
10.349885541869112,14.204891844943436,-26.96524108612264,7,Malay,Malay,3.0295680891781327,1
38.67736211296249,26.31400134137826,-25.956428049147576,6,English,English,2.551668474990874,1
9.93995704463722,10.935550830178123,29.059279743189922,6,English,Malay,1.2566701302401992,0
39.082134254466595,27.388665624950765,-26.775139685343106,7,Malay,Mandarin,1.408425980702364,0
12.554510953049538,14.137172408678952,-27.206850574734368,7,Mandarin,English,2.007393664466934,0
3.854886887029465,14.899680041088535,-27.33740932703624,7,English,English,3.0863296329620327,1
4.52137408697072,14.388158392245867,-15.049164397506333,6,English,Malay,2.243240793882813,0
2.4309634121725576,14.224914771931918,26.06292488229624,6,English,Mandarin,1.403738847278587,0
21.458976988932392,26.44840199053953,-28.40584137203077,6,Malay,Mandarin,1.8092546335236677,0
30.64614285207634,26.82126966787074,-4.659778517260037,7,English,Mandarin,1.6221965435210677,0
8.881269599836896,5.313492263584092,-2.845737122754535,7,English,Mandarin,2.2135665909566082,0
13.984326916342347,7.129342912411486,-5.286737702592347,7,Mandarin,Malay,2.1362408427038204,0
11.228426923714224,8.434035537341027,-13.012582533619529,7,English,English,3.1250001002773824,1
13.62937286899625,6.449725193867647,11.094144906994886,7,Malay,Malay,2.77591394762654,1
29.39091778310725,27.92984603959932,-24.299217960083013,7,English,Mandarin,1.559012947335399,0
12.229687318189507,2.7299503290446125,-5.5963556549218225,6,English,English,3.3142491046779194,1
1.5173459723251221,2.048556767402868,-11.432560938255357,6,English,English,3.408732436141869,1
9.309155727679178,13.492631866662215,17.945845656659564,6,Malay,Mandarin,1.6263775260735014,0
36.6516822130923,25.219081526515104,20.937485129683168,6,Mandarin,Malay,0.9539205845116405,0
32.375466051493476,26.57756714274059,25.862358984059252,6,Mandarin,English,0.8269369192031739,0
5.32518060573808,6.458025895336737,-17.24676324876274,7,Malay,Malay,3.189678724160043,1
8.503854229360876,1.31341636931234,20.98462454704731,7,Malay,English,1.532365434866612,0
13.355137471092462,10.969458605395003,-5.779338294386431,7,Mandarin,Malay,2.102489578253837,0
30.03366927937012,26.070900763576574,-4.356524294920863,6,Mandarin,Mandarin,2.7619071627933156,1
21.49503005842302,26.83468015455637,-26.25475907208356,7,Malay,Malay,2.692355310891153,1
2.9461089613854954,3.128273626790995,-18.37563997648767,6,Malay,Malay,3.360504040863276,1
10.667801278862536,9.728451393128156,-10.31541092113153,6,Malay,English,2.244152770209655,0
6.701642801455305,1.8156006869349155,-20.804000275966896,7,English,Mandarin,2.210480897529542,0
32.8020294814188,25.08834821358401,-22.39580151099908,6,Mandarin,Mandarin,2.6739970085966256,1
10.864337480230006,4.21758377787863,-17.52635687203911,7,Malay,English,2.1557595978454502,0
35.94818129437023,29.851003427063,14.725795904610187,7,Mandarin,English,0.9927209365607936,0
14.60612906413611,12.34007270631276,-8.085380022133023,6,Mandarin,Malay,2.186086715555068,0
6.851445410033047,4.02576916574597,18.850115032571814,6,English,English,2.7139738281021963,1
12.044862735911074,11.641110693842352,-14.71676414007125,7,Mandarin,English,2.0790843852355616,0
21.201977047159122,25.07142011341697,9.756211028099441,7,Mandarin,Malay,1.4703908804075583,0
22.81383984295704,25.29470839129149,11.60783274124816,8,English,Malay,1.2595373259680036,0
38.66279397056181,27.166797529911513,18.644952888018878,7,English,English,1.8550774478008654,1
8.405856762666193,4.6694159472371215,22.54193280947844,7,Mandarin,English,1.4452796245692217,0
38.747035953894596,28.530938610500986,15.534430845462762,6,Mandarin,English,1.0589153160737612,0
30.04725998750368,28.22947809655477,-14.271017883955734,6,Malay,English,1.6950695701903495,0
8.75361751053218,10.83351899277788,17.25162713956209,6,Malay,English,1.6828216850822262,0
1.007985287215686,1.0124049226182004,-24.619470787131604,7,Mandarin,Mandarin,3.2627311952778895,1
3.5120309056967542,7.741615689654614,-23.720911765821462,6,English,Mandarin,2.290893828160415,0
12.562467083218516,3.650472720334654,-23.115727379311227,7,Malay,Malay,3.1258181773667646,1
4.3740975346341,14.443731889714973,-14.779393107976162,7,English,Mandarin,2.1275570620632553,0
6.044409739772386,3.364034893763593,-23.866677107649508,7,Mandarin,Mandarin,3.1913599633058087,1
20.559578993008117,27.894934541242772,-4.1112536475901855,7,Malay,Mandarin,1.7642256106419076,0
7.746090734897431,10.481392611869357,-5.218208670659656,6,English,Mandarin,2.2828311376301333,0
11.93286714351213,7.014536354379734,-12.855147504334695,7,Mandarin,Mandarin,3.1326754733399658,1
8.622103288064178,6.437646775182824,-0.5349454412823107,6,English,English,3.330119347896589,1
37.04242492104214,25.88723810957836,15.675566555809809,6,Malay,Malay,2.1216159678481157,1
5.026759664225529,8.908755759230042,-0.15401042913055818,6,Mandarin,Mandarin,3.3426314776683426,1
1.826339163569322,8.123006264759521,-3.527160488094882,6,Malay,Mandarin,2.371249344089729,0
11.705675226713554,2.4159162838402235,-15.918469724550913,6,Malay,English,2.2882225191459593,0
11.973839551210364,8.883963752899074,-2.467196481635998,7,English,Mandarin,2.1481979786867855,0
12.32712515290285,9.467071554631982,27.391681581236323,7,English,English,2.1883491775813804,1
5.290480175018635,7.088144835500138,-9.50376346333411,8,English,English,3.092034538350365,1
39.999546017812804,29.04967484113253,10.541912670925209,9,Malay,Mandarin,0.8536007320451349,0
7.6198794431041,14.265998886400288,-20.943485506129953,6,Mandarin,Malay,2.1938295983511895,0
7.189659089885267,8.065351537812706,5.107818593378059,6,English,Malay,2.1511762429547883,0
6.6311455307958145,4.763469016469443,-26.388326382130433,6,Malay,Malay,3.2805927665869126,1
5.813051939799228,2.976891018654548,23.266479421623053,6,English,English,2.5802737906586555,1
1.774650687902592,3.281761829019331,-16.85554804916451,6,Malay,Malay,3.375750714666899,1
5.027126734502733,3.485599290980947,-26.77564431960693,7,English,English,3.1906205920131403,1
13.330120342545529,8.191106895379088,29.14122095432682,6,Malay,Mandarin,1.2473449942193153,0
29.663960270998125,29.82402158062148,-19.77539131341504,7,Malay,English,1.5403800890412005,0
32.0074808966027,26.297205090249754,-19.60741137921014,6,Mandarin,English,1.6768468467182613,0
4.06739143951348,8.475002530397282,-10.207476364409736,9,English,Mandarin,1.9705511390861932,0
11.287264523157075,2.9392261411781258,11.758427788861525,6,Mandarin,Mandarin,2.9286901207464946,1
20.92831458451232,26.30555989486093,10.111500254472048,7,Malay,Mandarin,1.4430149991921166,0
1.6807887016469985,2.324630117600601,9.045633658672562,6,English,Malay,2.1258486337539844,0
11.607416951129633,6.039393822309035,-6.243465704250951,7,Mandarin,Mandarin,3.16772033991811,1
4.706355083782913,12.454971696802225,-24.20770072237552,6,Malay,English,2.2301943964528967,0
38.13435639375256,27.664671737428705,-21.836238245704184,7,Mandarin,Mandarin,2.4353387682514995,1
11.263160081686358,13.105833813827315,10.194132664518087,6,Malay,English,1.8820154177867303,0
11.808902983278092,7.8292370820612955,11.867247991725591,6,English,English,2.8707649196362106,1
8.120152482660004,8.136828207139267,-18.262355630898007,6,Malay,Mandarin,2.2590556743323473,0
28.761824326528085,27.154155419383738,-27.6190742003258,6,English,English,2.687298956618063,1
6.336578772461877,14.186166703678637,19.1568903633475,6,English,Malay,1.6067813825214325,0
37.87027998642625,26.940580398278886,10.850925956906627,6,Mandarin,English,1.2612153188572992,0
3.228066766615175,9.86359328614366,-7.315041956412223,7,English,Malay,2.209699926284371,0
31.764646501290002,25.666181990317884,-12.983741704221998,6,Mandarin,English,1.712519084449804,0
2.9615446702606842,13.244174527907067,18.134498319650575,6,Malay,Malay,2.6857353668305524,1
3.0304821333253082,14.858084726250654,14.130399954137378,7,Malay,Malay,2.6915503330094324,1
11.056641437226792,2.6211277319440436,28.95018482053942,6,Malay,Malay,2.3324658395894122,1
32.98320946172665,26.747082300857222,-1.336375982905043,6,English,Mandarin,1.7155742081945673,0
34.159526948582204,27.748851758415185,-25.727122839827086,9,Malay,Malay,2.247890366202839,1
25.498793173930125,25.884955779014536,27.75669794743855,6,Mandarin,English,0.8783794770160673,0
5.909890688308913,1.6453389674700136,-2.26093899743395,6,Malay,Malay,3.399411240117431,1
4.160468274111343,2.1468466405104505,-1.990495738335678,7,Malay,English,2.2952918650593297,0
12.630755171076242,1.5768367047900735,6.669520458258692,6,Mandarin,English,2.106990865202283,0
6.971483909565807,13.488164809687166,9.786652966146548,7,English,Malay,1.8178706589923412,0
6.466444845942766,6.416847748515117,-3.414291137479843,6,Malay,Malay,3.342286103597155,1
37.957990318620894,27.63218245016102,-16.191503818357848,9,English,English,2.2224034108688664,1
5.0095816785395915,3.853211051537655,-29.66104889874935,6,Mandarin,English,2.2950019097033962,0
32.32547836433057,27.858940912051334,-18.31978328801715,7,Mandarin,English,1.534398644740669,0
5.50239811215852,8.898317176798145,-21.572011307283567,7,English,English,3.1490861427528216,1
20.79911766959907,29.380509549116365,-8.7741969181922,6,Mandarin,English,1.8393473646482303,0
10.271232517351441,8.745861584098236,-26.76507903570525,7,English,English,3.0856121288664857,1
8.951397494542617,8.184538432079023,-3.060970776686805,6,English,Malay,2.3009374048114943,0
11.521168768873288,2.111792899813135,12.140366636172061,7,English,Malay,1.8037575510471138,0
12.776857183085502,10.522235203630371,-7.160050072350803,7,Malay,Malay,3.1081422425583387,1
33.52058546394733,28.76166987475322,19.8878302745282,6,English,Malay,0.9842575240117268,0
27.24931869354978,27.892767632366485,-15.743285321749674,7,English,Mandarin,1.6214232616354702,0
8.713508762678103,1.1783422257517095,-13.309671578076621,7,English,Mandarin,2.22171591818878,0
6.38968743330541,10.452735788114271,9.915299274105001,7,Mandarin,English,1.849540293192128,0
3.8434841938159323,3.1497869826785942,-12.62689037794518,7,Malay,English,2.252977653641904,0
22.55655411688933,27.430771100658426,11.085825434623022,7,Malay,Malay,2.3660821619596737,1
12.000571659174051,5.974384113145478,-3.2142615277205273,7,English,Malay,2.174536237184403,0
12.7340794739196,3.530401027961375,-8.445996819961081,6,Mandarin,Mandarin,3.2917018722479865,1
5.4846170943521955,2.2650137349426087,-8.440568342071195,6,Malay,Mandarin,2.376868463900148,0
32.421751239990016,28.57314052275592,9.424258557383723,6,English,Malay,1.370508189737744,0
23.005986477103384,29.118643382146338,-13.12019852886904,6,English,Mandarin,1.7946050959821076,0
11.712467582972197,7.353090424436221,22.922217718103013,6,Malay,Mandarin,1.4895667997923105,0
6.869049613022772,8.919832606017986,22.3193424570653,7,Malay,Malay,2.425934191812307,1
32.73294565755813,28.51320963005137,23.946223904838767,6,Malay,Mandarin,0.8583308588567178,0
8.613172950926854,2.7375175379671814,-28.378533790876503,6,English,Mandarin,2.2743979824748046,0
3.4490048447350885,13.996028257429938,6.268639011611023,7,English,Malay,1.971147303571964,0
4.092279490472819,2.747324647506576,-29.71430412972505,6,English,English,3.3150562781877895,1
9.767506448780415,3.614666572359938,-19.948907008736263,7,English,Malay,2.164681913092809,0
11.864918644942165,6.269615362366362,-6.378827070288658,6,Malay,English,2.279891903025953,0
29.51968594605539,25.708063875025676,-13.73927950086891,6,Mandarin,English,1.7442707377802873,0
6.508085458246013,11.360003154565653,15.555172274742239,7,Mandarin,Mandarin,2.641888084255905,1
20.294502329849706,27.048358184164673,8.46253981777647,6,Mandarin,Mandarin,2.6165332761598226,1
4.467983111385498,3.9272663113659334,-4.359223292742854,6,Mandarin,English,2.384016761463343,0
31.725644219723456,26.819267052519038,-15.852026839056686,9,Malay,Malay,2.3331279574127057,1
4.875692350222694,3.42408230968772,11.056158783576223,6,Mandarin,Mandarin,3.012536695975728,1
2.0178488155905265,6.8838511881027244,-28.399550548935707,7,English,Malay,2.1813178314666155,0
13.753890925844782,9.94165852905034,-10.041244497231403,7,English,Malay,2.0945736904602774,0
9.235972808407691,12.5137387026632,-7.694984239817188,6,Mandarin,English,2.239352937423234,0
11.384701126530858,14.53665620403122,15.707261287678707,7,Malay,Mandarin,1.5560322816256247,0
36.993955768744186,26.389054660830787,-6.937021411694904,7,Mandarin,Malay,1.5225853219454062,0
10.014409291008205,8.769489186019538,-28.099482126946306,6,Malay,Malay,3.2009960748065684,1
14.231854693973467,11.850639282070635,16.773304658724292,7,English,English,2.5171093971842087,1
4.314787593294232,12.813940702013879,-23.297474705651023,6,Malay,Mandarin,2.2335544680280823,0
5.550896891005685,3.198457595611984,5.756315051837214,6,Malay,English,2.193535428319521,0
25.140462432792155,29.53230445612947,25.37221149103469,7,Malay,English,0.793174001763894,0
25.70200471764461,28.076846877538628,-18.429937666126502,6,Malay,Malay,2.7511736274100613,1
38.15503904967515,26.172901001604853,-17.949864870560184,7,Mandarin,Mandarin,2.471176938522666,1
4.38917367519193,6.612476670603779,-7.377407389388992,6,English,Malay,2.347892138577413,0
1.9270334669590021,5.579858504892228,27.560533580297985,6,Mandarin,Mandarin,2.4428124049710584,1
2.092769764729481,8.713439933871534,11.269458543251503,6,English,English,2.9800068540001874,1
7.806110149733293,7.337797548899041,26.080449656311192,7,Malay,English,1.3007451850427851,0
10.6583518880949,7.007202391955123,-2.6578753494892418,7,English,English,3.1794848727012024,1
26.39040965915836,26.16907174841223,-0.9150041833540143,6,English,Malay,1.8285247197154995,0
7.972775170123378,12.100452521490876,29.79723260630249,7,Mandarin,Mandarin,2.1213645818632703,1
11.562945276686406,2.973708730224612,24.485258836000014,7,Mandarin,English,1.3626494006708896,0
24.78801579557495,26.978214735389972,9.233552915723596,6,Malay,English,1.5207398396902199,0
1.5971122607433001,6.753777814959235,-9.143830808610844,6,English,Malay,2.3685116632142718,0
31.093686750609,29.33117450111652,6.153650258802011,6,Mandarin,Mandarin,2.493846621470644,1
25.054008512851574,25.377763424188284,-13.216285536641347,7,Mandarin,Malay,1.7031181514127978,0
13.78215590189811,5.120293646381286,-8.999465377670862,7,Mandarin,English,2.145977286591637,0
12.731936852517624,10.042707841716943,-16.916132078213977,6,English,Malay,2.1983664461302745,0
10.18499433414208,5.81939401449189,22.40766500275532,8,Malay,Mandarin,1.303187841417224,0
5.859715876541989,5.4672395622084835,15.07591204427599,6,Mandarin,Mandarin,2.8415735240628357,1
7.133090102427377,2.1144243355889776,-7.506734581099558,6,Mandarin,English,2.3650024070161715,0
6.240493551219857,6.350294258461707,-17.289923171241803,9,Mandarin,Malay,1.9464590446657117,0
23.359855214445307,28.251653403216746,-8.242597749191159,7,Malay,English,1.7013456512279532,0
39.61699736457271,25.80517360544207,11.855970267569319,6,Malay,Mandarin,1.2165294922126217,0
10.933073294043828,9.491197085768619,-0.38102924762910817,6,Malay,English,2.2769871987097785,0
10.040046516717375,11.518567986902301,27.957714663326367,7,Mandarin,Malay,1.1708938417473806,0
3.267462798356523,12.879868627912192,19.527847597921777,6,Mandarin,Malay,1.6375520198100508,0
28.797364332440516,28.271030009876068,27.542515188771777,6,Mandarin,Malay,0.7974480564013966,0
8.911729083709117,7.139470791059029,27.63572969183168,6,Malay,Mandarin,1.3547374620382096,0
12.377657389712354,7.20375733376869,-7.228197401748396,6,Mandarin,Malay,2.2625918614260283,0
4.602343571663797,13.009887181332113,5.583394782647079,6,English,English,3.1109588750773933,1
10.562938913998604,1.8715753278968803,22.77621708186387,7,English,Malay,1.44348725971581,0
34.12395807162035,29.718414054922295,27.59501274687212,7,Malay,Mandarin,0.5727376541132569,0
34.95813582642777,29.363271120708568,12.299439233487863,8,Mandarin,Mandarin,1.9831310743169155,1
4.974997907791918,14.736647034893762,-0.2360610974207269,7,Mandarin,English,2.1670966802484077,0
9.825152800592777,4.162814193261614,-18.72528651699005,7,Mandarin,Mandarin,3.162702708338156,1
14.932546116418754,7.159862868072738,-0.5526660466113924,8,English,Malay,2.0247336899997137,0
34.03711564612656,27.152127387227107,-26.627029925849392,6,English,Mandarin,1.608577230839445,0
3.8717637589333087,1.457009328104971,22.968156557445777,9,English,Malay,1.2728267896190149,0
35.067290283663,28.10604590782907,-15.55219624740721,6,English,Malay,1.6146296717520991,0
24.697550743164733,25.111268640006987,-7.252081118069373,6,Mandarin,Mandarin,2.850189205868209,1
23.751357730285804,29.43763923406502,26.56012937603372,7,Mandarin,Malay,0.7746777412822512,0
11.842475425811227,1.5737216293623284,-15.446944590424362,6,Mandarin,Malay,2.29684821414685,0
8.546837511549823,12.265388177985708,-21.50199448187976,6,English,Malay,2.2027044281650454,0
9.149727296109232,14.081944343888143,-28.26551867636485,7,Mandarin,English,2.0384648880121436,0
30.043722131652828,26.823914852185254,-8.754165148142217,6,Mandarin,English,1.7353784297576003,0
12.624905166360254,5.2208807022756405,-3.184739760069906,8,English,English,3.0584263421134077,1
2.4491800563719286,5.4079880090630805,-10.91482486853091,6,Mandarin,Mandarin,3.3675455697838803,1
7.889567846649204,10.981187272891393,-0.5973908643462984,7,Mandarin,Mandarin,3.17430114592344,1
10.767666897732042,11.13721259426068,13.114607114575067,6,Malay,English,1.8044399560699456,0
4.9969451317106115,1.8646280123212156,-1.6019222757933242,6,Malay,Mandarin,2.4085445276403705,0
1.7372912297164573,12.081380434650084,13.427430777567077,7,Mandarin,Mandarin,2.756853206141487,1
13.147979924446863,11.664405837720228,15.544426857175457,7,English,Mandarin,1.5728212023771881,0
9.664042855940558,5.165444279398176,-5.500605566207561,7,English,Malay,2.1983697767592543,0
10.630148337437252,12.710065944525589,11.633797018430398,6,English,Malay,1.8419149615353076,0
3.760091737034874,13.136603380186816,-15.38765047499745,9,Malay,Malay,2.9097408805777913,1
21.62835520470174,25.2449855616994,23.5506620702169,7,Malay,English,0.9782526378428353,0
1.0840387524813517,11.420108316977892,8.920492165958958,7,English,English,2.9277413034968442,1
7.985642216882789,6.9534940109543495,-5.562387047820934,6,Malay,Mandarin,2.3145673475622255,0
5.891669129027333,10.325055240041333,-21.77511132019366,6,Mandarin,Mandarin,3.247749051908668,1
2.675473925399363,10.375921180811103,-24.664875595028782,6,English,Malay,2.269769796954466,0
4.675592440809364,13.688202524778125,-24.183360177560786,7,Mandarin,Malay,2.100750849752256,0
26.011784469814142,29.499616400259026,-27.531169858454053,6,Mandarin,Malay,1.693885420270682,0
34.87823375587067,27.303154453389276,-16.00314193963917,7,Mandarin,Malay,1.5110568213904925,0
32.23477017233576,28.912089247519752,24.878390571736766,7,Mandarin,Malay,0.7097496279025721,0
34.98313808658896,26.95638100192743,-16.442280907911826,6,English,English,2.6308554333744834,1
33.04323876899397,28.487797289376438,26.00047349127895,6,English,English,1.7820006446750303,1
21.70613385734224,26.141015835182667,27.628078945594943,7,English,Malay,0.8203949083537898,0
5.543626392660929,12.322500756036822,-24.05306222474605,6,Malay,Malay,3.2236618544305355,1
23.64751743512326,29.664972987501535,17.75859553547799,6,Malay,Malay,2.1983104163507736,1
1.6907820911142635,6.722182946675831,-22.957497295472812,9,Malay,Mandarin,1.9693453586371896,0
9.312452508372138,14.992193409835641,-0.5037361749968028,7,English,Mandarin,2.1202744202345998,0
10.964611516466308,2.127343079259614,-5.718810760310941,9,Malay,Mandarin,1.980017751508371,0
24.229142551693144,28.25845280697096,-16.7029365712461,6,English,Mandarin,1.7770165058499603,0
39.56621496828201,29.941681095065082,8.94838264758838,7,Mandarin,English,1.1372393352378967,0
5.797059919112422,2.574734723049539,-26.709012626162803,7,Malay,Mandarin,2.1922520114911714,0
14.552213698231967,4.817240255799193,-17.174997675206228,7,Mandarin,English,2.114055468209001,0
4.736326019282578,4.432132523753195,-18.532938413509633,6,Malay,English,2.3290389531912767,0
20.99419197108459,26.30220578621269,-18.529199587635084,7,Malay,Malay,2.7341809251499254,1
25.17901345951138,26.377611856805252,-25.89033815401937,6,Mandarin,Malay,1.7608735901216768,0
5.202976386528562,12.50879694247955,14.282221760080805,6,English,English,2.805504505107091,1
1.161330040683782,11.011202716651713,-6.3979039715792645,7,Malay,Malay,3.221948325854714,1
7.130192865472928,9.50543359898241,-26.333374109359728,9,Mandarin,English,1.8758658216575808,0
3.5636227229568274,6.567221268016589,-22.49074246800092,6,Malay,Mandarin,2.306222418530263,0
12.303050773049591,13.130833608990827,-17.365956401364183,6,Mandarin,Mandarin,3.1702746348417152,1
4.861124013385607,7.20270246357044,-13.039454998832845,7,Malay,Mandarin,2.20089688523433,0
14.819670475149445,11.862491151471744,13.596776553050278,7,Malay,English,1.6222912043770283,0
7.094710794978439,8.89646904364901,-13.858817854678598,7,Mandarin,Malay,2.1588921420981304,0
7.160532424844987,2.62958238872732,15.946664899289003,6,English,Malay,1.8264655803891618,0
8.792124686024902,7.305364204020185,17.8480198848961,6,English,English,2.6968444151281856,1
1.787793695383589,8.457874397827535,-22.522508324890484,6,Mandarin,Malay,2.3049682913182536,0
5.002542340207823,6.217695355582592,-25.790817400976866,7,Mandarin,Malay,2.1668282317055065,0
12.53390718270495,12.480289642625012,19.876280981090172,7,Mandarin,Malay,1.4191881974085445,0
36.35913477461361,27.675320702352376,-12.721556959924218,6,Malay,Mandarin,1.6106699471585595,0
8.125325908176794,14.775984125881017,18.820267289182322,6,English,English,2.5947775445380405,1
13.557768912501182,4.126400162565561,-16.338263114243162,6,Mandarin,Malay,2.2511974322018555,0
10.163639492417097,11.77481734193971,-19.091268426564,6,Mandarin,Mandarin,3.199477870234552,1
8.992597337595218,5.484519417419135,-0.2284314738808071,6,Mandarin,English,2.336967394203587,0
5.696937974863789,5.6577763609089695,-19.597412332337875,6,English,English,3.303628148867813,1
10.770878777789376,1.6920330837681865,-19.734486636403343,8,Malay,English,2.05708925926308,0
27.100647388220775,29.23634286377952,-22.129674448604725,7,English,English,2.5815479034735356,1
28.77522419797154,27.957570302784294,-19.59507588859377,6,Malay,Malay,2.7013396103595966,1
39.8163974285464,26.43618194550334,25.56241520027374,6,Mandarin,Malay,0.7238864555052009,0
22.41520625558579,26.22690048844505,28.926469554276164,7,Malay,Malay,1.7625852384709657,1
13.29445639383496,11.578345697297983,-25.20077988358014,6,English,Mandarin,2.1497693794767367,0
2.516834461421896,6.109035759435899,16.728470505218468,7,Mandarin,Mandarin,2.6932448301087755,1
11.02741675294116,7.333686431071233,22.646633148503472,6,Mandarin,English,1.5062568079622545,0
1.6800346028565858,10.350665588952324,-9.992922658111983,7,Mandarin,Malay,2.2113832558882045,0
30.88666875636676,29.510687605339086,8.001891472180501,7,Malay,English,1.312086032847147,0
14.356832962509205,9.978405131886637,-3.452596099935146,6,Malay,English,2.227638965389591,0
12.078162253034417,5.688961885793358,14.782854664250722,7,Mandarin,Mandarin,2.6699288453629473,1
36.01069155516596,27.01866847971774,-2.3641727286779677,9,Malay,Mandarin,1.3083293792506603,0
11.832732170674499,13.132219335436364,27.20962313969556,6,Malay,Malay,2.280513675049547,1
22.314898740710795,25.408027838507806,-25.359173772969527,7,English,Mandarin,1.7047794517467012,0
1.192312656386397,3.2197812522271576,22.633714232725133,7,Mandarin,Mandarin,2.528699062768485,1
31.724251030424615,29.371382046659654,24.695899951431954,6,Malay,Malay,1.8344336538341266,1
1.3159946758201557,9.180785107520201,9.6267618155411,6,English,Mandarin,2.040595538622658,0
10.127077030007177,11.483680167727224,-11.15134591079078,7,Malay,Mandarin,2.111721274986687,0
4.423146492477594,1.2236243712810355,-19.384316458845504,6,Malay,Malay,3.361417903166262,1
4.643217124164782,9.01698186771664,20.38959355655932,8,Malay,Mandarin,1.3972622356016096,0
6.840880297134438,12.222069166725689,-8.01413737984354,6,Mandarin,English,2.2651567140952538,0
12.05271011660539,2.3395107077900503,-26.057823720512893,6,Mandarin,Malay,2.251718379354336,0
36.982460547421454,29.314990806420333,-2.673200804648584,6,Mandarin,Mandarin,2.6089623095914103,1
24.33274343217546,27.800476998256116,-11.94956325355561,7,Mandarin,Mandarin,2.6808735824592125,1
14.658469389971437,12.954008137874837,26.322887664603417,6,Mandarin,Mandarin,2.285074156460418,1
5.180988020177602,14.746138556691909,-23.36214981824812,6,Mandarin,English,2.205354901503811,0
7.266570072681145,6.928173831276638,-18.20155523975869,6,Malay,English,2.2798807101612266,0
8.047058005951914,1.086857549190889,-11.835336123925842,7,Mandarin,Malay,2.2342097240354857,0
34.043933979982015,28.969200061206987,-20.817874168632663,6,English,English,2.59956944546384,1
11.407875405289957,12.026592512843393,-16.59777587257065,6,English,Mandarin,2.192829401243431,0
28.08936539702039,26.416204549493195,-16.33407000126451,9,Mandarin,Malay,1.3943553452722401,0
5.0968791397959174,2.5304989532282027,-0.7667087032213331,7,English,Mandarin,2.2861705233923546,0
26.488639605607183,29.95884744496096,-4.882355359335918,7,English,Malay,1.6373201280155982,0
10.211269337652297,10.340943586667077,-15.90538759060337,6,Mandarin,English,2.2239599121214617,0
6.6181478056747185,4.317159447256115,-19.218504036850874,7,English,English,3.1915852473478554,1
8.86810292477874,9.94450480140052,19.708075712529435,6,English,Mandarin,1.6045912727996772,0
3.5840138413365774,13.499471465184731,23.32692913239964,6,English,English,2.4952226273008,1
1.2313399538142142,11.032172920887351,14.700141135011147,6,Mandarin,English,1.8453599315275941,0
12.716804639186941,1.6202995279707033,-15.846509226515233,9,English,Mandarin,1.933807260906706,0
6.901779491217013,1.9813743223741858,-21.712966993810692,8,Malay,Mandarin,2.086291905218052,0
38.86632377498864,29.505168613585706,-6.79189186024681,7,Malay,English,1.4454704788657986,0
13.842011485523894,13.725930104098474,20.409333499653982,6,English,Mandarin,1.4924939116158868,0
38.446501066518806,25.892304028274747,13.864525365815778,7,English,Mandarin,1.0455824218329925,0
7.678034663518955,8.15457458551864,-9.913547637904134,7,Mandarin,English,2.1736287487166104,0
1.4145811142646567,8.904117602380133,-5.395491012428629,6,Malay,English,2.3613280427921235,0
31.4424511743076,27.13495996303881,-10.445098796526338,6,English,Malay,1.7031454974306346,0
14.958755233200927,4.645178940595752,14.957425724823088,7,Mandarin,Malay,1.6454507578932254,0
1.6371396813210528,6.978634732319738,-17.49251085899759,6,English,Malay,2.3380338863336,0
1.1881220330097946,2.749895446293852,27.98310255159275,6,Malay,Mandarin,1.4637112359012172,0
6.6600056148698235,12.403579354848553,12.990735533105763,6,Malay,English,1.8371884066441146,0
5.110347806335514,6.200694782878789,16.169665103647326,6,Mandarin,English,1.8034512954802007,0
6.068639353909525,10.369381861025326,-21.072156109871287,7,Mandarin,Mandarin,3.1303792674844138,1
14.84992679836834,2.7479821126626054,-12.2274720971151,6,Mandarin,English,2.2657626705659735,0
29.366239311167845,25.30587569051786,-23.25714239562954,8,Malay,Malay,2.4861877364327905,1
12.091968767376372,4.142421801427012,6.026759916304288,6,Mandarin,Mandarin,3.109219497241316,1
5.2712033379877425,1.6127066898639835,-5.120686468447548,7,Mandarin,Malay,2.2790919448266576,0
33.226409284160255,28.2007120757554,-23.868661317343154,8,Malay,Malay,2.3790714633435015,1
10.594880015252837,12.959343852081762,27.704174828679495,9,Mandarin,Mandarin,1.9248116423228714,1
11.712417495758846,12.204788355204157,13.245173894125928,7,English,English,2.6622468551959626,1
3.11015074520201,7.380961434783789,24.60302010885918,6,Mandarin,Mandarin,2.516483174390071,1
14.535508651801962,8.42050956140491,-3.790487091818619,7,Mandarin,Mandarin,3.1228048608952026,1
2.3644637595593943,14.383275230344722,12.238928781940071,8,Malay,Mandarin,1.6516601027330564,0
7.266864539095815,5.477810086393715,-12.837000059601106,8,Mandarin,Malay,2.077263253546434,0
5.29050971012662,4.904639031356055,-1.2107345208142277,6,Mandarin,Malay,2.376512730849126,0
13.520922014756236,7.133407485185594,29.70320065398475,7,Malay,Malay,2.1188446821111153,1
21.794072681288444,28.3871002160424,-9.891617282588498,6,Malay,Mandarin,1.8355985862106698,0
12.699680407021976,5.244872096885243,-15.307633550491001,7,English,Malay,2.1345290297926245,0
1.1729900053170865,9.196143342554137,8.202740007025698,9,Mandarin,Malay,1.7392127662753882,0
36.61473014523869,28.957455004017902,-13.586673953201597,9,English,Mandarin,1.2313659845008922,0
12.082792197483528,10.664334359941432,-18.36481344825071,7,Malay,Malay,3.0763126895982484,1
24.363304863546755,26.2315385255823,19.789864189152226,6,Mandarin,Mandarin,2.169490522882109,1
13.450168575612981,7.734286061856133,28.18447514908103,6,Malay,Malay,2.284198823407473,1
1.0102427262060663,4.318656889724271,-9.189788796573865,7,English,Malay,2.281078374518784,0
8.277312152755819,6.631720336623561,-2.019634865881411,6,Malay,Mandarin,2.3266775588866015,0
9.014627548785157,10.091022123598753,-18.377994907213438,7,English,Mandarin,2.112683520252116,0
10.762059456703815,7.0779718175717665,8.400649812497896,7,English,Malay,1.892576943819818,0
10.915252743120389,1.5766515283790539,-21.628637831159786,7,English,Malay,2.1679854978478064,0
24.222504397013992,28.816797328494893,10.256330053413127,7,Malay,Malay,2.34763931017818,1
1.983861004184591,2.3070733167517528,-24.730845307325122,6,English,Malay,2.3571545057662195,0
3.959812633025212,4.828577767445844,-28.349949096446146,7,Mandarin,English,2.1826162656738024,0
9.21090103396426,9.453848100515605,8.759116333671164,6,Malay,Mandarin,1.9892834369767105,0
4.758093085034753,6.0543264262141,-17.897222399185438,9,Mandarin,Malay,1.9622183968902267,0
12.710806958297994,11.460568021860142,-23.21420520196641,7,Malay,English,2.045905566191864,0
12.019177383623344,10.252436339005149,-27.830375097832686,6,Malay,Mandarin,2.1670159457809395,0
11.011556160599625,12.685495218984265,21.58068310808248,7,Malay,English,1.3727055774212746,0
27.240882856445676,25.078697519769726,-24.44989645193064,6,Mandarin,Mandarin,2.753806872641325,1
2.983999511308138,9.48049374483254,-11.796801529020012,9,Malay,English,1.966032395675193,0
3.881569572614718,10.85977406924496,-14.514031837591693,7,Malay,Mandarin,2.169206457456098,0
27.33254022105766,29.090007752283718,-29.22568615889782,6,Malay,Mandarin,1.6740636332183634,0
8.27327992042422,6.590101094900222,-17.38504808285298,7,English,English,3.158416029570579,1
5.961189069473215,1.8926214702659527,26.979715603660974,7,Malay,Malay,2.3421718484744742,1
13.16169275917255,11.150280866038994,21.842325857215727,6,Mandarin,English,1.4748988587453342,0
5.472292469300178,13.252384823487983,-14.088223980082677,7,Malay,English,2.130792480471843,0
12.854298720564039,11.593409743292792,-26.92108242904618,8,Mandarin,English,1.9132859739312775,0
10.255275457206178,12.930342721648493,14.92052024687608,7,English,Malay,1.6109256095707907,0
7.78972174679447,14.695473967337009,5.299056385545132,6,English,Mandarin,2.0721810693646057,0
13.569791447970834,4.8572942302801865,-16.633540678991253,7,English,English,3.125284007620852,1
11.3496410764361,9.365848542357403,-7.122221601524341,6,Mandarin,Mandarin,3.251604365140317,1
6.4675218317243255,7.879419654735401,21.407331869177114,9,Malay,Malay,2.2372739697142037,1
33.1237410628426,28.119275793249738,27.965167883760905,7,Mandarin,English,0.6002166396402657,0
7.746681679660343,14.597048959163297,-11.65662545760819,7,Mandarin,English,2.1027072754197365,0
13.580024499182617,5.939792156048553,-10.56888650461574,6,Malay,Malay,3.2520722117656358,1
37.37780176899554,28.3294105718803,-7.800047483097799,7,Mandarin,Malay,1.4835543164204945,0
8.499870854071897,4.274125272773253,29.576012663005745,7,English,Malay,1.2020995955263476,0
10.328089478246845,3.8264372791784105,-7.386829465400396,7,English,Malay,2.1988319675410795,0
2.05924332743791,9.16863916009726,-18.52229426614396,7,English,Malay,2.190980194237502,0
7.802232228540126,8.49751647913872,-25.129984903122278,6,Malay,Mandarin,2.2357358965794707,0
1.5274989485538528,2.5432223324883885,-24.873513240811103,6,Malay,Malay,3.358881076386874,1
10.377720995631725,9.085367503036405,-9.31763955484491,7,English,Malay,2.139310316497169,0
14.070191552873967,10.880542175472348,-7.894781328481784,9,English,Malay,1.8541767249549308,0
39.08876064281966,28.17330716833978,-16.114356856765266,6,Mandarin,Malay,1.549153311192747,0
2.5947661304529888,1.688029001734501,-2.081930121785014,7,Malay,Malay,3.3152322816055086,1
29.989583350914767,27.0449782167237,-16.541355472101117,7,Mandarin,Mandarin,2.5893245240408422,1
11.758477501178554,2.9583123512913807,-17.06879661897807,7,Mandarin,English,2.160936112745374,0
11.660311566952487,10.36044440646365,7.67531846964196,7,Malay,Malay,2.87615629382837,1
25.50322394772877,28.895118820866518,29.24840780076978,7,English,Malay,0.6617759505726868,0
12.859297263104839,14.539988056307525,-28.437852609522242,7,Malay,English,1.9962143047741356,0
28.704112314982886,28.416118804872735,-22.653404338490713,7,Malay,Malay,2.56761839034061,1
4.203161688204322,4.317498025290858,9.205160352441176,7,Malay,Mandarin,1.957612790529607,0
7.8266696231373345,2.4865207414301924,-20.797219516929594,6,Malay,English,2.3100440312978927,0
2.06112640230642,1.2831392321033432,-14.076658187875564,6,English,Malay,2.402135149696317,0
14.86410618669248,12.429933384245452,-2.926647792215064,7,Malay,Malay,3.082304111649904,1
6.365934383428218,8.399018046792584,-16.810440775439748,7,Malay,Mandarin,2.161315673112993,0
1.124555004231025,4.87440912172161,-23.21715779199269,6,Malay,Malay,3.345119832767165,1
39.57495882017537,28.757170075900305,7.078620201696079,6,Mandarin,English,1.3384707323350158,0
14.301858552817308,14.470796212224931,-9.999552099113192,7,English,English,3.0439416120192004,1
31.136495888450675,26.105520487311367,20.649631288870314,7,Malay,Malay,1.9184982057110185,1
6.634676143650479,2.773405267177092,19.552170264329103,7,Mandarin,English,1.5865932266402059,0
5.677259403772972,9.676232755574015,26.2381764728321,9,English,English,2.0581289018574065,1
21.242824465795596,26.22147059221252,-22.028384825095966,7,Mandarin,Mandarin,2.719905238569554,1
3.639169401308769,12.741564983700858,5.671249575838365,6,English,Malay,2.120198920995561,0
13.133260633669543,3.2131892726878477,5.612686964341172,6,Malay,Mandarin,2.122591457184485,0
6.595560148760159,10.873824805904027,-19.556368754795535,7,English,Malay,2.1251182546040397,0
8.324569365830484,11.87297082408648,-29.84439902852045,6,English,English,3.1810432680057623,1
5.769381233463955,13.790198850570796,-2.313107178483701,6,Mandarin,English,2.2791938418980404,0
8.84948553357873,9.911859094511183,10.505416875579062,7,Malay,English,1.8096969630738338,0
10.956210904047285,9.375230364580306,10.693800236636953,6,English,Malay,1.9049025790314307,0
12.913758368386963,1.6393076919033418,8.879291751909733,6,English,English,3.0261941280802565,1
4.828941298753797,5.478031572034689,-22.076607177137845,6,Malay,English,2.3058415807016557,0
9.608664325402465,13.454923524974625,-1.93716131855048,6,Malay,Mandarin,2.245406917101061,0
27.92633555731455,26.34392797793143,-8.640280038726178,7,Mandarin,English,1.6586616337670863,0
9.9699483296212,8.220623610122177,-27.683511202205693,7,English,Malay,2.0908159099285473,0
8.519799703014868,3.1893855488940748,-15.069192030414605,6,Mandarin,Malay,2.3151775073795284,0
3.937672281312495,6.929107804949126,27.542561888986366,6,English,Malay,1.409842533022861,0
4.623928384447736,14.514926546621608,-22.026914717326115,7,English,Malay,2.100188401631553,0
2.093991781313723,5.516108191470419,16.28132293096273,7,Malay,Malay,2.719052697688463,1
6.2090430369384215,9.53269845087197,-6.11864785307737,6,English,Mandarin,2.304687092278305,0
25.05388658649842,29.625761423080043,-17.917164516335923,6,Mandarin,Malay,1.7388704825743264,0
3.184175208123359,7.238938982294591,-9.29117633293917,8,Mandarin,Malay,2.1122982703193562,0
14.375332554371093,14.853637003944412,17.783920553105617,6,Mandarin,Mandarin,2.5677730850581484,1
4.665911838251265,4.9611344754383895,-26.52212510913066,7,Mandarin,English,2.1803224531660015,0
5.7056626284947995,10.287372479507047,26.29874773591011,6,Mandarin,English,1.402113478163128,0
26.837230842675282,25.76909505284357,-14.313130124417947,6,Mandarin,English,1.7831356078772027,0
13.693498932613764,4.239273497671467,-14.731374132367552,6,Mandarin,Malay,2.2540676952559227,0
12.47329705510764,4.2415263407600055,14.59532287119272,6,English,English,2.8045154655495783,1
34.99509100163152,26.185340157328067,10.452586976285865,7,Mandarin,Malay,1.2141305266906235,0
35.339382442047835,28.887757991533597,-15.424513826962045,7,Malay,English,1.4811627693877487,0
5.845169679423715,9.982959029981616,-4.959489955402976,8,English,Malay,2.0726870797212698,0
7.481805084870624,7.689775728228458,-10.765818914097487,7,English,Mandarin,2.1773981288220177,0
7.749909462341654,12.627107574041204,-7.988533752872602,8,Mandarin,Mandarin,3.0171013837932623,1
36.76837913526552,29.326616946188604,-3.496210516460465,7,Mandarin,English,1.4918682481225123,0
23.942314125788343,29.67856369583463,-6.182470400880266,6,Mandarin,Malay,1.7944558881051527,0
12.012825691468562,8.424318988541266,-20.88737311079707,7,Mandarin,English,2.0910039761639116,0
30.78235999436694,27.694068290297587,-7.75351520244935,6,Malay,Mandarin,1.7136882871192762,0
11.203336834756293,5.0032646667254905,-21.094287694659926,8,Malay,Malay,3.015119692669649,1
6.5501626285910195,1.1198003707035638,-12.118215106358441,7,Mandarin,Mandarin,3.247906319652526,1
14.918021096275575,1.9573824231270809,-23.842751180918974,6,Malay,English,2.2342701275362438,0
3.0899917776925205,4.277497835924995,18.859209396561955,6,English,English,2.7487527749841565,1
8.32309575104768,14.100142214806791,17.210543288534442,6,English,Malay,1.6558986052427498,0
12.305857822622993,2.9534438942839074,5.838542921127436,7,Mandarin,English,2.0080579805914707,0
11.799763369285024,14.982074211250227,7.0428971401561355,7,English,Mandarin,1.8506802242891829,0
9.946292255856374,11.179746651424802,24.363421664206886,7,Mandarin,English,1.3010198526799472,0
30.272515635605448,29.52641988436716,-9.938367717032822,6,English,English,2.6858331106325393,1
22.154548996135905,28.658939541681534,-3.536605144053798,8,Malay,English,1.6119459389315494,0
22.054740887017385,29.00182364232277,-8.078665509998721,7,English,Mandarin,1.71052455562138,0
2.7062447806631704,5.620205748408905,-24.315887081211134,7,Malay,English,2.200682537771909,0
3.518977563293979,2.481288322692672,26.383862374286792,6,English,Malay,1.499062158040096,0
9.116409632145968,11.939455055565833,29.196175434226657,6,Malay,Malay,2.250075212924949,1
6.031346715695337,11.101721880271565,-28.67994241027746,7,English,Mandarin,2.098069506006073,0
12.120904228948817,12.32092612342017,-0.6401006223203964,6,Mandarin,English,2.235948027735242,0
14.937281014491724,6.363225066661796,-16.10716343516484,7,English,Malay,2.098304394404582,0
11.914389240024791,2.4872986877462426,27.087795546792474,6,Malay,Mandarin,1.3904102765845532,0
6.95844373886728,2.768088898250365,-23.494727383895036,6,English,Mandarin,2.3069189156825067,0
9.80269795843126,1.619289259109522,-1.574591083706931,7,Mandarin,English,2.2455314908789026,0
12.146829399018841,3.1062853875101135,-14.23447866046769,6,English,Malay,2.2825205899331515,0
2.0997896314729463,13.660963735571398,-8.509757913637646,6,Malay,English,2.296526606617431,0
6.604598670139704,9.137844918209522,-18.86281700689922,7,English,English,3.144699507426844,1
2.516458976852313,10.425210176636083,-0.2860529807571517,7,Malay,English,2.2346297985292587,0
24.680695819173337,26.22388168406323,-16.64556845043684,6,Malay,Malay,2.801832455114864,1
14.974615472690227,5.2624708996311025,-17.83234402646651,8,English,Mandarin,1.9856879895218982,0
10.870373294105931,5.424966191116436,9.995144806385579,6,English,Mandarin,1.969716536924281,0
29.198668833834116,29.360380077945308,16.319709659693338,8,Malay,English,0.9320582899497198,0
30.68923578813294,25.064071891112356,13.876985519729786,9,English,English,1.9436984984656416,1
14.043180598292173,7.632263165051176,-27.56739325393537,6,Malay,Mandarin,2.1738542515201154,0
20.80139867074085,27.154159341105533,13.850060396211337,6,Mandarin,English,1.4184392059483262,0
10.271561412746188,14.748532047705535,20.677930939497376,9,Malay,Malay,2.1560714825130747,1
33.46463388222453,26.404380701661804,24.184508647995983,6,English,English,1.8714130815707977,1
3.5787507611084,3.4969159306035857,19.34208503293395,8,English,English,2.499770356930192,1
22.448572152041383,29.520542492382216,6.219632912635732,7,English,Malay,1.505571064700049,0
8.956347025693564,12.786379113587909,-18.075532006383106,7,English,English,3.087320965252575,1
