distance_patient_clinic,distance_staff_patient,time_margin,workload,language,wheelchair,cost,fitness_score,label
6.243561664,4.362767366,-29.55027869,6,English,TRUE,1.33107258,2.66892742,1
11.24791519,2.585385213,-92.80445043,6,English,TRUE,3.471814685,0.528185315,0
5.077207963,3.341902311,-110.1172342,7,English,TRUE,4.034765576,-0.034765576,0
3.79543295,9.210066598,-125.4001882,9,English,TRUE,4.670061267,-0.670061267,0
9.293803964,6.885110317,-113.8922782,7,English,TRUE,4.238198416,-0.238198416,0
10.27531198,6.574161753,-8.417118083,6,English,TRUE,0.68906534,3.31093466,1
5.363955065,3.089205215,-98.23988972,2,English,TRUE,3.439194593,0.560805407,0
13.52758291,4.688629058,-79.80089577,3,English,TRUE,2.962191979,1.037808021,0
5.554624631,3.850454098,-39.62274222,1,English,TRUE,1.454808861,2.545191139,1
8.597745164,6.884469674,-79.57093983,7,English,TRUE,3.087186809,0.912813191,0
2.97293915,7.13088332,-101.5871998,4,English,TRUE,3.64727822,0.35272178,0
2.043709012,5.532192067,-81.40489662,3,English,TRUE,2.909255565,1.090744435,0
10.89600281,9.846504295,-18.11817173,3,English,TRUE,0.931364129,3.068635871,1
2.622166833,9.806450182,-81.87822035,3,English,TRUE,2.973560182,1.026439818,0
9.726173776,6.012568825,-66.30974252,4,English,TRUE,2.527712177,1.472287823,0
1.4400086,9.748863939,-0.547604195,5,English,TRUE,0.330142199,3.669857801,1
8.119989676,4.039803884,-102.456034,5,English,TRUE,3.736799068,0.263200932,0
13.70593063,7.3272853,-46.6497572,4,English,TRUE,1.925324066,2.074675934,0
4.203174317,3.87656313,-42.40913975,2,English,TRUE,1.574435366,2.425564634,1
3.257098022,1.32173555,-12.92681847,8,English,TRUE,0.796682285,3.203317715,1
3.611980824,6.513335274,-73.75604024,5,English,TRUE,2.759787836,1.240212164,0
6.979509041,8.39013494,-119.3560044,4,English,TRUE,4.29222992,-0.29222992,0
1.097329827,6.40665797,-103.0268618,6,English,TRUE,3.749268606,0.250731394,0
4.109509347,3.091019913,-141.7752658,3,English,TRUE,4.917847485,-0.917847485,0
2.678115143,6.615510173,-12.74138246,2,English,TRUE,0.597649002,3.402350998,1
5.7266124,5.142892511,-98.79554882,1,English,TRUE,3.44188001,0.55811999,0
5.524841048,1.130235774,-137.6599529,1,English,TRUE,4.695215863,-0.695215863,0
10.84226542,6.841825665,-120.6273687,5,English,TRUE,4.397753201,-0.397753201,0
7.961479082,9.321605361,-68.67493538,3,English,TRUE,2.581995357,1.418004643,0
14.79910636,8.160236529,-107.1198616,2,English,TRUE,3.880255483,0.119744517,0
4.170940853,3.181769325,-125.317699,3,English,TRUE,4.370783736,-0.370783736,0
14.11421984,6.63979315,-97.8942018,6,English,TRUE,3.71068019,0.28931981,0
4.385932073,2.226102864,-143.3264549,9,English,TRUE,5.203668845,-1.203668845,0
13.55954364,7.863881409,-132.598171,5,English,TRUE,4.834173285,-0.834173285,0
10.68653277,3.980924332,-142.1875132,9,English,TRUE,5.246258345,-1.246258345,0
4.321487225,8.056556018,-89.54520999,9,English,TRUE,3.468620766,0.531379234,0
10.09486059,5.876921559,-20.49672852,4,English,TRUE,1.002942105,2.997057895,1
8.956320447,7.52586417,-7.713634026,7,English,TRUE,0.70194298,3.29805702,1
4.712833148,1.166107771,-42.48832613,9,English,TRUE,1.835066947,2.164933053,0
6.503368145,8.113667283,-138.4441878,4,English,TRUE,4.920976615,-0.920976615,0
8.036919303,3.97540729,-95.98798567,1,English,TRUE,3.359722788,0.640277212,0
3.733401829,8.196207797,-103.5300941,5,English,TRUE,3.770299233,0.229700767,0
3.479549512,3.47115084,-101.2905149,7,English,TRUE,3.725857499,0.274142501,0
6.182221804,3.863576886,-21.44235263,7,English,TRUE,1.095203075,2.904796925,1
14.49067968,9.857484635,-16.67811568,2,English,TRUE,0.879418833,3.120581167,1
12.94213238,1.179113354,-86.15142188,8,English,TRUE,3.33292652,0.66707348,0
6.3913682,3.27620625,-87.03447903,1,English,TRUE,3.037825046,0.962174954,0
8.980856381,8.860457479,-55.35504529,4,English,TRUE,2.183581315,1.816418685,0
9.610101174,7.133734269,-11.49999477,5,English,TRUE,0.750771513,3.249228487,1
10.83477718,4.581577506,-91.5791328,5,English,TRUE,3.406801307,0.593198693,0
8.158793584,9.300077829,-20.16493236,3,English,TRUE,0.966753126,3.033246874,1
8.021228126,5.322130421,-104.8450681,1,English,TRUE,3.668269188,0.331730812,0
5.731932196,4.372579203,-0.688460643,2,English,TRUE,0.203993802,3.796006198,1
1.522874642,1.064979523,-15.70384242,7,English,TRUE,0.829339956,3.170660044,1
8.311405641,9.804425374,-124.1490978,1,English,TRUE,4.359461571,-0.359461571,0
4.021494385,4.231637011,-61.00652136,3,English,TRUE,2.236082026,1.763917974,0
8.438964842,8.385646541,-101.6063822,5,English,TRUE,3.755125521,0.244874479,0
5.521390621,3.121184029,-114.4572336,7,English,TRUE,4.181666868,-0.181666868,0
1.354910408,9.580922423,-103.9756741,2,English,TRUE,3.655214131,0.344785869,0
3.190118597,7.350362108,-128.7862363,9,English,TRUE,4.758279352,-0.758279352,0
8.760956735,4.726610432,-129.8022169,9,English,TRUE,4.821616235,-0.821616235,0
1.644036988,2.497728559,-17.77772125,2,English,TRUE,0.714008364,3.285991636,1
7.638433607,4.154231821,-59.05784076,9,English,TRUE,2.446521346,1.553478654,0
7.628604791,6.090803941,-103.5108246,7,English,TRUE,3.867554906,0.132445094,0
6.579066282,9.14570315,-5.898684245,1,English,TRUE,0.393870502,3.606129498,1
9.76203882,5.388385942,-62.51385711,5,English,TRUE,2.435299485,1.564700515,0
8.04390762,6.204961924,-103.3168917,6,English,TRUE,3.826385085,0.173614915,0
9.993869895,1.651136589,-8.645522451,6,English,TRUE,0.644634147,3.355365853,1
9.05663849,6.704011356,-108.3693218,9,English,TRUE,4.129917224,-0.129917224,0
3.741075887,6.413936557,-149.5839093,4,English,TRUE,5.247680435,-1.247680435,0
1.255105559,9.140265346,-81.32903595,2,English,TRUE,2.894921574,1.105078426,0
10.56209483,5.183057853,-77.61259443,1,English,TRUE,2.784538008,1.215461992,0
13.28460819,8.758756773,-90.41230968,6,English,TRUE,3.474177306,0.525822694,0
14.03060256,7.709527768,-78.03572851,5,English,TRUE,3.018592254,0.981407746,0
2.443734164,2.546101985,-28.43520302,7,English,TRUE,1.277738462,2.722261538,1
7.921884266,3.946390121,-59.59411679,6,English,TRUE,2.345153304,1.654846696,0
7.181427019,3.912485225,-65.03511787,9,English,TRUE,2.638776385,1.361223615,0
2.63893823,8.539561888,-148.7756492,4,English,TRUE,5.230973308,-1.230973308,0
11.66114884,1.746344373,-82.6162011,9,English,TRUE,3.247948302,0.752051698,0
2.018682089,3.584370371,-101.0718192,5,English,TRUE,3.625091163,0.374908837,0
11.88005682,7.560119222,-8.171347846,2,English,TRUE,0.546780022,3.453219978,1
11.44462831,9.766281025,-90.68452391,9,English,TRUE,3.594926557,0.405073443,0
4.999969208,4.815605615,-107.3434181,8,English,TRUE,3.996269686,0.003730314,0
8.323369818,4.198930127,-93.25751586,6,English,TRUE,3.473806862,0.526193138,0
9.785813121,3.203105671,-70.19114567,1,English,TRUE,2.509594043,1.490405957,0
4.933484654,9.434012445,-25.98519673,7,English,TRUE,1.289848195,2.710151805,1
9.171185566,5.757668538,-83.18394617,1,English,TRUE,2.962086747,1.037913253,0
14.64152731,3.682375285,-50.52210399,2,English,TRUE,1.947309159,2.052690841,0
3.276637151,4.885595415,-32.43019623,5,English,TRUE,1.362628867,2.637371133,1
12.5155214,5.615943423,-119.4394065,5,English,TRUE,4.362628198,-0.362628198,0
11.16007312,3.461525792,-108.5839805,1,English,TRUE,3.805682006,0.194317994,0
1.633061381,6.822520375,-49.89754488,9,English,TRUE,2.107807314,1.892192686,0
1.369137643,5.44713167,-82.361891,5,English,TRUE,3.01355906,0.98644094,0
6.332471993,7.110127188,-22.92983573,5,English,TRUE,1.09875385,2.90124615,1
6.648760127,5.589009534,-22.48694278,6,English,TRUE,1.111942456,2.888057544,1
2.876213198,1.943403768,-83.35921146,7,English,TRUE,3.106836552,0.893163448,0
10.85711675,2.060740978,-126.9478185,6,English,TRUE,4.600772529,-0.600772529,0
8.195852848,6.670064219,-32.50202608,8,English,TRUE,1.55206004,2.44793996,1
9.86761196,5.767974237,-75.39146233,8,English,TRUE,2.989404606,1.010595394,0
4.362038663,3.895633269,-3.964349099,4,English,TRUE,0.374721689,3.625278311,1
3.546321182,4.682294091,-69.06308839,4,English,TRUE,2.544389099,1.455610901,0
5.839341967,3.286190342,-37.54300679,5,English,TRUE,1.542688883,2.457311117,1
10.34580834,5.929659185,-83.27792688,4,English,TRUE,3.098685571,0.901314429,0
6.099778055,8.840683417,-125.8844774,3,English,TRUE,4.465553862,-0.465553862,0
9.790605453,2.260581034,-0.651545308,9,English,TRUE,0.502230042,3.497769958,1
3.930890527,3.616694793,-4.122836214,7,English,TRUE,0.492903727,3.507096273,1
6.186609439,6.532938578,-50.35183308,7,English,TRUE,2.085589916,1.914410084,0
6.164790954,6.882426573,-145.2005429,5,English,TRUE,5.170490273,-1.170490273,0
8.449588794,4.314793439,-50.90987056,4,English,TRUE,1.984639508,2.015360492,0
1.280996769,6.146827204,-94.85966601,5,English,TRUE,3.436267107,0.563732893,0
7.978190785,7.114541393,-35.22142201,2,English,TRUE,1.404974722,2.595025278,1
6.08315215,5.849374305,-69.67314439,6,English,TRUE,2.681763411,1.318236589,0
9.480847471,8.938433674,-114.3294202,6,English,TRUE,4.235173483,-0.235173483,0
13.55471594,2.935203124,-83.82356374,7,English,TRUE,3.239017982,0.760982018,0
6.569978387,6.527464324,-129.3908556,1,English,TRUE,4.484002948,-0.484002948,0
9.002577653,5.103243433,-66.01423744,1,English,TRUE,2.381532792,1.618467208,0
8.456252056,2.659314142,-4.533534737,7,English,TRUE,0.542273487,3.457726513,1
1.887249587,1.86621842,-25.11699418,6,English,TRUE,1.114767819,2.885232181,1
4.564969167,6.959672971,-62.37377673,3,English,TRUE,2.314372312,1.685627688,0
10.54103811,2.045626975,-1.414943744,2,English,TRUE,0.253031442,3.746968558,1
7.60206664,9.46158457,-78.12273089,8,English,TRUE,3.094727542,0.905272458,0
14.01340802,1.338004628,-27.27915875,8,English,TRUE,1.382819418,2.617180582,1
14.51037675,2.75880328,-83.18857729,3,English,TRUE,3.065644377,0.934355623,0
3.537262926,3.079800299,-93.58958186,7,English,TRUE,3.465823361,0.534176639,0
12.40404608,8.671288143,-66.67025272,9,English,TRUE,2.7930951,1.2069049,0
5.219290238,7.994450766,-51.18645376,7,English,TRUE,2.118352535,1.881647465,0
13.69060955,5.059684646,-83.45386848,9,English,TRUE,3.329298558,0.670701442,0
5.364108949,4.67074023,-135.6485061,9,English,TRUE,4.981965361,-0.981965361,0
8.978455588,6.677017598,-111.1512738,9,English,TRUE,4.221597191,-0.221597191,0
5.789144482,5.342063233,-44.6845228,7,English,TRUE,1.88079617,2.11920383,0
8.598142207,5.521625141,-140.4973483,5,English,TRUE,5.024442615,-1.024442615,0
9.560359296,2.176284284,-97.9921078,7,English,TRUE,3.663770029,0.336229971,0
10.75311153,7.872823293,-36.80723856,3,English,TRUE,1.5331673,2.4668327,1
6.937829398,9.87685158,-61.18425548,9,English,TRUE,2.567621992,1.432378008,0
14.08113821,3.6214527,-0.202021934,9,English,TRUE,0.543759974,3.456240026,1
5.692761383,4.86770843,-115.4110685,2,English,TRUE,4.032640314,-0.032640314,0
7.977148818,5.560220809,-115.5644313,6,English,TRUE,4.227521407,-0.227521407,0
10.28952321,5.242312992,-5.221000198,8,English,TRUE,0.649351702,3.350648298,1
6.610682852,1.772296945,-121.0736998,9,English,TRUE,4.47961979,-0.47961979,0
3.546993827,7.78153511,-2.046811732,1,English,TRUE,0.221512347,3.778487653,1
14.24561647,4.317585872,-65.68880892,5,English,TRUE,2.575258987,1.424741013,0
6.226330428,1.592579481,-41.14216934,3,English,TRUE,1.569594744,2.430405256,1
3.186136363,3.736990066,-96.37707742,7,English,TRUE,3.561800512,0.438199488,0
12.44420986,5.264275915,-20.53441411,6,English,TRUE,1.101565328,2.898434672,1
7.105771408,1.690546347,-48.58330564,9,English,TRUE,2.067406699,1.932593301,0
5.122520634,1.957495649,-36.20375682,5,English,TRUE,1.477592057,2.522407943,1
2.961584461,3.474175037,-113.1455451,3,English,TRUE,3.955875765,0.044124235,0
13.52373118,3.923416988,-110.9213939,6,English,TRUE,4.111851279,-0.111851279,0
1.314570316,2.932782992,-3.564944193,2,English,TRUE,0.241305006,3.758694994,1
9.868695078,6.193696984,-141.9979341,5,English,TRUE,5.093888392,-1.093888392,0
3.403510002,4.897721832,-146.8596782,3,English,TRUE,5.098334924,-1.098334924,0
13.80018329,2.782937748,-124.4481004,7,English,TRUE,4.594101224,-0.594101224,0
9.071230657,1.182519764,-44.24087466,6,English,TRUE,1.817233326,2.182766674,0
3.889897805,4.055445236,-28.6680219,3,English,TRUE,1.15505416,2.84494584,1
5.159704019,6.192185818,-70.32560487,1,English,TRUE,2.497705728,1.502294272,0
8.929664964,6.91744807,-46.57740101,7,English,TRUE,1.991051164,2.008948836,0
4.810031921,8.642972302,-24.15339067,6,English,TRUE,1.179643065,2.820356935,1
9.263229336,5.322402331,-144.4982899,2,English,TRUE,5.042465978,-1.042465978,0
3.591861004,5.797275053,-22.53717566,8,English,TRUE,1.165130549,2.834869451,1
7.851949491,4.212853229,-124.1691386,3,English,TRUE,4.379619315,-0.379619315,0
13.95347644,9.316700248,-100.4956431,9,English,TRUE,3.942556537,0.057443463,0
13.81683617,4.580907287,-129.5064565,5,English,TRUE,4.700859318,-0.700859318,0
14.21973085,5.142942863,-10.37232669,6,English,TRUE,0.77937096,3.22062904,1
9.347778299,1.022091278,-10.72700883,8,English,TRUE,0.781265657,3.218734343,1
10.74804286,9.50670785,-118.4763397,2,English,TRUE,4.231758832,-0.231758832,0
12.07012431,7.260761941,-54.5522977,6,English,TRUE,2.251718786,1.748281214,0
9.622084635,7.417253821,-24.60274407,4,English,TRUE,1.150484853,2.849515147,1
12.1829653,8.220599347,-73.03623019,4,English,TRUE,2.798576653,1.201423347,0
14.77716857,1.800779823,-72.38177645,2,English,TRUE,2.658505366,1.341494634,0
6.898998032,1.300627059,-51.24534189,4,English,TRUE,1.950174314,2.049825686,0
11.32615222,1.819759734,-54.26901905,2,English,TRUE,2.020426421,1.979573579,0
4.342880041,1.442142045,-44.98816815,7,English,TRUE,1.837455826,2.162544174,0
14.82811346,3.702044004,-109.8417589,5,English,TRUE,4.046693539,-0.046693539,0
9.508315128,1.360118175,-116.9919755,7,English,TRUE,4.288416851,-0.288416851,0
5.901753628,9.903999581,-44.75098254,9,English,TRUE,2.00975695,1.99024305,0
11.61533866,5.790975423,-63.92969756,7,English,TRUE,2.58505306,1.41494694,0
9.301159088,6.125606824,-148.9358419,4,English,TRUE,5.278795723,-1.278795723,0
6.718344983,4.59227495,-19.07974932,8,English,TRUE,1.069097843,2.930902157,1
7.942260291,3.593345401,-147.7322673,7,English,TRUE,5.319764966,-1.319764966,0
10.56562269,6.068782832,-34.20699787,8,English,TRUE,1.626577318,2.373422682,1
7.932051378,9.099849492,-48.48121428,6,English,TRUE,2.026359485,1.973640515,0
12.1639643,5.223540503,-85.07018791,6,English,TRUE,3.249547978,0.750452022,0
13.14211881,8.688409234,-105.2693344,8,English,TRUE,4.047283094,-0.047283094,0
8.577732101,1.27707912,-99.31061617,2,English,TRUE,3.488901985,0.511098015,0
14.48188805,7.51422499,-124.579969,8,English,TRUE,4.692626765,-0.692626765,0
2.435136192,7.041731618,-99.44682252,8,English,TRUE,3.729662762,0.270337238,0
14.12119882,9.911726103,-123.4506281,9,English,TRUE,4.715350187,-0.715350187,0
10.56613527,7.989760669,-34.56658529,6,English,TRUE,1.577778469,2.422221531,1
7.242637889,3.054977529,-30.90790424,4,English,TRUE,1.293239629,2.706760371,1
6.966538231,2.273939659,-82.63322032,7,English,TRUE,3.126845456,0.873154544,0
7.052687215,7.883631039,-9.567931416,1,English,TRUE,0.50829423,3.49170577,1
14.21062288,9.236587035,-38.07617624,5,English,TRUE,1.703677974,2.296322026,1
6.566321571,7.323643957,-75.61479711,6,English,TRUE,2.899392892,1.100607108,0
3.983465856,1.995277096,-27.83984559,9,English,TRUE,1.347782283,2.652217717,1
1.43587716,6.64959462,-18.1113474,7,English,TRUE,0.964566298,3.035433702,1
14.55470799,5.162448466,-99.65649695,9,English,TRUE,3.879054796,0.120945204,0
3.59735722,3.5149818,-84.19444732,2,English,TRUE,2.957604967,1.042395033,0
12.82696519,4.832817048,-91.86284205,5,English,TRUE,3.438692557,0.561307443,0
11.65433587,2.684558034,-67.67752377,9,English,TRUE,2.759306398,1.240693602,0
2.752601091,9.115675084,-61.23666078,2,English,TRUE,2.239904788,1.760095212,0
2.014256429,9.054195783,-34.67271135,1,English,TRUE,1.306441567,2.693558433,1
7.727097262,2.248982957,-42.43104519,2,English,TRUE,1.594128975,2.405871025,1
2.469022498,3.700274325,-145.6962577,7,English,TRUE,5.198234891,-1.198234891,0
5.570458315,8.917484798,-101.2163356,6,English,TRUE,3.758757286,0.241242714,0
2.858020557,3.861453967,-98.79004298,6,English,TRUE,3.600196178,0.399803822,0
2.463949765,2.18652956,-81.63256211,4,English,TRUE,2.927590197,1.072409803,0
1.442206028,4.895659961,-66.88229026,1,English,TRUE,2.332788335,1.667211665,0
13.52743318,5.579886263,-5.629916261,1,English,TRUE,0.41873707,3.58126293,1
7.332455983,9.503519077,-48.8717579,9,English,TRUE,2.157418347,1.842581653,0
1.844929176,9.523787923,-93.09070883,5,English,TRUE,3.416710799,0.583289201,0
5.716541085,3.82361733,-62.40870763,9,English,TRUE,2.535691838,1.464308162,0
7.97474003,1.248686496,-0.562860163,4,English,TRUE,0.270996271,3.729003729,1
11.0688249,2.262565115,-111.9805902,9,English,TRUE,4.226000241,-0.226000241,0
14.94867482,7.567953736,-40.71793847,1,English,TRUE,1.622430901,2.377569099,1
14.64710427,2.482032363,-67.32339708,6,English,TRUE,2.655404602,1.344595398,0
3.793594313,3.813906829,-36.7974659,8,English,TRUE,1.622657208,2.377342792,1
7.476721394,2.528980073,-45.63192815,1,English,TRUE,1.661121286,2.338878714,1
4.875589161,7.76033531,-139.6552196,1,English,TRUE,4.821533231,-0.821533231,0
13.72645529,9.832393939,-22.36965338,7,English,TRUE,1.261243605,2.738756395,1
3.289334216,4.828880748,-122.1225567,7,English,TRUE,4.431934039,-0.431934039,0
14.57177251,6.445643367,-136.1988901,4,English,TRUE,4.910137161,-0.910137161,0
4.613868058,7.197663609,-56.72675243,2,English,TRUE,2.089007064,1.910992936,0
10.1943133,3.540937157,-58.93730198,9,English,TRUE,2.461929237,1.538070763,0
5.552660899,5.332918114,-85.91646763,9,English,TRUE,3.332738045,0.667261955,0
4.304706487,1.098672878,-27.32272785,1,English,TRUE,1.004791389,2.995208611,1
3.376610671,6.8727419,-12.79347645,5,English,TRUE,0.728942741,3.271057259,1
1.513399977,8.930776056,-134.4365241,5,English,TRUE,4.785659229,-0.785659229,0
1.799215985,1.888921463,-28.49120956,2,English,TRUE,1.06658836,2.93341164,1
8.2183444,6.64637954,-4.789654797,5,English,TRUE,0.508302399,3.491697601,1
2.955117567,8.357484309,-96.28953303,7,English,TRUE,3.60277712,0.39722288,0
1.419630258,5.570057683,-105.8520022,7,English,TRUE,3.878296952,0.121703048,0
12.73361406,4.731580562,-135.0697618,6,English,TRUE,4.916977341,-0.916977341,0
14.22459907,1.159340006,-6.479038534,1,English,TRUE,0.409807342,3.590192658,1
10.65337451,4.813238368,-127.9390575,5,English,TRUE,4.619301377,-0.619301377,0
14.99179216,7.048759515,-106.9694214,6,English,TRUE,4.026052896,-0.026052896,0
14.68043858,2.200593117,-146.9946849,9,English,TRUE,5.428633147,-1.428633147,0
12.30984319,6.488818615,-97.47633985,7,English,TRUE,3.717197946,0.282802054,0
9.448280307,5.91422134,-28.20586306,1,English,TRUE,1.133820452,2.866179548,1
1.358988921,7.086103615,-13.5973005,8,English,TRUE,0.857694275,3.142305725,1
3.7408918,7.660323505,-50.94147689,2,English,TRUE,1.892061383,2.107938617,0
1.843743464,7.172690432,-144.7926744,6,English,TRUE,5.156586819,-1.156586819,0
2.419891598,1.625319864,-131.796821,9,English,TRUE,4.793679482,-0.793679482,0
11.02610944,9.111016207,-120.9440808,4,English,TRUE,4.392840615,-0.392840615,0
3.536090893,9.156288131,-60.19963754,9,English,TRUE,2.493578375,1.506421625,0
10.92664766,8.494828016,-30.17654004,8,English,TRUE,1.520099425,2.479900575,1
3.968627759,6.08331503,-103.6720578,4,English,TRUE,3.716254688,0.283745312,0
10.34569859,1.035363893,-49.76550012,4,English,TRUE,1.932660629,2.067339371,0
13.07915909,3.579933236,-141.1727957,6,English,TRUE,5.112350779,-1.112350779,0
9.987601006,9.256832675,-79.0512309,5,English,TRUE,3.027485367,0.972514633,0
11.14074344,8.855166926,-41.88295291,5,English,TRUE,1.796057534,2.203942466,1
9.097416838,8.172888893,-2.246525051,3,English,TRUE,0.367587226,3.632412774,1
4.838249332,5.634818296,-9.690912635,5,English,TRUE,0.627761097,3.372238903,1
5.969948282,8.250732327,-137.561598,2,English,TRUE,4.807593406,-0.807593406,0
11.22910714,2.256780972,-71.29398915,9,English,TRUE,2.871325186,1.128674814,0
6.590422821,6.523409637,-148.5676005,8,English,TRUE,5.403391674,-1.403391674,0
14.89476903,5.335298542,-4.719614863,5,English,TRUE,0.559621171,3.440378829,1
13.97801355,4.605920636,-110.4207803,6,English,TRUE,4.106532017,-0.106532017,0
5.277340349,9.98875031,-148.3626708,1,English,TRUE,5.138083267,-1.138083267,0
7.260835567,3.689227577,-25.99200076,3,English,TRUE,1.095900657,2.904099343,1
2.62912957,7.193024886,-114.8607007,9,English,TRUE,4.28691157,-0.28691157,0
12.06042611,1.3320396,-92.03320306,3,English,TRUE,3.321698093,0.678301907,0
11.70733721,6.881400389,-100.999792,4,English,TRUE,3.712547111,0.287452889,0
6.581282389,7.949372543,-103.03981,6,English,TRUE,3.819966884,0.180033116,0
3.04923589,9.352078676,-87.48454105,5,English,TRUE,3.240164514,0.759835486,0
8.693413503,1.808904521,-7.961135489,1,English,TRUE,0.410394363,3.589605637,1
3.128347944,8.706408882,-21.53439007,7,English,TRUE,1.116160571,2.883839429,1
11.9306622,7.206079699,-10.45533657,5,English,TRUE,0.739878638,3.260121362,1
14.77150495,3.274684019,-75.79380732,4,English,TRUE,2.866922134,1.133077866,0
10.69025878,6.124894148,-84.0039354,7,English,TRUE,3.248282709,0.751717291,0
3.724715165,6.799565461,-41.50344549,1,English,TRUE,1.528690989,2.471309011,1
6.148630912,7.426488976,-112.0796306,9,English,TRUE,4.231738886,-0.231738886,0
11.64405752,3.196571059,-132.9594327,1,English,TRUE,4.620387375,-0.620387375,0
12.82099916,2.006203341,-85.31553575,4,English,TRUE,3.152123217,0.847876783,0
7.835375918,3.238226285,-91.38492793,4,English,TRUE,3.316900286,0.683099714,0
7.126443737,5.910062898,-63.69495002,1,English,TRUE,2.293530067,1.706469933,0
10.23095491,6.998846098,-29.64570111,4,English,TRUE,1.320488047,2.679511953,1
11.02852743,3.025363591,-144.7801232,9,English,TRUE,5.326543016,-1.326543016,0
14.39101958,2.594219093,-51.26747437,5,English,TRUE,2.078768199,1.921231801,0
3.59273795,1.465709317,-98.18993802,6,English,TRUE,3.563582407,0.436417593,0
2.377539096,1.948005048,-113.7023933,6,English,TRUE,4.073335218,-0.073335218,0
1.587317128,4.057430895,-63.66470051,3,English,TRUE,2.298604164,1.701395836,0
2.793340449,6.298200769,-35.63667517,9,English,TRUE,1.638804585,2.361195415,1
11.570587,5.78774561,-127.0004563,8,English,TRUE,4.726931871,-0.726931871,0
12.78797974,8.129953298,-65.10420028,2,English,TRUE,2.45931934,1.54068066,0
11.87026425,9.195512566,-42.48721993,5,English,TRUE,1.826898433,2.173101567,0
3.30740742,1.187607158,-130.8844137,2,English,TRUE,4.487763935,-0.487763935,0
11.16371874,6.667053867,-119.9157542,1,English,TRUE,4.215499532,-0.215499532,0
3.989159128,4.582388567,-35.63319109,2,English,TRUE,1.353488513,2.646511487,1
11.65570152,1.001419701,-46.4993543,3,English,TRUE,1.796549689,2.203450311,1
8.759171198,1.58541362,-59.68209648,1,English,TRUE,2.132849064,1.867150936,0
1.07321459,9.773852801,-114.4517421,3,English,TRUE,4.043528745,-0.043528745,0
13.27311067,6.429770906,-108.1661207,3,English,TRUE,3.922566172,0.077433828,0
9.234831737,1.037144392,-141.9334421,2,English,TRUE,4.913834499,-0.913834499,0
1.907950323,3.148432155,-103.6414262,7,English,TRUE,3.785278032,0.214721968,0
9.119773024,7.208571551,-31.79621795,3,English,TRUE,1.343157377,2.656842623,1
8.860784231,6.09007893,-3.826107682,9,English,TRUE,0.637045554,3.362954446,1
9.448827332,2.463654667,-36.50438947,1,English,TRUE,1.375937802,2.624062198,1
10.47055112,4.492443431,-23.44307049,8,English,TRUE,1.251065628,2.748934372,1
5.679336462,2.160435749,-15.28405818,6,English,TRUE,0.827866328,3.172133672,1
10.90753309,8.735749347,-92.75930214,5,English,TRUE,3.488409562,0.511590438,0
12.04060951,9.321512791,-36.10222756,6,English,TRUE,1.657028808,2.342971192,1
2.240406016,9.940355093,-57.37411216,1,English,TRUE,2.074278016,1.925721984,0
14.97686516,8.490032052,-53.91528233,2,English,TRUE,2.11184505,1.88815495,0
6.897472746,9.586142237,-37.53146277,9,English,TRUE,1.775884909,2.224115091,1
9.006211797,5.933080585,-16.87607218,9,English,TRUE,1.071928663,2.928071337,1
3.60541985,2.276459458,-118.4674377,8,English,TRUE,4.327733384,-0.327733384,0
7.414616414,5.789417365,-52.71859252,9,English,TRUE,2.249326755,1.750673245,0
7.761564209,1.964410272,-50.37015887,7,English,TRUE,2.05626504,1.94373496,0
1.965412229,3.765926629,-27.57549362,9,English,TRUE,1.336496509,2.663503491,1
13.68756413,3.180968303,-71.28676028,9,English,TRUE,2.904910667,1.095089333,0
11.8739478,8.828311292,-0.35390948,5,English,TRUE,0.418819574,3.581180426,1
7.825996711,9.813234508,-18.03527841,2,English,TRUE,0.857568259,3.142431741,1
14.11551447,8.694252627,-69.8118984,4,English,TRUE,2.715160951,1.284839049,0
14.73815927,6.086559306,-62.74888905,7,English,TRUE,2.579876821,1.420123179,0
13.04195571,7.537972223,-29.94149706,9,English,TRUE,1.563849181,2.436150819,1
7.78574802,3.96834228,-111.4608018,1,English,TRUE,3.872900964,0.127099036,0
10.36631272,5.588866507,-115.3305818,5,English,TRUE,4.203904518,-0.203904518,0
1.871823482,9.570712461,-74.11118756,9,English,TRUE,2.944798278,1.055201722,0
7.429358286,6.821250943,-36.77840242,7,English,TRUE,1.64845284,2.35154716,1
14.78985519,1.215652466,-10.03469089,1,English,TRUE,0.534544773,3.465455227,1
8.541825171,1.668977851,-109.7875701,4,English,TRUE,3.921693701,0.078306299,0
12.50944425,6.509348395,-68.87961184,9,English,TRUE,2.846174988,1.153825012,0
14.50267315,3.200567476,-19.7716055,6,English,TRUE,1.076085923,2.923914077,1
12.10565891,3.716013008,-136.4179758,9,English,TRUE,5.065482579,-1.065482579,0
14.76930062,2.673581009,-121.7135317,4,English,TRUE,4.39154654,-0.39154654,0
13.35382916,7.839974425,-15.95478511,1,English,TRUE,0.783764206,3.216235794,1
6.984855631,5.171603323,-84.35342699,4,English,TRUE,3.093345489,0.906654511,0
12.50291657,6.836478378,-92.38935876,7,English,TRUE,3.553039241,0.446960759,0
12.56369498,7.060524212,-122.7688405,5,English,TRUE,4.488536874,-0.488536874,0
7.304913705,4.52525298,-69.69967819,2,English,TRUE,2.521624273,1.478375727,0
7.598020344,4.094402421,-116.6861447,7,English,TRUE,4.286462384,-0.286462384,0
4.180513798,6.979378698,-21.42760257,1,English,TRUE,0.865852344,3.134147656,1
12.71857575,7.130239292,-44.22076315,8,English,TRUE,1.992513589,2.007486411,0
4.909865238,1.341980536,-93.77800631,6,English,TRUE,3.428452001,0.571547999,0
8.177166544,1.952010162,-121.9838242,5,English,TRUE,4.36741924,-0.36741924,0
13.19686275,7.325657411,-82.78828089,5,English,TRUE,3.164834565,0.835165435,0
2.550088307,8.132515137,-136.4990527,4,English,TRUE,4.816794459,-0.816794459,0
13.75078226,3.093351733,-63.7370183,1,English,TRUE,2.333008617,1.666991383,0
10.85160368,1.677450169,-108.2690919,9,English,TRUE,4.094260269,-0.094260269,0
11.40470478,6.534407601,-81.21035074,7,English,TRUE,3.166402815,0.833597185,0
9.305101982,9.717524338,-45.10300601,4,English,TRUE,1.853659797,2.146340203,0
2.105568271,4.003433636,-19.11544953,4,English,TRUE,0.85827167,3.14172833,1
2.609061959,9.73068957,-145.2757687,6,English,TRUE,5.205923139,-1.205923139,0
10.36880368,7.985254633,-48.60441785,6,English,TRUE,2.043687845,1.956312155,0
12.61001519,5.815663748,-35.59105794,3,English,TRUE,1.490625388,2.509374612,1
7.61490697,2.925305834,-3.429649871,1,English,TRUE,0.25972379,3.74027621,1
1.639082437,4.760705679,-70.38760315,9,English,TRUE,2.770251319,1.229748681,0
4.875400309,7.886003594,-11.37091086,4,English,TRUE,0.666644401,3.333355599,1
5.638858099,3.632009149,-30.83887894,3,English,TRUE,1.240671304,2.759328696,1
5.108843525,6.631004626,-29.29446738,3,English,TRUE,1.213880728,2.786119272,1
6.9055945,1.07474357,-42.3444055,3,English,TRUE,1.611283564,2.388716436,1
13.70655404,4.885326808,-72.37327787,1,English,TRUE,2.638361404,1.361638596,0
7.387311125,2.69512186,-1.605732053,3,English,TRUE,0.274348732,3.725651268,1
2.122520197,4.070818652,-74.11502788,5,English,TRUE,2.732434318,1.267565682,0
10.36001705,8.308299637,-146.2135091,8,English,TRUE,5.380466805,-1.380466805,0
11.13562278,5.834086735,-27.96435023,2,English,TRUE,1.181842103,2.818157897,1
1.16389255,7.9734499,-53.42046059,2,English,TRUE,1.952055444,2.047944556,0
12.04579224,7.432187045,-109.2340035,7,English,TRUE,4.115913243,-0.115913243,0
5.464135456,5.104948596,-114.8321516,2,English,TRUE,4.013429226,-0.013429226,0
13.46135849,8.447328638,-68.40427211,7,English,TRUE,2.779229275,1.220770725,0
9.916632444,3.073797746,-46.97519389,7,English,TRUE,1.975744098,2.024255902,0
1.545944176,6.158151309,-43.69497712,5,English,TRUE,1.733540192,2.266459808,1
5.395534043,3.406102409,-67.55489686,2,English,TRUE,2.41984626,1.58015374,0
9.441200271,9.873747496,-62.26244928,5,English,TRUE,2.468564454,1.531435546,0
6.452746529,9.59400739,-1.474466011,4,English,TRUE,0.369616406,3.630383594,1
6.397166666,5.350188728,-30.33817814,4,English,TRUE,1.288746159,2.711253841,1
8.579706503,2.633478654,-100.1417416,8,English,TRUE,3.770189903,0.229810097,0
8.751960795,8.495641374,-50.49604579,5,English,TRUE,2.055677548,1.944322452,0
14.5298434,8.035500394,-80.70735502,8,English,TRUE,3.235898605,0.764101395,0
14.91387744,2.5499649,-54.28068955,9,English,TRUE,2.343994742,1.656005258,0
8.602344175,6.448603348,-43.06175301,3,English,TRUE,1.705901242,2.294098758,1
4.188496305,7.349523946,-57.23316378,7,English,TRUE,2.303152328,1.696847672,0
14.49640386,7.121920338,-24.3512939,7,English,TRUE,1.307893039,2.692106961,1
13.73236455,3.630999802,-7.080642929,2,English,TRUE,0.489655074,3.510344926,1
8.467412803,7.133630819,-15.37574325,1,English,TRUE,0.708535211,3.291464789,1
14.21658931,2.977752702,-18.73007981,6,English,TRUE,1.036279414,2.963720586,1
6.254618711,8.136120505,-0.742482384,1,English,TRUE,0.208656805,3.791343195,1
5.000969777,8.239568022,-38.61643348,8,English,TRUE,1.739619827,2.260380173,1
6.411567096,2.208145772,-26.64961029,1,English,TRUE,1.014517472,2.985482528,1
7.89255672,9.92954543,-32.76268651,6,English,TRUE,1.510310572,2.489689428,1
12.95546754,6.988643134,-40.11567298,3,English,TRUE,1.656630206,2.343369794,1
1.874406311,3.892170752,-76.02450366,5,English,TRUE,2.791815893,1.208184107,0
2.882091812,8.579890722,-132.262612,9,English,TRUE,4.88337356,-0.88337356,0
2.999904022,7.490222682,-34.42147628,9,English,TRUE,1.61228381,2.38771619,1
11.76491895,1.803247765,-148.202247,6,English,TRUE,5.315756566,-1.315756566,0
9.590457599,2.959561308,-9.362612843,2,English,TRUE,0.517587284,3.482412716,1
14.3716129,5.779028168,-27.03895126,1,English,TRUE,1.142804786,2.857195214,1
8.008739753,6.274147397,-74.65621679,1,English,TRUE,2.671369431,1.328630569,0
2.020625695,9.119747065,-32.38707726,5,English,TRUE,1.390972969,2.609027031,1
6.009397178,4.490605897,-71.83847573,4,English,TRUE,2.659615888,1.340384112,0
4.799731326,7.259280438,-0.712982765,4,English,TRUE,0.30435621,3.69564379,1
1.001885702,8.386078451,-54.06821291,2,English,TRUE,1.976153405,2.023846595,0
10.89767082,8.796102606,-52.92637591,7,English,TRUE,2.241150265,1.758849735,0
2.426493433,6.843184596,-111.1862943,9,English,TRUE,4.15890659,-0.15890659,0
4.785506009,2.218407364,-124.7706017,4,English,TRUE,4.389059191,-0.389059191,0
12.79796663,2.40108513,-40.03471882,2,English,TRUE,1.566481145,2.433518855,1
6.427083276,7.643727076,-139.9294364,4,English,TRUE,4.965022651,-0.965022651,0
9.857966302,5.411073125,-8.539783588,8,English,TRUE,0.757349847,3.242650153,1
14.31081791,4.707077305,-98.18757281,1,English,TRUE,3.503098046,0.496901954,0
6.040706523,4.699367025,-146.6991479,9,English,TRUE,5.357372331,-1.357372331,0
9.508529712,5.012646708,-9.76461321,6,English,TRUE,0.710698871,3.289301129,1
5.134220686,4.119201891,-114.4056241,7,English,TRUE,4.186055028,-0.186055028,0
6.531832707,1.848483801,-21.17000541,6,English,TRUE,1.029470012,2.970529988,1
6.149003829,3.649133499,-91.39757842,1,English,TRUE,3.184567321,0.815432679,0
2.561170972,7.709203344,-38.66409817,1,English,TRUE,1.431507016,2.568492984,1
12.69672316,7.729989744,-124.3705554,1,English,TRUE,4.389952309,-0.389952309,0
5.722837655,5.691437262,-79.48949566,6,English,TRUE,3.003792605,0.996207395,0
6.790997449,2.556302479,-117.4845169,5,English,TRUE,4.209623562,-0.209623562,0
11.78221496,2.267966085,-23.13888034,9,English,TRUE,1.271797822,2.728202178,1
1.330329505,1.525878918,-85.90354871,4,English,TRUE,3.052013708,0.947986292,0
5.240820204,9.335700293,-13.63014974,7,English,TRUE,0.88010353,3.11989647,1
4.45245089,6.127370655,-101.1055086,7,English,TRUE,3.755981834,0.244018166,0
7.633337598,3.944800198,-124.2707,3,English,TRUE,4.378138046,-0.378138046,0
1.809822292,6.656458871,-73.63061499,6,English,TRUE,2.779016645,1.220983355,0
4.155337752,6.244493284,-133.6744344,6,English,TRUE,4.799812789,-0.799812789,0
9.9033659,4.347063996,-95.69595687,5,English,TRUE,3.532369528,0.467630472,0
7.579835754,4.359838657,-26.07612445,8,English,TRUE,1.308600892,2.691399108,1
7.435308186,4.38532579,-90.73689206,3,English,TRUE,3.262769408,0.737230592,0
12.8110953,9.075544049,-133.0795592,2,English,TRUE,4.734851701,-0.734851701,0
8.973556914,8.12416518,-81.67977986,2,English,TRUE,2.97363655,1.02636345,0
3.661507097,4.914857613,-102.9636413,9,English,TRUE,3.877885024,0.122114976,0
12.09633163,6.028510674,-148.3685023,4,English,TRUE,5.286865165,-1.286865165,0
11.80277675,1.910359521,-42.1793841,6,English,TRUE,1.783110833,2.216889167,1
1.126538567,4.842695794,-66.21252401,4,English,TRUE,2.426776477,1.573223523,0
9.881091644,2.301894118,-52.01322128,8,English,TRUE,2.1756039,1.8243961,0
13.85797005,5.095099291,-46.66011515,7,English,TRUE,2.024867865,1.975132135,0
12.0256872,9.488468151,-9.847087988,9,English,TRUE,0.90337782,3.09662218,1
2.425251561,4.00793764,-91.03416794,2,English,TRUE,3.178804157,0.821195843,0
4.091938961,8.202923735,-42.47739341,5,English,TRUE,1.738861741,2.261138259,1
9.142712102,4.606293531,-99.99728653,4,English,TRUE,3.630732941,0.369267059,0
7.112598657,5.692798381,-132.1582246,2,English,TRUE,4.613328123,-0.613328123,0
4.954944924,6.264425065,-13.66192479,2,English,TRUE,0.647591193,3.352408807,1
13.49581518,4.340567086,-38.45974244,2,English,TRUE,1.540355238,2.459644762,1
7.96555793,6.609317587,-134.4523653,5,English,TRUE,4.827494266,-0.827494266,0
12.35230013,9.582908059,-30.08804326,6,English,TRUE,1.462286857,2.537713143,1
5.258782075,8.076785974,-20.06422118,9,English,TRUE,1.162163053,2.837836947,1
1.020633509,9.708823835,-94.34255871,6,English,TRUE,3.49204653,0.50795347,0
14.535837,2.04890149,-82.30285774,7,English,TRUE,3.189275976,0.810724024,0
4.140108766,8.645893836,-37.04291439,4,English,TRUE,1.522623839,2.477376161,1
5.241032679,5.558150069,-30.60959508,9,English,TRUE,1.488311663,2.511688337,1
6.193174114,4.85707454,-97.16204324,5,English,TRUE,3.549237261,0.450762739,0
2.098381428,5.803485952,-5.462090268,6,English,TRUE,0.501088349,3.498911651,1
9.172818927,1.509534758,-18.42092819,7,English,TRUE,1.000854476,2.999145524,1
9.42175431,7.060787202,-53.37734884,1,English,TRUE,1.984070376,2.015929624,0
11.0019383,7.801135993,-44.8432511,9,English,TRUE,2.04280578,1.95719422,0
2.435223497,3.790196616,-7.96958713,8,English,TRUE,0.647907105,3.352092895,1
14.06094808,1.768319014,-10.17555354,5,English,TRUE,0.697477789,3.302522211,1
7.464026013,3.630965643,-92.61140782,4,English,TRUE,3.357996844,0.642003156,0
3.733368441,1.031541972,-97.0838246,2,English,TRUE,3.363776591,0.636223409,0
5.69854636,8.414564637,-52.6947438,7,English,TRUE,2.17762257,1.82237743,0
10.81637806,3.134332659,-132.4214456,8,English,TRUE,4.873555292,-0.873555292,0
12.74596259,1.562044201,-16.81858708,7,English,TRUE,0.983699637,3.016300363,1
1.159851768,1.31644642,-104.4224933,5,English,TRUE,3.705512757,0.294487243,0
14.58359954,7.550702812,-24.05914899,9,English,TRUE,1.383314656,2.616685344,1
12.43979399,9.28797542,-133.7590716,7,English,TRUE,4.955913415,-0.955913415,0
12.15353956,1.154556916,-119.6088933,5,English,TRUE,4.320044074,-0.320044074,0
1.956944804,4.728491628,-116.7462404,5,English,TRUE,4.158395711,-0.158395711,0
5.000616544,6.239092337,-29.09429287,2,English,TRUE,1.162206851,2.837793149,1
10.59621437,9.579631567,-104.2982571,5,English,TRUE,3.878367029,0.121632971,0
6.234894658,1.031597658,-24.03159223,7,English,TRUE,1.153717997,2.846282003,1
8.261813921,8.449114665,-3.136277025,9,English,TRUE,0.631651853,3.368348147,1
6.650414033,8.556620463,-11.08012594,6,English,TRUE,0.761407876,3.238592124,1
6.918200917,2.593638297,-71.03781201,2,English,TRUE,2.543045459,1.456954541,0
5.851338351,6.044699664,-65.47565612,6,English,TRUE,2.541482251,1.458517749,0
6.5665733,9.83195462,-83.89488771,8,English,TRUE,3.280481536,0.719518464,0
3.874661142,9.348744693,-27.25928669,7,English,TRUE,1.320876948,2.679123052,1
9.450920808,3.471154261,-0.584533535,3,English,TRUE,0.268705202,3.731294798,1
10.07906748,4.25480795,-138.6670268,7,English,TRUE,5.04557298,-1.04557298,0
14.51021517,6.04426134,-139.8004105,9,English,TRUE,5.225558449,-1.225558449,0
6.714123672,4.086416043,-90.79735971,2,English,TRUE,3.214584054,0.785415946,0
1.116479191,3.967579964,-75.01352137,6,English,TRUE,2.791291304,1.208708696,0
4.38830912,5.730679252,-114.2223541,1,English,TRUE,3.948601686,0.051398314,0
4.477267645,9.629208588,-32.74153278,5,English,TRUE,1.432449188,2.567550812,1
7.425167232,5.966454018,-116.2437436,7,English,TRUE,4.288707666,-0.288707666,0
12.52177327,2.64228698,-108.308755,6,English,TRUE,4.001932437,-0.001932437,0
11.40034091,9.440352687,-119.8871332,2,English,TRUE,4.284644709,-0.284644709,0
7.360835923,7.857727701,-49.71741806,4,English,TRUE,1.969432905,2.030567095,0
1.896088853,2.120490084,-70.65686933,4,English,TRUE,2.555394767,1.444605233,0
5.21464509,5.891405119,-17.88590851,9,English,TRUE,1.067257452,2.932742548,1
6.735394747,7.235275545,-46.59242497,7,English,TRUE,1.972787535,2.027212465,0
10.172432,5.789078742,-22.57452387,2,English,TRUE,0.992099236,3.007900764,1
3.232891676,4.486000788,-27.77562279,4,English,TRUE,1.163043018,2.836956982,1
8.497753408,8.642229725,-48.01800785,5,English,TRUE,1.972000093,2.027999907,0
10.47717096,5.541192711,-30.18254075,2,English,TRUE,1.246268328,2.753731672,1
1.26780553,9.074837178,-113.6390011,4,English,TRUE,4.051393129,-0.051393129,0
5.959798581,7.44482726,-143.0591352,7,English,TRUE,5.182684099,-1.182684099,0
2.474836783,1.984873644,-127.0952474,6,English,TRUE,4.521105352,-0.521105352,0
9.508537563,4.891129645,-119.2074539,5,English,TRUE,4.317578468,-0.317578468,0
1.808250229,1.221973195,-88.93975963,5,English,TRUE,3.194960888,0.805039112,0
4.278847193,9.392462871,-97.11920985,6,English,TRUE,3.614020096,0.385979904,0
9.628206803,9.77591711,-78.49705086,8,English,TRUE,3.130609601,0.869390399,0
6.820851449,3.114362737,-40.82208122,8,English,TRUE,1.780088183,2.219911817,1
10.83004535,7.531829879,-40.83410308,5,English,TRUE,1.744755521,2.255244479,1
3.403714708,7.068129055,-0.675787715,5,English,TRUE,0.327244695,3.672755305,1
10.68903106,1.85347395,-108.429865,2,English,TRUE,3.819753882,0.180246118,0
8.109270895,3.929220898,-131.608747,6,English,TRUE,4.74734315,-0.74734315,0
1.253736575,7.45195758,-120.1949691,8,English,TRUE,4.413555911,-0.413555911,0
12.09861359,6.230668085,-27.06897187,5,English,TRUE,1.285591879,2.714408121,1
8.849496129,7.647873855,-117.5930153,6,English,TRUE,4.324740878,-0.324740878,0
5.670797542,4.792058349,-52.37273078,3,English,TRUE,1.970386251,2.029613749,0
7.318117582,7.943949418,-108.8358174,2,English,TRUE,3.86048125,0.13951875,0
12.24952723,4.640647628,-72.8934576,9,English,TRUE,2.958683669,1.041316331,0
13.28290634,2.028236079,-107.6892654,4,English,TRUE,3.902753604,0.097246396,0
6.451669146,5.943475073,-55.79784495,8,English,TRUE,2.303879607,1.696120393,0
6.174038792,9.38712416,-71.451553,7,English,TRUE,2.817330063,1.182669937,0
4.047343594,5.500831022,-123.6512304,3,English,TRUE,4.337189428,-0.337189428,0
7.775851155,2.77883003,-37.26613505,4,English,TRUE,1.507751314,2.492248686,1
11.81933403,6.097516486,-101.6870102,5,English,TRUE,3.768735512,0.231264488,0
9.171990228,5.026418404,-36.2164471,9,English,TRUE,1.70919899,2.29080101,1
4.793197776,5.859534045,-90.85584122,7,English,TRUE,3.415055359,0.584944641,0
13.70973919,8.810456519,-77.64729403,2,English,TRUE,2.893445092,1.106554908,0
2.077603371,7.521682032,-2.846654538,1,English,TRUE,0.230881339,3.769118661,1
10.74618603,1.319966898,-148.1233946,2,English,TRUE,5.138108016,-1.138108016,0
12.50563325,8.853730189,-13.57837294,2,English,TRUE,0.746206066,3.253793934,1
10.72497342,5.288348871,-49.02315752,4,English,TRUE,1.954238474,2.045761526,0
12.5558193,5.93847645,-83.73293528,8,English,TRUE,3.2960408,0.7039592,0
12.82819887,5.329604718,-81.81358447,1,English,TRUE,2.948697518,1.051302482,0
13.01232579,6.841400205,-40.58375819,7,English,TRUE,1.8313292,2.1686708,0
4.380950794,2.657170208,-97.30367504,7,English,TRUE,3.593837045,0.406162955,0
1.201340245,7.792142688,-57.34000346,1,English,TRUE,2.041268278,1.958731722,0
9.744596674,7.969586833,-63.01949272,7,English,TRUE,2.557791592,1.442208408,0
13.10206546,3.362106727,-132.2749595,9,English,TRUE,4.933807038,-0.933807038,0
9.217111092,3.957329467,-116.8775398,2,English,TRUE,4.107662398,-0.107662398,0
8.387484527,7.729712388,-13.53749396,1,English,TRUE,0.652421768,3.347578232,1
4.854034988,9.779888744,-17.27901187,2,English,TRUE,0.8023063,3.1976937,1
3.510984144,6.920005665,-116.8933425,6,English,TRUE,4.240754649,-0.240754649,0
10.87194804,6.230101599,-139.2353251,5,English,TRUE,5.012197998,-1.012197998,0
10.34864828,8.590963993,-87.30413746,7,English,TRUE,3.379534038,0.620465962,0
10.79495397,4.004578579,-63.43751823,6,English,TRUE,2.502579267,1.497420733,0
1.727850928,7.145015502,-91.10904126,6,English,TRUE,3.365696706,0.634303294,0
3.957245641,4.382955593,-114.4159658,9,English,TRUE,4.257267539,-0.257267539,0
13.08195564,9.349590518,-32.12974828,7,English,TRUE,1.575307071,2.424692929,1
13.40530809,1.850113461,-61.88846264,3,English,TRUE,2.33550297,1.66449703,0
1.87351696,6.333927831,-89.44889839,4,English,TRUE,3.223704394,0.776295606,0
1.938231529,9.511641635,-89.09257519,1,English,TRUE,3.124251238,0.875748762,0
7.567500955,3.190327421,-8.530622018,2,English,TRUE,0.471932351,3.528067649,1
14.62307517,8.480212889,-52.96309669,9,English,TRUE,2.356469437,1.643530563,0
5.567554853,4.543085655,-111.7069504,8,English,TRUE,4.14467142,-0.14467142,0
4.590482854,4.373670455,-111.2458393,1,English,TRUE,3.837836177,0.162163823,0
12.25326847,4.123252228,-10.18724536,2,English,TRUE,0.583340052,3.416659948,1
8.077122645,2.947987751,-122.8043893,9,English,TRUE,4.563730748,-0.563730748,0
7.418039938,4.641898761,-93.46516038,6,English,TRUE,3.476104733,0.523895267,0
13.07084163,8.65407626,-101.1725712,4,English,TRUE,3.749668218,0.250331782,0
5.595263479,1.19249962,-135.5504852,2,English,TRUE,4.666227136,-0.666227136,0
3.749869022,3.134184421,-94.3321605,8,English,TRUE,3.533245884,0.466754116,0
8.948182451,9.283508484,-93.89847096,2,English,TRUE,3.392265941,0.607734059,0
8.992283836,2.785606563,-101.5159184,8,English,TRUE,3.821642851,0.178357149,0
4.061937205,1.165907887,-126.0666443,9,English,TRUE,4.614499927,-0.614499927,0
4.999905947,7.153576242,-46.8728139,1,English,TRUE,1.723961952,2.276038048,1
3.002015717,8.997332452,-43.38848922,9,English,TRUE,1.926276456,2.073723544,0
6.143470202,5.403450033,-73.74364725,2,English,TRUE,2.653590777,1.346409223,0
11.5037207,2.633384124,-61.03350633,3,English,TRUE,2.295821259,1.704178741,0
5.917071423,6.949243524,-60.10219948,2,English,TRUE,2.212069799,1.787930201,0
1.560827667,5.04720706,-60.52048779,5,English,TRUE,2.28342994,1.71657006,0
7.528191781,6.017270941,-76.56752825,4,English,TRUE,2.847705569,1.152294431,0
9.356749668,5.677682378,-71.93835785,3,English,TRUE,2.668289582,1.331710418,0
9.611807968,2.816196232,-19.30609107,6,English,TRUE,1.007816411,2.992183589,1
13.74848004,1.634808657,-62.86821706,2,English,TRUE,2.329440122,1.670559878,0
12.22024087,5.078226983,-5.97620611,2,English,TRUE,0.452191549,3.547808451,1
6.422515252,9.854613306,-71.60669185,7,English,TRUE,2.829661014,1.170338986,0
8.346298927,1.358251149,-117.1048193,7,English,TRUE,4.280539476,-0.280539476,0
11.85341673,7.86717458,-60.09916296,6,English,TRUE,2.440511345,1.559488655,0
14.46089254,9.521806577,-21.80914062,8,English,TRUE,1.286798345,2.713201655,1
10.49899956,7.407133682,-100.3306956,4,English,TRUE,3.683417854,0.316582146,0
5.759606093,6.012015744,-20.74701898,7,English,TRUE,1.089283518,2.910716482,1
3.279073849,2.693657523,-90.12746807,4,English,TRUE,3.223976249,0.776023751,0
14.55306934,3.863192782,-96.46564215,5,English,TRUE,3.599684026,0.400315974,0
8.021251445,8.101665846,-20.82203317,4,English,TRUE,1.015296945,2.984703055,1
11.55415316,2.472776572,-82.74464647,2,English,TRUE,2.97842418,1.02157582,0
13.66103685,3.450227827,-66.06868571,2,English,TRUE,2.45340217,1.54659783,0
5.394293071,3.240085467,-1.223818838,4,English,TRUE,0.287137747,3.712862253,1
10.67478138,3.110896907,-66.45034266,8,English,TRUE,2.672868205,1.327131795,0
3.668537663,6.172801216,-126.6833972,8,English,TRUE,4.641193294,-0.641193294,0
5.031234797,9.799511607,-111.1347988,7,English,TRUE,4.132800758,-0.132800758,0
5.815407612,7.914229999,-49.4561983,7,English,TRUE,2.06583632,1.93416368,0
10.22125897,8.913910824,-38.97252234,7,English,TRUE,1.770435776,2.229564224,1
12.57171504,3.529251336,-30.89594629,7,English,TRUE,1.47087454,2.52912546,1
12.21372981,3.360842651,-111.3738434,8,English,TRUE,4.18820717,-0.18820717,0
7.495743774,1.762835259,-75.34956373,8,English,TRUE,2.924237915,1.075762085,0
9.327863313,6.659745268,-82.56243375,4,English,TRUE,3.071957211,0.928042789,0
11.34413348,7.859539949,-31.20995868,9,English,TRUE,1.59236869,2.40763131,1
8.452086263,9.683946947,-96.18816604,8,English,TRUE,3.707632534,0.292367466,0
1.704893378,3.624928935,-98.80567792,7,English,TRUE,3.62682082,0.37317918,0
7.411005922,1.083180831,-64.86262578,9,English,TRUE,2.607029393,1.392970607,0
4.540013656,6.301350465,-118.7866425,5,English,TRUE,4.267968391,-0.267968391,0
12.52973117,5.395043296,-100.4589403,8,English,TRUE,3.847879087,0.152120913,0
5.911467531,2.579603072,-87.55215881,1,English,TRUE,3.043316,0.956684,0
6.075837152,3.224572701,-26.77024914,1,English,TRUE,1.025345737,2.974654263,1
5.594512759,4.574372499,-23.47739524,4,English,TRUE,1.044268694,2.955731306,1
12.31768034,2.231922877,-138.9081662,6,English,TRUE,5.01576824,-1.01576824,0
10.57413033,7.63740536,-80.62753542,8,English,TRUE,3.189699871,0.810300129,0
3.257063368,4.836528156,-96.87100711,6,English,TRUE,3.549969485,0.450030515,0
1.958306336,2.317383448,-95.59579429,5,English,TRUE,3.429283374,0.570716626,0
6.847337941,2.25794495,-52.22259267,3,English,TRUE,1.951805918,2.048194082,0
9.579141698,9.86508773,-72.65150818,7,English,TRUE,2.896159234,1.103840766,0
3.195377874,6.788607552,-19.22945769,6,English,TRUE,0.980821777,3.019178223,1
4.086244059,1.931477532,-6.602490514,2,English,TRUE,0.360260233,3.639739767,1
9.817489162,2.841629253,-50.99547856,8,English,TRUE,2.146440469,1.853559531,0
6.644948865,7.145535394,-87.9621996,4,English,TRUE,3.229978163,0.770021837,0
10.484133,3.62959123,-39.68718328,1,English,TRUE,1.504043352,2.495956648,1
12.54260125,7.268851201,-85.97190989,7,English,TRUE,3.343844854,0.656155146,0
4.516369746,8.543342488,-139.8734666,8,English,TRUE,5.113046008,-1.113046008,0
5.318555941,1.326270858,-64.36809317,7,English,TRUE,2.492051374,1.507948626,0
6.602971862,1.430299573,-146.5383009,2,English,TRUE,5.044942743,-1.044942743,0
1.360774383,2.664508035,-92.64141276,4,English,TRUE,3.288299916,0.711700084,0
4.117465108,9.822898655,-21.071216,1,English,TRUE,0.881777504,3.118222496,1
9.434292188,4.846736082,-20.70721153,2,English,TRUE,0.913050667,3.086949333,1
4.273379663,9.088237484,-0.261452371,9,English,TRUE,0.502331251,3.497668749,1
1.551485672,4.156466585,-74.66084751,6,English,TRUE,2.785774439,1.214225561,0
9.035298125,3.460455263,-47.66620273,6,English,TRUE,1.953830958,2.046169042,0
1.401133986,9.40151689,-78.32484251,9,English,TRUE,3.078854592,0.921145408,0
5.290059518,9.675580828,-112.8780664,6,English,TRUE,4.152258618,-0.152258618,0
1.563612042,9.376401001,-143.2005652,8,English,TRUE,5.202752304,-1.202752304,0
12.27908328,8.584472112,-92.53059613,1,English,TRUE,3.332988758,0.667011242,0
4.140459824,3.326556269,-28.31463078,4,English,TRUE,1.178491187,2.821508813,1
4.165106994,3.56228172,-41.91526214,4,English,TRUE,1.634449292,2.365550708,1
2.335052898,1.086270761,-106.5318378,5,English,TRUE,3.785274495,0.214725505,0
3.259143017,7.753500344,-45.10020483,9,English,TRUE,1.973466595,2.026533405,0
9.007942296,1.658575889,-36.88787752,9,English,TRUE,1.696261099,2.303738901,1
5.16202086,9.688498333,-107.9107389,2,English,TRUE,3.825529821,0.174470179,0
3.18843759,1.140825861,-131.3195784,6,English,TRUE,4.660611913,-0.660611913,0
14.83789392,7.915284934,-41.94091717,9,English,TRUE,1.985562361,2.014437639,0
12.52582498,7.053838655,-66.06725093,7,English,TRUE,2.678038334,1.321961666,0
12.45732595,5.427463443,-60.42886708,8,English,TRUE,2.513143463,1.486856537,0
13.45878727,4.654112826,-35.6405198,3,English,TRUE,1.489146328,2.510853672,1
11.71508709,5.62893831,-42.571969,7,English,TRUE,1.872505887,2.127494113,0
13.11787336,7.799084284,-135.4856461,4,English,TRUE,4.885357781,-0.885357781,0
10.47077249,2.618633336,-135.3277943,4,English,TRUE,4.801820534,-0.801820534,0
7.00687317,6.336588456,-121.0643126,9,English,TRUE,4.528911702,-0.528911702,0
11.27811763,9.60940511,-116.9982527,8,English,TRUE,4.428816985,-0.428816985,0
5.778461043,4.521491699,-74.08812096,7,English,TRUE,2.852603559,1.147396441,0
7.699397179,4.781210988,-106.2271702,1,English,TRUE,3.705711754,0.294288246,0
9.839254565,7.294409792,-48.72194381,2,English,TRUE,1.875401437,2.124598563,0
6.969576995,7.616042424,-47.48598935,4,English,TRUE,1.888722506,2.111277494,0
14.51423813,6.064930637,-16.66256535,8,English,TRUE,1.081210533,2.918789467,1
8.356584303,4.34104883,-44.63598662,5,English,TRUE,1.814842552,2.185157448,0
10.46905495,7.563119585,-45.29647811,7,English,TRUE,1.970204349,2.029795651,0
9.308459358,7.343417489,-131.1355509,9,English,TRUE,4.897703798,-0.897703798,0
1.227408205,3.779594282,-104.8606904,7,English,TRUE,3.82542637,0.17457363,0
8.792097999,6.110434823,-48.47361781,6,English,TRUE,2.004812588,1.995187412,0
12.64125666,5.223204513,-112.8311465,4,English,TRUE,4.099682829,-0.099682829,0
2.448077608,6.940023441,-32.39579539,7,English,TRUE,1.453740857,2.546259143,1
6.319707106,1.626236052,-146.6889293,7,English,TRUE,5.249090407,-1.249090407,0
12.37463349,6.277277272,-8.575869518,2,English,TRUE,0.552381425,3.447618575,1
2.796562071,5.130248719,-141.9955414,5,English,TRUE,5.012452823,-1.012452823,0
10.80856095,6.645920226,-42.96022593,4,English,TRUE,1.766552343,2.233447657,1
11.54860955,4.780564026,-55.99154186,8,English,TRUE,2.349676464,1.650323536,0
11.22348865,8.320089961,-134.9253133,9,English,TRUE,5.052946231,-1.052946231,0
3.612959157,1.626326627,-78.67037295,1,English,TRUE,2.714738623,1.285261377,0
4.983579399,7.879601003,-62.33377791,3,English,TRUE,2.326424401,1.673575599,0
7.202471889,7.515958457,-140.9789431,5,English,TRUE,5.046482408,-1.046482408,0
7.698874982,6.784454393,-49.12394067,3,English,TRUE,1.902297983,2.097702017,0
9.198227574,9.628689672,-5.717600448,7,English,TRUE,0.658855854,3.341144146,1
3.65910591,1.878996863,-145.4636003,1,English,TRUE,4.944167704,-0.944167704,0
11.73138243,3.446994897,-97.2415138,7,English,TRUE,3.673167566,0.326832434,0
11.58755308,8.661599554,-82.22716281,1,English,TRUE,2.983396953,1.016603047,0
2.68626276,7.779127729,-24.31341113,6,English,TRUE,1.155100943,2.844899057,1
9.183603586,4.828197469,-90.79835357,6,English,TRUE,3.406729796,0.593270204,0
10.21343105,9.243928012,-44.78539304,3,English,TRUE,1.807420025,2.192579975,0
7.324352664,9.548194181,-136.0327608,6,English,TRUE,4.943150828,-0.943150828,0
10.08271541,5.501332748,-31.84167913,6,English,TRUE,1.457229786,2.542770214,1
3.120052401,2.546511012,-70.74363992,2,English,TRUE,2.494786965,1.505213035,0
6.484394308,6.120730304,-89.35596787,8,English,TRUE,3.424583509,0.575416491,0
8.733125929,5.045132739,-83.61863201,5,English,TRUE,3.12507032,0.87492968,0
13.71225964,1.586235148,-66.57692372,3,English,TRUE,2.492215739,1.507784261,0
5.148561227,7.802867361,-29.95678168,7,English,TRUE,1.408073675,2.591926325,1
3.120237307,1.04033524,-71.23534805,5,English,TRUE,2.616117327,1.383882673,0
12.59814139,5.282171335,-62.5111107,4,English,TRUE,2.422506817,1.577493183,0
2.122614595,6.882086374,-114.5831545,4,English,TRUE,4.069485491,-0.069485491,0
7.675744288,2.312822143,-134.4582446,5,English,TRUE,4.78182715,-0.78182715,0
9.821303776,2.667009977,-62.22478218,2,English,TRUE,2.279042544,1.720957456,0
11.96857384,3.148307242,-81.97503379,6,English,TRUE,3.123669937,0.876330063,0
2.74084178,6.884106858,-77.88083212,4,English,TRUE,2.852277224,1.147722776,0
13.25187066,4.942286048,-102.1076543,2,English,TRUE,3.665530045,0.334469955,0
4.924686536,2.242752909,-97.9835449,7,English,TRUE,3.617792558,0.382207442,0
6.33332583,3.760017673,-49.04721599,8,English,TRUE,2.055840635,1.944159365,0
7.196082843,3.921207932,-19.34444265,5,English,TRUE,0.955987663,3.044012337,1
12.56877135,9.50571278,-77.3695607,4,English,TRUE,2.959730198,1.040269802,0
12.56305232,2.677001287,-38.62416038,3,English,TRUE,1.559872549,2.440127451,1
9.379881905,5.10860581,-139.1089546,3,English,TRUE,4.90185003,-0.90185003,0
9.002507093,8.887863474,-52.49342157,4,English,TRUE,2.088684425,1.911315575,0
8.327619193,8.709259998,-115.101413,4,English,TRUE,4.167082558,-0.167082558,0
4.174816754,1.680802126,-44.36383128,7,English,TRUE,1.817350565,2.182649435,0
1.868579837,9.420896165,-111.880681,8,English,TRUE,4.162250793,-0.162250793,0
1.996179504,6.275083139,-8.403158265,8,English,TRUE,0.682817902,3.317182098,1
9.034121895,3.68328674,-73.04992039,1,English,TRUE,2.602171433,1.397828567,0
13.29246918,8.46570849,-25.6004702,6,English,TRUE,1.310930783,2.689069217,1
3.593875905,1.076992931,-14.01043442,5,English,TRUE,0.713723169,3.286276831,1
14.24359246,5.536674522,-105.2050828,8,English,TRUE,4.024638762,-0.024638762,0
12.79031527,5.74020423,-149.0614431,3,English,TRUE,5.274019966,-1.274019966,0
2.72597291,1.343382453,-17.05963442,6,English,TRUE,0.849348034,3.150651966,1
6.013956031,8.102295562,-14.85313904,5,English,TRUE,0.836267151,3.163732849,1
1.058624211,8.198465086,-100.6199727,7,English,TRUE,3.726569983,0.273430017,0
7.855017064,6.654515132,-104.4798198,5,English,TRUE,3.827755984,0.172244016,0
6.504059813,7.924412318,-109.7267983,1,English,TRUE,3.841844664,0.158155336,0
4.316935915,7.362199136,-118.7333301,8,English,TRUE,4.394569022,-0.394569022,0
10.48564127,9.962707863,-48.50959463,6,English,TRUE,2.061469979,1.938530021,0
8.657004264,9.075669297,-76.15483057,1,English,TRUE,2.755821088,1.244178912,0
13.24030268,3.90303313,-107.4857832,4,English,TRUE,3.914292799,0.085707201,0
12.62871865,4.819905,-144.9426525,4,English,TRUE,5.165907988,-1.165907988,0
4.145203567,2.310109828,-129.2656793,7,English,TRUE,4.653409111,-0.653409111,0
6.590656123,8.48025068,-127.0593638,4,English,TRUE,4.546021195,-0.546021195,0
12.25831791,9.741666047,-83.32083004,4,English,TRUE,3.157360841,0.842639159,0
3.222314687,9.153596888,-136.5031462,9,English,TRUE,5.03386399,-1.03386399,0
8.748604867,1.122439559,-107.5999372,4,English,TRUE,3.845375017,0.154624983,0
11.29035261,7.441063992,-119.050429,2,English,TRUE,4.235661798,-0.235661798,0
8.191909973,9.119982579,-2.703458174,9,English,TRUE,0.623234198,3.376765802,1
4.99876384,5.215685905,-129.2692388,6,English,TRUE,4.651119123,-0.651119123,0
11.28451621,8.967545462,-134.063107,7,English,TRUE,4.95129085,-0.95129085,0
7.603092871,7.814499629,-42.31611005,1,English,TRUE,1.604712927,2.395287073,1
2.279907885,1.9309165,-99.56542802,9,English,TRUE,3.720955845,0.279044155,0
8.299278301,5.454204443,-70.18890463,7,English,TRUE,2.757164982,1.242835018,0
9.079639153,9.477194904,-91.46609557,9,English,TRUE,3.594438193,0.405561807,0
13.78258054,4.247261436,-143.4446897,1,English,TRUE,5.001788076,-1.001788076,0
9.231882812,2.360457624,-108.7722845,3,English,TRUE,3.861666219,0.138333781,0
13.40639812,8.657023444,-101.6583461,3,English,TRUE,3.729245753,0.270754247,0
11.08220445,7.493293745,-53.25018675,3,English,TRUE,2.080761207,1.919238793,0
4.586681202,9.865304605,-91.18110275,8,English,TRUE,3.50388995,0.49611005,0
8.000815629,2.654611542,-139.0364366,6,English,TRUE,4.981102158,-0.981102158,0
6.749556862,9.869864326,-95.49257804,4,English,TRUE,3.509280146,0.490719854,0
3.895450504,9.952783193,-48.14651863,9,English,TRUE,2.103366291,1.896633709,0
3.780842594,2.40333627,-55.9649413,4,English,TRUE,2.087339832,1.912660168,0
1.874038582,8.571775163,-104.2195958,8,English,TRUE,3.898444666,0.101555334,0
13.00123312,9.002926121,-139.8023005,4,English,TRUE,5.040118275,-1.040118275,0
11.70511331,4.117593878,-15.53038923,5,English,TRUE,0.875906713,3.124093287,1
5.642635888,3.994873438,-70.41784278,2,English,TRUE,2.523636519,1.476363481,0
8.008110444,3.49002948,-118.7936594,4,English,TRUE,4.234770047,-0.234770047,0
14.24049583,5.790113629,-141.8719788,6,English,TRUE,5.169372054,-1.169372054,0
5.380873672,7.915694888,-123.4509459,6,English,TRUE,4.487997216,-0.487997216,0
11.04450987,5.881691158,-120.6513455,8,English,TRUE,4.510973526,-0.510973526,0
8.684734843,7.160899897,-80.39693916,9,English,TRUE,3.198354319,0.801645681,0
12.61387802,2.233928693,-76.71807962,5,English,TRUE,2.905747388,1.094252612,0
10.93144351,5.84628379,-78.0862179,2,English,TRUE,2.850651203,1.149348797,0
13.30991379,8.880880489,-77.43890782,3,English,TRUE,2.92320487,1.07679513,0
6.708892482,2.536790959,-104.4481345,4,English,TRUE,3.734061316,0.265938684,0
13.40932507,1.330371845,-79.46580479,5,English,TRUE,2.996257129,1.003742871,0
10.50827596,4.64613466,-22.36520952,8,English,TRUE,1.21705109,2.78294891,1
6.167906713,8.464601982,-105.127076,1,English,TRUE,3.690560955,0.309439045,0
8.077291084,2.185937997,-39.82986932,1,English,TRUE,1.470294601,2.529705399,1
4.499620472,9.950545938,-20.7257755,3,English,TRUE,0.955360847,3.044639153,1
6.812039156,9.227879107,-40.74271648,4,English,TRUE,1.678489732,2.321510268,1
6.910691274,5.554048013,-80.40605503,9,English,TRUE,3.164849227,0.835150773,0
3.739976961,5.244875212,-30.5106242,2,English,TRUE,1.186869328,2.813130672,1
12.48354647,3.420138741,-45.80278336,1,English,TRUE,1.725796297,2.274203703,1
4.593060901,5.954432225,-57.75382494,5,English,TRUE,2.230602429,1.769397571,0
11.52960066,3.765642789,-106.2678178,4,English,TRUE,3.855213027,0.144786973,0
13.88967961,4.09099855,-148.3829131,8,English,TRUE,5.445903883,-1.445903883,0
14.00331145,7.090630288,-129.2994152,3,English,TRUE,4.640919925,-0.640919925,0
2.667969408,1.166193144,-131.2114496,7,English,TRUE,4.692056611,-0.692056611,0
8.17349949,1.557775324,-65.30742054,9,English,TRUE,2.634226766,1.365773234,0
5.883646704,8.99272344,-64.01914862,5,English,TRUE,2.482735322,1.517264678,0
5.777422297,3.197231387,-53.11164857,5,English,TRUE,2.060134823,1.939865177,0
7.218567696,2.786971632,-99.8479354,7,English,TRUE,3.708319907,0.291680093,0
8.53752971,9.336047052,-32.1819481,3,English,TRUE,1.371467371,2.628532629,1
5.3094681,1.152040196,-73.98466284,6,English,TRUE,2.770770511,1.229229489,0
1.954612677,9.06251209,-46.08281723,4,English,TRUE,1.806265155,2.193734845,0
5.07905502,6.220391998,-117.060943,6,English,TRUE,4.255025902,-0.255025902,0
5.172926816,2.896191253,-33.07593483,9,English,TRUE,1.543222342,2.456777658,1
9.888693228,7.575040728,-7.470928056,1,English,TRUE,0.463668275,3.536331725,1
2.089991275,3.612677347,-60.4267569,1,English,TRUE,2.111251916,1.888748084,0
13.72882991,5.020494004,-51.19100803,7,English,TRUE,2.173860173,1.826139827,0
12.47474817,4.264629832,-104.9683902,8,English,TRUE,3.986340119,0.013659881,0
4.97858014,4.017230521,-91.65302518,2,English,TRUE,3.225058946,0.774941054,0
14.26891577,4.280508681,-8.453762341,8,English,TRUE,0.787286323,3.212713677,1
13.42456516,8.581211089,-45.32445218,3,English,TRUE,1.850872835,2.149127165,0
9.350539056,2.116871885,-114.1136248,9,English,TRUE,4.278461604,-0.278461604,0
6.349728922,2.748096367,-32.13348205,3,English,TRUE,1.282094321,2.717905679,1
3.857227256,8.369496093,-32.40733535,1,English,TRUE,1.242511745,2.757488255,1
12.2131421,6.212990706,-128.6185514,7,English,TRUE,4.751546374,-0.751546374,0
2.256633008,1.069572406,-130.3528847,8,English,TRUE,4.698358211,-0.698358211,0
3.736412005,6.445027552,-138.1384979,2,English,TRUE,4.786430993,-0.786430993,0
6.209151569,4.274074464,-4.915327313,2,English,TRUE,0.348676504,3.651323496,1
9.364009396,9.289265644,-131.4456389,4,English,TRUE,4.728054048,-0.728054048,0
5.789856402,5.522785158,-25.24991652,5,English,TRUE,1.1547903,2.8452097,1
14.46171025,6.051479634,-106.0258769,9,English,TRUE,4.099327794,-0.099327794,0
5.923098213,9.491531821,-14.60764439,8,English,TRUE,0.96106778,3.03893222,1
5.785886587,5.368356057,-130.3017219,3,English,TRUE,4.574933155,-0.574933155,0
3.609877268,6.474781253,-49.93962902,4,English,TRUE,1.925500886,2.074499114,0
11.48052192,1.934037354,-3.845910943,8,English,TRUE,0.582342624,3.417657376,1
14.39988766,4.701904271,-87.9397989,9,English,TRUE,3.482344549,0.517655451,0
13.57137303,5.436931862,-141.8046635,7,English,TRUE,5.196905166,-1.196905166,0
8.350690763,2.876450275,-11.93685526,5,English,TRUE,0.710166586,3.289833414,1
4.530420285,1.381147727,-3.584689926,8,English,TRUE,0.498605344,3.501394656,1
1.013207814,7.257964658,-67.09710423,4,English,TRUE,2.479281866,1.520718134,0
4.392951732,4.096897876,-102.63566,8,English,TRUE,3.826087162,0.173912838,0
11.23750825,7.009804227,-10.14306544,4,English,TRUE,0.680575306,3.319424694,1
9.02988592,6.219849884,-114.5328457,1,English,TRUE,4.010258882,-0.010258882,0
2.671334159,2.600185047,-30.05055316,8,English,TRUE,1.374400298,2.625599702,1
12.42043533,7.146654342,-44.84786828,2,English,TRUE,1.770599839,2.229400161,1
2.233882034,2.973953656,-141.4999877,6,English,TRUE,5.008744614,-1.008744614,0
7.024851453,2.828440345,-142.8054417,4,English,TRUE,5.018714308,-1.018714308,0
9.894526854,5.216922548,-138.9164819,3,English,TRUE,4.901663891,-0.901663891,0
10.33698426,3.451461213,-137.4841253,2,English,TRUE,4.800688633,-0.800688633,0
7.095548528,8.488558871,-116.6770167,8,English,TRUE,4.365074965,-0.365074965,0
2.698241972,4.296728307,-103.8444268,9,English,TRUE,3.891430595,0.108569405,0
8.45459271,9.527706825,-34.78265711,4,English,TRUE,1.499244899,2.500755101,1
9.727313923,7.45279211,-138.1036536,7,English,TRUE,5.05525618,-1.05525618,0
9.434568386,6.243408431,-124.2426754,5,English,TRUE,4.498202281,-0.498202281,0
8.401192456,5.008648857,-83.8575656,2,English,TRUE,3.0093506,0.9906494,0
5.68219538,4.195852897,-94.41504005,5,English,TRUE,3.445948485,0.554051515,0
8.814396574,3.126934158,-65.41086151,2,English,TRUE,2.379775358,1.620224642,0
8.03320548,1.828724438,-27.6199329,1,English,TRUE,1.059283729,2.940716271,1
7.646766085,1.26135912,-85.87884495,4,English,TRUE,3.111709417,0.888290583,0
8.73940826,9.397846658,-110.7125715,7,English,TRUE,4.151791598,-0.151791598,0
14.61445946,9.386096887,-16.6522287,9,English,TRUE,1.155079853,2.844920147,1
2.6689462,4.084663722,-61.34274529,9,English,TRUE,2.472294275,1.527705725,0
2.651614771,4.601309206,-115.6496358,9,English,TRUE,4.287517099,-0.287517099,0
1.558915456,1.240238427,-8.853579205,7,English,TRUE,0.603110846,3.396889154,1
7.287099198,5.19284556,-122.5784983,3,English,TRUE,4.33074939,-0.33074939,0
8.992698753,2.677648727,-50.70511787,7,English,TRUE,2.086874071,1.913125929,0
5.65397369,6.044578607,-144.7596349,7,English,TRUE,5.222306685,-1.222306685,0
9.411090091,9.130069123,-92.74676242,3,English,TRUE,3.39697034,0.60302966,0
4.992881238,2.950158196,-141.3041544,8,English,TRUE,5.109568874,-1.109568874,0
13.94498508,1.321069747,-12.912201,2,English,TRUE,0.663067248,3.336932752,1
6.277806342,1.993012964,-126.3192554,8,English,TRUE,4.61335004,-0.61335004,0
9.444982869,1.247366753,-73.36191178,4,English,TRUE,2.712320555,1.287679445,0
10.5636,3.424112912,-90.47053414,2,English,TRUE,3.2355616,0.7644384,0
10.08156135,7.391276943,-113.7515418,2,English,TRUE,4.046446443,-0.046446443,0
9.729074357,9.445285137,-124.6405467,9,English,TRUE,4.706428485,-0.706428485,0
11.59031523,6.404255769,-106.3477439,9,English,TRUE,4.084870506,-0.084870506,0
14.78516269,2.430685846,-14.02554399,2,English,TRUE,0.719676618,3.280323382,1
8.537083429,5.713285476,-72.66771441,7,English,TRUE,2.844760836,1.155239164,0
13.78521561,1.712302015,-30.58876972,8,English,TRUE,1.494600833,2.505399167,1
12.61392164,2.582720932,-73.22431259,5,English,TRUE,2.792776845,1.207223155,0
14.09552286,5.624716233,-70.36235098,6,English,TRUE,2.78261409,1.21738591,0
9.998883789,4.906687548,-54.381272,6,English,TRUE,2.20176478,1.79823522,0
6.280824954,4.610933449,-148.1773506,8,English,TRUE,5.368162604,-1.368162604,0
7.083433486,7.872439232,-94.55157737,1,English,TRUE,3.341277973,0.658722027,0
4.062803918,5.819575501,-148.7999581,6,English,TRUE,5.298822396,-1.298822396,0
4.196637533,3.164010073,-96.94429818,9,English,TRUE,3.665083082,0.334916918,0
6.599762256,1.053475803,-51.99923129,4,English,TRUE,1.96984009,2.03015991,0
9.369312188,9.033905758,-67.92357684,6,English,TRUE,2.688151407,1.311848593,0
10.6840816,4.382154121,-45.18224212,2,English,TRUE,1.736737095,2.263262905,1
10.25879751,6.198921965,-47.01319478,1,English,TRUE,1.771683687,2.228316313,1
13.08143473,6.770796699,-107.4167239,2,English,TRUE,3.859079777,0.140920223,0
13.28849167,6.775633403,-51.24651524,4,English,TRUE,2.068858425,1.931141575,0
5.268643741,1.719235984,-47.18528446,4,English,TRUE,1.802721613,2.197278387,0
7.602769113,4.376587585,-72.4302386,1,English,TRUE,2.574134854,1.425865146,0
14.15894122,4.205252458,-107.5467263,9,English,TRUE,4.128532815,-0.128532815,0
3.508294856,9.282702435,-72.15621273,4,English,TRUE,2.693117064,1.306882936,0
1.551066317,7.278713405,-21.42881824,7,English,TRUE,1.082591739,2.917408261,1
9.482555413,2.966936154,-115.5011065,6,English,TRUE,4.214531799,-0.214531799,0
11.96902104,9.905933074,-57.41645636,4,English,TRUE,2.29263142,1.70736858,0
11.66645852,3.054881564,-1.542719988,6,English,TRUE,0.4386374,3.5613626,1
7.059758895,6.884545508,-27.66571801,5,English,TRUE,1.261633644,2.738366356,1
7.677767497,6.432417282,-48.40391748,6,English,TRUE,1.994565764,2.005434236,0
4.901720423,1.194753925,-129.0544823,1,English,TRUE,4.40278082,-0.40278082,0
14.42420622,3.098325733,-107.1436705,3,English,TRUE,3.866681002,0.133318998,0
5.688296062,1.29820116,-21.21111571,3,English,TRUE,0.896902163,3.103097837,1
4.606847983,6.077961793,-114.9023063,3,English,TRUE,4.056924976,-0.056924976,0
7.29921144,3.049179633,-112.1895591,5,English,TRUE,4.043135882,-0.043135882,0
5.025156791,6.797849337,-38.69633756,6,English,TRUE,1.64810798,2.35189202,1
8.535081426,9.263725959,-13.41064968,7,English,TRUE,0.90500973,3.09499027,1
9.445435918,8.984277988,-73.067607,4,English,TRUE,2.779884039,1.220115961,0
4.18165475,1.443199613,-40.02803775,2,English,TRUE,1.470516469,2.529483531,1
6.383221392,2.681207569,-54.3784684,3,English,TRUE,2.023259903,1.976740097,0
5.857425305,6.619604387,-19.73214094,8,English,TRUE,1.102508328,2.897491672,1
4.141361717,8.999991457,-144.880307,5,English,TRUE,5.160757098,-1.160757098,0
8.063040937,3.899741056,-7.331659724,7,English,TRUE,0.644016477,3.355983523,1
4.651889443,1.120643328,-84.60544213,8,English,TRUE,3.197906732,0.802093268,0
8.155313501,6.900023777,-80.55174379,7,English,TRUE,3.115611499,0.884388501,0
14.5375592,3.265700179,-70.17411655,3,English,TRUE,2.637169812,1.362830188,0
13.08804209,9.080479716,-9.185160531,3,English,TRUE,0.647857236,3.352142764,1
8.968890484,8.433763026,-95.64357471,2,English,TRUE,3.442145692,0.557854308,0
7.410604132,8.219991871,-80.83204787,1,English,TRUE,2.890707556,1.109292444,0
13.13884255,7.160041436,-2.412654522,4,English,TRUE,0.443410657,3.556589343,1
4.828643215,6.011336062,-81.67891751,3,English,TRUE,2.951030377,1.048969623,0
5.948624689,2.363339017,-81.27326794,4,English,TRUE,2.952228568,1.047771432,0
14.64865982,2.942797579,-2.260376087,5,English,TRUE,0.451260444,3.548739556,1
9.502541835,6.53546049,-83.61865257,7,English,TRUE,3.227668442,0.772331558,0
10.47621186,6.359523405,-71.38036536,8,English,TRUE,2.867702865,1.132297135,0
9.345997094,5.007876564,-25.11987119,3,English,TRUE,1.100867776,2.899132224,1
12.81338009,1.206294158,-51.13779589,1,English,TRUE,1.884789939,2.115210061,0
14.34630035,6.37435634,-88.79759607,3,English,TRUE,3.287126436,0.712873564,0
5.056191772,6.095843412,-25.18750385,4,English,TRUE,1.111103813,2.888896187,1
10.85644034,2.747458697,-108.2103022,5,English,TRUE,3.943049064,0.056950936,0
6.472843976,1.196261138,-2.080058543,4,English,TRUE,0.306026336,3.693973664,1
13.01652114,6.668953333,-57.11007624,4,English,TRUE,2.260523953,1.739476047,0
5.379678765,7.98444063,-63.29165138,9,English,TRUE,2.603362907,1.396637093,0
6.728556224,1.742122702,-17.28084563,5,English,TRUE,0.860734977,3.139265023,1
12.3627782,6.454301073,-111.3637411,4,English,TRUE,4.060295495,-0.060295495,0
10.70088321,7.500738964,-114.6939046,8,English,TRUE,4.325146376,-0.325146376,0
5.343293972,6.965227777,-54.67859233,6,English,TRUE,2.185704962,1.814295038,0
3.544690369,8.599001943,-99.00589902,7,English,TRUE,3.701633557,0.298366443,0
8.057859787,7.892670736,-27.10721576,7,English,TRUE,1.343079164,2.656920836,1
10.9066882,7.520143809,-34.18660826,1,English,TRUE,1.363821929,2.636178071,1
12.68054714,1.058405692,-63.3487718,9,English,TRUE,2.609015255,1.390984745,0
7.417088712,8.632851974,-84.51822108,8,English,TRUE,3.297773443,0.702226557,0
5.097171367,5.630977822,-46.11175649,4,English,TRUE,1.804340041,2.195659959,0
2.867828697,6.902640537,-50.03197016,6,English,TRUE,2.005437031,1.994562969,0
2.460383223,9.120771761,-37.29794673,3,English,TRUE,1.479076441,2.520923559,1
10.09378409,3.699923235,-36.10720531,4,English,TRUE,1.501510584,2.498489416,1
2.053902033,7.036531661,-115.2482711,7,English,TRUE,4.212513375,-0.212513375,0
14.96741169,2.974740747,-137.735738,4,English,TRUE,4.930612791,-0.930612791,0
10.06278988,2.502764863,-146.5077011,9,English,TRUE,5.369245586,-1.369245586,0
10.10262033,5.169960114,-106.2660517,5,English,TRUE,3.894927529,0.105072471,0
13.76545997,8.151641119,-50.56565394,2,English,TRUE,1.984692809,2.015307191,0
6.97652619,2.870992497,-131.1989737,9,English,TRUE,4.831774312,-0.831774312,0
8.354455702,6.492240805,-21.04868007,3,English,TRUE,0.970089634,3.029910366,1
1.92477431,7.375230424,-30.72148343,8,English,TRUE,1.437049495,2.562950505,1
14.6159553,6.943477962,-62.0504617,9,English,TRUE,2.643943056,1.356056944,0
10.27125022,7.722132898,-103.8596759,2,English,TRUE,3.721923027,0.278076973,0
4.754005215,4.071783164,-129.2037249,5,English,TRUE,4.595048715,-0.595048715,0
7.286528645,7.128801363,-21.39514492,1,English,TRUE,0.897324797,3.102675203,1
10.39071036,7.621277548,-98.81272189,8,English,TRUE,3.793877275,0.206122725,0
12.49763189,3.43002233,-71.0504047,3,English,TRUE,2.647623366,1.352376634,0
12.74375071,3.779786809,-71.8093259,3,English,TRUE,2.678879572,1.321120428,0
4.404519724,7.323755176,-129.1644785,9,English,TRUE,4.782765366,-0.782765366,0
11.64048863,7.579682936,-86.5937062,8,English,TRUE,3.398658589,0.601341411,0
3.612261356,9.798538308,-76.73725598,4,English,TRUE,2.852016529,1.147983471,0
9.229178291,6.088466441,-15.87140138,1,English,TRUE,0.72222316,3.27777684,1
12.4729396,4.862897016,-106.5668842,3,English,TRUE,3.845587838,0.154412162,0
5.574344468,9.07605069,-77.08773883,8,English,TRUE,3.036095246,0.963904754,0
4.838980448,9.452776895,-0.974654039,2,English,TRUE,0.255406041,3.744593959,1
9.130583987,2.289663923,-70.51583634,6,English,TRUE,2.704730357,1.295269643,0
11.38357781,1.234265948,-75.20063723,4,English,TRUE,2.792866345,1.207133655,0
10.84588119,5.89824743,-121.3839889,4,English,TRUE,4.37357425,-0.37357425,0
12.9119386,6.547206912,-61.61095684,2,English,TRUE,2.328290017,1.671709983,0
5.005890594,7.165269543,-144.8564414,1,English,TRUE,4.990259649,-0.990259649,0
9.966261836,2.779908649,-36.76031425,5,English,TRUE,1.552805513,2.447194487,1
13.8076893,1.032820325,-124.1491374,1,English,TRUE,4.326709676,-0.326709676,0
8.008673453,9.370241541,-41.85782467,7,English,TRUE,1.849049972,2.150950028,0
5.127441337,3.688155854,-30.2259284,9,English,TRUE,1.455686918,2.544313082,1
3.362492138,1.702938736,-92.18252411,2,English,TRUE,3.203405112,0.796594888,0
14.55657744,9.488467472,-134.9297352,7,English,TRUE,5.018108288,-1.018108288,0
7.340367046,1.894445011,-123.6258245,4,English,TRUE,4.373208937,-0.373208937,0
3.636235349,1.17747759,-116.0054836,8,English,TRUE,4.234986584,-0.234986584,0
3.760561748,5.3139275,-105.087142,9,English,TRUE,3.953649626,0.046350374,0
2.366540534,7.507309878,-122.3093545,6,English,TRUE,4.415716986,-0.415716986,0
12.50059754,7.831818653,-68.20081627,2,English,TRUE,2.556684704,1.443315296,0
7.377934948,4.853344978,-9.38125529,3,English,TRUE,0.555021309,3.444978691,1
3.290626858,5.244243365,-49.26596299,4,English,TRUE,1.887547468,2.112452532,0
5.345192448,1.144529404,-118.5729741,2,English,TRUE,4.097329689,-0.097329689,0
4.600132916,3.038145434,-114.1116199,6,English,TRUE,4.120103448,-0.120103448,0
11.07143418,9.079347038,-44.94897678,4,English,TRUE,1.859807038,2.140192962,0
6.254498841,6.828936271,-144.2392536,9,English,TRUE,5.298809471,-1.298809471,0
4.290438183,9.970863265,-88.55324707,5,English,TRUE,3.294387917,0.705612083,0
14.68413458,8.923133763,-98.87768295,8,English,TRUE,3.851995448,0.148004552,0
3.29220541,2.100107736,-16.73838888,2,English,TRUE,0.691869427,3.308130573,1
2.402169965,3.48769487,-67.89835889,9,English,TRUE,2.682177278,1.317822722,0
2.23755754,2.007756734,-81.18840677,2,English,TRUE,2.828733368,1.171266632,0
6.82625325,3.112151796,-3.832600698,8,English,TRUE,0.547137407,3.452862593,1
12.49188613,6.474678524,-94.50477114,7,English,TRUE,3.619824685,0.380175315,0
2.685294093,7.41662934,-32.9024167,2,English,TRUE,1.277766458,2.722233542,1
14.0026879,1.583862741,-25.28670931,8,English,TRUE,1.318755817,2.681244183,1
7.954407992,2.730625509,-59.41786291,6,English,TRUE,2.327445765,1.672554235,0
7.242412678,8.8119454,-68.40684595,3,English,TRUE,2.560771779,1.439228221,0
1.120666036,5.126208491,-84.92612854,3,English,TRUE,3.013339697,0.986660303,0
7.375528673,1.760890018,-74.92934031,5,English,TRUE,2.789008864,1.210991136,0
6.818788948,5.134117342,-29.77841295,9,English,TRUE,1.472142828,2.527857172,1
3.859590551,1.299569943,-49.4549876,4,English,TRUE,1.860091192,2.139908808,0
9.775236821,5.525593396,-30.12362713,9,English,TRUE,1.517129207,2.482870793,1
7.315820977,9.404803359,-80.92852731,1,English,TRUE,2.90482382,1.09517618,0
7.495107688,3.491834653,-147.7729503,3,English,TRUE,5.155634434,-1.155634434,0
9.841621301,3.925463712,-96.78264001,3,English,TRUE,3.483758851,0.516241149,0
6.261497066,2.991429988,-148.151816,4,English,TRUE,5.190923136,-1.190923136,0
2.388045572,2.76242544,-44.21655688,9,English,TRUE,1.88538994,2.11461006,0
6.864930747,1.942824336,-46.59616613,1,English,TRUE,1.681283089,2.318716911,1
14.78406255,3.365407236,-52.13728598,9,English,TRUE,2.279404231,1.720595769,0
2.100773954,1.35219029,-113.5380157,8,English,TRUE,4.139130164,-0.139130164,0
4.476024715,8.995273145,-128.1803795,6,English,TRUE,4.647392294,-0.647392294,0
3.969137325,2.553765767,-47.55343559,7,English,TRUE,1.93034355,2.06965645,0
4.345967523,3.269965539,-61.03897564,9,English,TRUE,2.470791852,1.529208148,0
14.51853764,3.334524467,-28.82881993,8,English,TRUE,1.459491286,2.540508714,1
3.052516205,9.534200822,-26.76177469,5,English,TRUE,1.217926326,2.782073674,1
6.162152177,5.359829238,-65.0492074,2,English,TRUE,2.363526728,1.636473272,0
7.774281704,7.007934451,-140.492142,5,English,TRUE,5.030893562,-1.030893562,0
12.27166892,9.402548673,-103.3619527,8,English,TRUE,3.982140599,0.017859401,0
12.90185829,5.603636225,-100.6503617,2,English,TRUE,3.620067,0.379933,0
14.44513484,9.031835598,-118.3329017,6,English,TRUE,4.41919976,-0.41919976,0
14.05173637,3.87726118,-109.5453758,4,English,TRUE,3.990802504,0.009197496,0
2.020578326,1.55023867,-41.01883216,2,English,TRUE,1.483002575,2.516997425,1
11.62415388,6.754048872,-45.62934164,1,English,TRUE,1.744760082,2.255239918,1
12.40475078,6.102554281,-108.9893229,5,English,TRUE,4.018050482,-0.018050482,0
7.262238588,6.010261037,-86.85346294,5,English,TRUE,3.227840428,0.772159572,0
11.86211091,6.357875912,-21.29569935,4,English,TRUE,1.052056513,2.947943487,1
3.86970926,8.917371842,-70.62466352,2,English,TRUE,2.562026262,1.437973738,0
11.38793548,9.818228468,-38.3019403,4,English,TRUE,1.648792983,2.351207017,1
1.731907446,5.443925422,-65.88574465,4,English,TRUE,2.427949817,1.572050183,0
13.6827634,1.155701105,-91.54836992,8,English,TRUE,3.519996976,0.480003024,0
14.67085526,4.581643388,-13.60919055,4,English,TRUE,0.806164672,3.193835328,1
10.22462529,9.433491702,-129.4083313,1,English,TRUE,4.550192214,-0.550192214,0
4.985446344,4.972308043,-18.70659576,4,English,TRUE,0.883130736,3.116869264,1
11.58834136,9.37228888,-86.12667587,3,English,TRUE,3.200495498,0.799504502,0
2.084770772,1.512575806,-113.2688695,9,English,TRUE,4.171602448,-0.171602448,0
2.432650513,5.29214883,-67.31551064,7,English,TRUE,2.601098348,1.398901652,0
14.06470084,6.768024984,-51.05701987,9,English,TRUE,2.27022792,1.72977208,0
9.923634737,9.502381457,-32.21094753,5,English,TRUE,1.467958413,2.532041587,1
8.171647894,8.067652001,-108.1843863,4,English,TRUE,3.928539208,0.071460792,0
8.563041735,6.020684642,-84.10390803,8,English,TRUE,3.269300865,0.730699135,0
4.565292722,4.791067603,-95.70488798,6,English,TRUE,3.523726536,0.476273464,0
9.76177673,6.88005932,-119.3208249,7,English,TRUE,4.423779191,-0.423779191,0
1.763129884,8.66283755,-118.7321741,6,English,TRUE,4.30199881,-0.30199881,0
8.862323108,6.178330583,-33.02309748,3,English,TRUE,1.371176453,2.628823547,1
5.720974866,3.605042749,-14.32672007,5,English,TRUE,0.770817512,3.229182488,1
7.951215911,9.70978891,-20.07475301,1,English,TRUE,0.885768482,3.114231518,1
11.81976117,3.934211071,-18.47767131,1,English,TRUE,0.8134621,3.1865379,1
3.147780353,2.179501691,-91.04393755,1,English,TRUE,3.128070739,0.871929261,0
12.17834907,8.740150776,-22.64258338,9,English,TRUE,1.323937778,2.676062222,1
10.9011966,4.236730689,-85.22583113,3,English,TRUE,3.112240311,0.887759689,0
9.794892359,9.50822321,-134.0574575,3,English,TRUE,4.781613073,-0.781613073,0
10.11014138,9.38917066,-3.855010641,5,English,TRUE,0.523493475,3.476506525,1
2.327888706,6.439253275,-49.33872414,6,English,TRUE,1.972295558,2.027704442,0
10.28886483,1.787051409,-113.031352,3,English,TRUE,4.008470896,-0.008470896,0
14.64664114,6.393703501,-41.03459999,3,English,TRUE,1.698223446,2.301776554,1
9.935141811,4.037272255,-16.21636708,6,English,TRUE,0.92026971,3.07973029,1
13.99721573,7.611890481,-134.3952098,7,English,TRUE,4.975931388,-0.975931388,0
10.99050313,5.174087102,-80.43992083,6,English,TRUE,3.082976597,0.917023403,0
11.14381073,5.523844012,-39.40621812,4,English,TRUE,1.640217151,2.359782849,1
5.361172186,6.905233397,-72.48712338,1,English,TRUE,2.578901502,1.421098498,0
9.080613467,7.561338614,-98.94881843,2,English,TRUE,3.544713468,0.455286532,0
2.140634568,9.153891156,-7.964491978,8,English,TRUE,0.698428323,3.301571677,1
14.31042598,2.778228499,-94.0524036,7,English,TRUE,3.585966665,0.414033335,0
1.737937058,9.43720469,-112.0675741,1,English,TRUE,3.887337219,0.112662781,0
11.04054026,6.732492179,-82.46999977,2,English,TRUE,3.006730317,0.993269683,0
7.520158087,3.344388212,-66.9538449,7,English,TRUE,2.620440293,1.379559707,0
7.5772605,4.371877825,-85.30129057,7,English,TRUE,3.242867736,0.757132264,0
10.29617119,6.292835124,-136.8976397,8,English,TRUE,5.04914472,-1.04914472,0
14.09732232,4.719813053,-76.02223234,2,English,TRUE,2.802245765,1.197754235,0
8.909336507,1.158309246,-132.2479066,3,English,TRUE,4.628940012,-0.628940012,0
6.79131733,3.783940968,-11.08760781,1,English,TRUE,0.51533951,3.48466049,1
10.70761195,2.553272146,-27.93030483,6,English,TRUE,1.303619002,2.696380998,1
4.890475764,5.342279,-114.8076585,3,English,TRUE,4.049249499,-0.049249499,0
13.44038993,9.063410467,-3.482425657,1,English,TRUE,0.381118859,3.618881141,1
6.947118539,4.622096605,-132.6559131,8,English,TRUE,4.857555921,-0.857555921,0
13.81582682,6.50197678,-19.06805297,5,English,TRUE,1.038779802,2.961220198,1
8.212691166,3.339248265,-145.3071999,8,English,TRUE,5.279092725,-1.279092725,0
11.11974885,2.411503299,-95.39351487,7,English,TRUE,3.59509635,0.40490365,0
14.56340567,8.440176733,-44.71300349,5,English,TRUE,1.920469274,2.079530726,0
1.890420109,9.160019332,-130.3305296,1,English,TRUE,4.494855382,-0.494855382,0
12.77534639,8.62030651,-78.40193124,7,English,TRUE,3.107354237,0.892645763,0
3.677389807,9.896722006,-46.83160046,6,English,TRUE,1.936794467,2.063205533,0
9.61600481,7.073167866,-135.5237804,4,English,TRUE,4.844351073,-0.844351073,0
10.60527616,8.540431479,-149.2946044,8,English,TRUE,5.487943891,-1.487943891,0
6.941208365,9.881891622,-74.55698305,6,English,TRUE,2.893463768,1.106536232,0
14.52430043,1.873487179,-6.849294919,1,English,TRUE,0.432287707,3.567712293,1
2.828881342,4.893940969,-36.84919711,9,English,TRUE,1.665534793,2.334465207,1
12.9632161,2.934067902,-93.93201899,4,English,TRUE,3.45004014,0.54995986,0
11.95988065,4.962816782,-52.01885867,5,English,TRUE,2.10318893,1.89681107,0
4.260625741,5.922413672,-28.59108537,8,English,TRUE,1.374866573,2.625133427,1
4.159304163,2.599340151,-145.4927655,5,English,TRUE,5.117345293,-1.117345293,0
12.78261644,9.651513181,-86.54529884,4,English,TRUE,3.269184591,0.730815409,0
9.497623628,8.32373466,-97.24051576,2,English,TRUE,3.499564108,0.500435892,0
3.638997939,1.236562951,-26.77351605,9,English,TRUE,1.301206144,2.698793856,1
12.26953567,5.055589431,-28.95916983,8,English,TRUE,1.458556912,2.541443088,1
8.305632254,4.447345154,-78.5585036,7,English,TRUE,3.026146561,0.973853439,0
9.199160696,2.399860824,-146.1491173,7,English,TRUE,5.26762746,-1.26762746,0
1.118938101,9.673184494,-140.0854218,1,English,TRUE,4.817435286,-0.817435286,0
11.56905556,8.340282825,-146.4227981,5,English,TRUE,5.27985332,-1.27985332,0
5.529344592,7.86856947,-80.27387616,9,English,TRUE,3.169775013,0.830224987,0
3.573380453,7.721633092,-46.91869165,1,English,TRUE,1.716906524,2.283093476,1
3.167779525,9.126270759,-74.74384842,2,English,TRUE,2.694402117,1.305597883,0
6.883494425,3.689382113,-34.41997334,8,English,TRUE,1.57306121,2.42693879,1
13.34392557,7.287384581,-28.48288107,7,English,TRUE,1.435742471,2.564257529,1
3.674869951,1.390110579,-1.265990997,5,English,TRUE,0.292849505,3.707150495,1
6.376267036,6.878176033,-28.41116809,2,English,TRUE,1.159583367,2.840416633,1
4.469374201,3.089157419,-62.39428437,7,English,TRUE,2.435394795,1.564605205,0
11.15655436,9.553980107,-54.88962669,9,English,TRUE,2.396759568,1.603240432,0
10.32071336,5.402619654,-45.9997612,1,English,TRUE,1.730558704,2.269441296,1
7.29725587,8.403905104,-65.33165031,8,English,TRUE,2.654733287,1.345266713,0
11.58898477,6.835815386,-67.63534018,3,English,TRUE,2.558759341,1.441240659,0
13.52646599,5.439642225,-3.943205827,7,English,TRUE,0.601101276,3.398898724,1
10.59997876,2.265212158,-104.5638305,7,English,TRUE,3.894112927,0.105887073,0
13.02572766,3.931000591,-29.45297494,9,English,TRUE,1.511333114,2.488666886,1
13.10992967,1.18691098,-71.86854578,4,English,TRUE,2.698586599,1.301413401,0
4.351177709,8.842216071,-38.15455459,2,English,TRUE,1.483752424,2.516247576,1
5.146474718,1.222967142,-113.2315229,3,English,TRUE,3.958078515,0.041921485,0
11.42219035,9.107532823,-43.52975211,1,English,TRUE,1.696288969,2.303711031,1
2.824451833,4.136919864,-128.8223222,1,English,TRUE,4.403691124,-0.403691124,0
1.885547725,7.739552696,-23.92568081,1,English,TRUE,0.933773698,3.066226302,1
13.02242956,4.809332285,-144.1080629,1,English,TRUE,5.021919715,-1.021919715,0
10.71784316,3.419873644,-41.40116468,4,English,TRUE,1.681415991,2.318584009,1
2.018307665,5.422723792,-17.23906933,7,English,TRUE,0.929045959,3.070954041,1
12.24496973,2.577895105,-141.5027175,7,English,TRUE,5.144985898,-1.144985898,0
14.01890468,9.286883327,-98.77855632,6,English,TRUE,3.765676424,0.234323576,0
8.63116778,9.762468839,-97.43026883,6,English,TRUE,3.671611994,0.328388006,0
2.255131237,8.329812104,-64.4838392,9,English,TRUE,2.61531074,1.38468926,0
5.723027097,1.289659629,-75.24929622,1,English,TRUE,2.618436741,1.381563259,0
2.255812866,1.429604107,-32.74680036,8,English,TRUE,1.448414182,2.551585818,1
7.434858561,6.203266064,-53.64418237,6,English,TRUE,2.164520659,1.835479341,0
12.09976063,8.232108413,-93.28263882,6,English,TRUE,3.552739985,0.447260015,0
3.306232545,7.528521215,-42.41766902,6,English,TRUE,1.762269838,2.237730162,1
1.766429752,3.829690237,-80.21397434,7,English,TRUE,3.009760345,0.990239655,0
4.998114627,2.324419309,-108.3752225,2,English,TRUE,3.765732756,0.234267244,0
7.680049264,6.264203502,-16.97249152,4,English,TRUE,0.865192245,3.134807755,1
3.98952469,1.282037146,-130.3123479,2,English,TRUE,4.476460547,-0.476460547,0
9.386154619,3.94954261,-100.9258445,9,English,TRUE,3.857551789,0.142448211,0
4.174620644,9.073517215,-70.6870515,8,English,TRUE,2.808716429,1.191283571,0
11.93806906,9.592997972,-40.27740017,6,English,TRUE,1.797890676,2.202109324,1
12.98295265,5.689019557,-141.9364568,2,English,TRUE,4.997934949,-0.997934949,0
3.882422351,8.312103554,-111.2354318,4,English,TRUE,3.989792986,0.010207014,0
14.04423995,4.845754389,-40.21120708,7,English,TRUE,1.809273513,2.190726487,0
3.896206256,9.754389762,-110.5361646,8,English,TRUE,4.141044781,-0.141044781,0
3.091591438,3.285697585,-61.87513998,1,English,TRUE,2.166277556,1.833722444,0
14.02007529,1.069280227,-79.61054122,5,English,TRUE,3.004578263,0.995421737,0
12.29390931,1.619025919,-136.5841679,6,English,TRUE,4.931934949,-0.931934949,0
6.904839387,8.763303172,-112.4440714,6,English,TRUE,4.14481714,-0.14481714,0
3.794002623,2.413529957,-121.9565897,1,English,TRUE,4.167294982,-0.167294982,0
4.675144067,7.14003739,-95.31271861,4,English,TRUE,3.455242435,0.544757565,0
4.233710347,4.26701305,-94.25629785,4,English,TRUE,3.386883829,0.613116171,0
4.01502996,2.79693718,-43.37151957,5,English,TRUE,1.71383699,2.28616301,1
13.14013011,1.321398541,-108.7967918,3,English,TRUE,3.891175012,0.108824988,0
4.201390519,9.454884644,-137.2814657,9,English,TRUE,5.072611607,-1.072611607,0
13.35493147,1.709260282,-142.5914543,5,English,TRUE,5.103690393,-1.103690393,0
7.254810224,6.792772356,-57.23117192,1,English,TRUE,2.088181556,1.911818444,0
12.47157523,9.804013017,-111.5541836,7,English,TRUE,4.221228669,-0.221228669,0
2.770499436,7.168659607,-114.6755677,3,English,TRUE,4.041910513,-0.041910513,0
9.423612521,8.217516482,-115.5965021,4,English,TRUE,4.189628025,-0.189628025,0
1.849562965,7.270422403,-52.39179767,6,English,TRUE,2.077593109,1.922406891,0
6.786794438,9.436056068,-34.53399955,1,English,TRUE,1.353361823,2.646638177,1
11.79740304,1.895494728,-92.82768323,8,English,TRUE,3.551185085,0.448814915,0
3.717802786,8.119771494,-146.4018347,4,English,TRUE,5.158436899,-1.158436899,0
8.51250513,4.194260563,-102.4465111,2,English,TRUE,3.621951359,0.378048641,0
12.68939485,8.656576161,-42.55134661,9,English,TRUE,1.99183793,2.00816207,0
5.244914713,1.067869834,-10.4583675,4,English,TRUE,0.571740095,3.428259905,1
7.012270559,3.669914585,-43.31237217,5,English,TRUE,1.750567591,2.249432409,1
1.434953823,9.704090604,-7.764233703,6,English,TRUE,0.610198234,3.389801766,1
13.99910853,4.397479382,-87.55553344,4,English,TRUE,3.26248366,0.73751634,0
3.915245321,7.436482611,-37.26720657,9,English,TRUE,1.715757498,2.284242502,1
14.7805077,8.223673794,-134.5035369,5,English,TRUE,4.913493046,-0.913493046,0
4.709538862,1.946966267,-76.9581507,1,English,TRUE,2.671836741,1.328163259,0
7.773156552,1.279977258,-137.7525259,4,English,TRUE,4.842282201,-0.842282201,0
2.834204661,8.312060185,-99.94407251,3,English,TRUE,3.562931732,0.437068268,0
9.41340073,6.056324923,-91.65146331,4,English,TRUE,3.369746034,0.630253966,0
1.480170618,5.914821928,-48.72317176,8,English,TRUE,2.018055651,1.981944349,0
5.337859635,5.762570079,-107.4810634,1,English,TRUE,3.733706411,0.266293589,0
10.6499105,9.660376702,-7.3480141,5,English,TRUE,0.648036675,3.351963325,1
12.2612418,1.751223657,-8.167255444,6,English,TRUE,0.652366503,3.347633497,1
4.957343048,7.931435708,-20.26069535,1,English,TRUE,0.844244299,3.155755701,1
13.13597298,6.069382485,-35.5756554,4,English,TRUE,1.537908735,2.462091265,1
14.24087096,7.29845822,-58.31095291,5,English,TRUE,2.359091722,1.640908278,0
14.07030401,8.643418754,-61.17447536,9,English,TRUE,2.626286406,1.373713594,0
4.784880267,8.078003409,-84.70737646,9,English,TRUE,3.312208052,0.687791948,0
6.296866144,1.037774447,-116.4302467,8,English,TRUE,4.274354628,-0.274354628,0
3.947398838,7.85548802,-136.6086972,2,English,TRUE,4.751652109,-0.751652109,0
6.733852982,6.778122262,-54.55864773,3,English,TRUE,2.073741343,1.926258657,0
2.835118064,1.928798307,-22.26246396,4,English,TRUE,0.949721296,3.050278704,1
2.89723623,7.515710864,-140.342263,7,English,TRUE,5.062204905,-1.062204905,0
2.576529211,4.433421639,-66.97227593,1,English,TRUE,2.342508706,1.657491294,0
12.12528049,8.4925396,-29.76963451,8,English,TRUE,1.518499351,2.481500649,1
3.064354844,7.251600587,-123.4812973,3,English,TRUE,4.339202799,-0.339202799,0
13.53119242,9.744855442,-142.8188554,1,English,TRUE,5.033388991,-1.033388991,0
7.19351237,6.505641153,-78.60016447,2,English,TRUE,2.836997018,1.163002982,0
1.644968375,7.558383236,-145.7541997,4,English,TRUE,5.11050684,-1.11050684,0
13.8007662,6.350973061,-36.18584606,3,English,TRUE,1.527712261,2.472287739,1
10.37934887,7.764584958,-26.54130891,5,English,TRUE,1.266149635,2.733850365,1
1.005621616,4.480931877,-50.74364781,4,English,TRUE,1.906320462,2.093679538,0
2.109494486,2.59500145,-121.6901343,8,English,TRUE,4.423382769,-0.423382769,0
1.328061375,4.262138638,-147.7929205,1,English,TRUE,5.022332683,-1.022332683,0
2.323788827,7.715033715,-83.02413338,4,English,TRUE,3.027859338,0.972140662,0
9.715691547,8.141691382,-65.28863942,2,English,TRUE,2.43486181,1.56513819,0
6.097694796,6.414058619,-9.04702788,9,English,TRUE,0.78668513,3.21331487,1
3.647941749,8.075515793,-124.1317378,6,English,TRUE,4.49495917,-0.49495917,0
13.0627493,6.492326097,-61.88852989,8,English,TRUE,2.57850175,1.42149825,0
4.27680885,9.906283667,-126.2424781,4,English,TRUE,4.509913528,-0.509913528,0
14.2165779,7.591311101,-57.55797045,5,English,TRUE,2.336677905,1.663322095,0
6.547881675,7.240832219,-118.9778111,7,English,TRUE,4.383814177,-0.383814177,0
7.948131757,6.902509489,-33.21433198,5,English,TRUE,1.455650812,2.544349188,1
13.61270822,2.957143092,-30.26854393,7,English,TRUE,1.454649978,2.545350022,1
8.382352539,4.232553855,-137.6466761,4,English,TRUE,4.874371602,-0.874371602,0
2.249110353,3.179549107,-87.64087245,3,English,TRUE,3.09564901,0.90435099,0
14.66219208,5.283847494,-47.49541769,9,English,TRUE,2.142640985,1.857359015,0
12.34362783,8.907594371,-11.93359181,2,English,TRUE,0.690298616,3.309701384,1
5.007140301,9.311884812,-100.9523398,7,English,TRUE,3.788268243,0.211731757,0
3.708261192,6.39857099,-127.4394137,6,English,TRUE,4.589048779,-0.589048779,0
2.783713004,9.406691643,-6.374361257,4,English,TRUE,0.494382755,3.505617245,1
9.949680365,5.812657439,-32.97052521,6,English,TRUE,1.496640885,2.503359115,1
10.91126957,1.965867944,-82.53635744,3,English,TRUE,2.99998329,1.00001671,0
10.11159131,3.890613331,-148.478767,2,English,TRUE,5.169314278,-1.169314278,0
8.509745363,9.842408486,-131.9296138,8,English,TRUE,4.901175333,-0.901175333,0
13.19867029,3.866466819,-122.1182028,5,English,TRUE,4.44125813,-0.44125813,0
12.71268295,4.796725531,-131.5555906,8,English,TRUE,4.88028044,-0.88028044,0
12.45065848,8.007194682,-10.93777172,6,English,TRUE,0.809170922,3.190829078,1
7.152515241,7.300306369,-94.87705712,4,English,TRUE,3.467096787,0.532903213,0
12.66051033,3.466222246,-126.5206655,9,English,TRUE,4.738622844,-0.738622844,0
9.493650525,2.554791814,-61.28319322,1,English,TRUE,2.203257531,1.796742469,0
4.348955232,5.869926248,-2.521840811,8,English,TRUE,0.506250175,3.493749825,1
5.967840128,2.66658345,-127.8229891,1,English,TRUE,4.387110538,-0.387110538,0
12.76619851,9.376335939,-4.279113371,6,English,TRUE,0.604062457,3.395937543,1
6.665152383,9.535273579,-87.34501009,8,English,TRUE,3.393504596,0.606495404,0
11.91344355,8.133320262,-92.90718275,2,English,TRUE,3.37737373,0.62262627,0
6.724981301,1.970413065,-111.1902305,2,English,TRUE,3.87329496,0.12670504,0
12.34845388,9.64169587,-36.04004569,4,English,TRUE,1.581236354,2.418763646,1
13.51739351,6.418445892,-107.304357,6,English,TRUE,4.016170294,-0.016170294,0
1.527763466,8.028237269,-5.342737361,6,English,TRUE,0.513651253,3.486348747,1
1.017981957,1.950553407,-117.7494293,8,English,TRUE,4.27466633,-0.27466633,0
10.35227234,3.945316363,-112.9059405,8,English,TRUE,4.226507238,-0.226507238,0
9.123199451,2.117441679,-110.845659,8,English,TRUE,4.127261713,-0.127261713,0
13.65648981,5.563428931,-34.51340215,8,English,TRUE,1.662645926,2.337354074,1
10.38355566,4.524416928,-134.570344,2,English,TRUE,4.714757861,-0.714757861,0
8.92208303,6.471614654,-43.09335722,3,English,TRUE,1.710382217,2.289617783,1
9.445109899,5.471896525,-128.9444848,4,English,TRUE,4.607319559,-0.607319559,0
1.788665889,5.39662276,-12.69561509,1,English,TRUE,0.535040056,3.464959944,1
1.334378678,8.403881131,-7.771548826,3,English,TRUE,0.476434226,3.523565774,1
7.300339353,3.508543061,-88.46309809,9,English,TRUE,3.416858761,0.583141239,0
4.677706338,1.943235906,-101.3134126,4,English,TRUE,3.603323175,0.396676825,0
9.285310707,9.953648264,-27.89876039,3,English,TRUE,1.242348269,2.757651731,1
9.700501917,5.032820015,-33.7118397,7,English,TRUE,1.551061209,2.448938791,1
10.69921678,5.762467909,-105.0063084,6,English,TRUE,3.904827127,0.095172873,0
13.1935464,5.630017853,-115.6286062,8,English,TRUE,4.362522515,-0.362522515,0
11.7768123,1.168522424,-37.34420202,2,English,TRUE,1.454260081,2.545739919,1
11.46114503,2.410924936,-33.48238842,9,English,TRUE,1.614800314,2.385199686,1
13.33547208,3.591000364,-14.89480117,9,English,TRUE,1.025758097,2.974241903,1
10.02607968,4.429636088,-14.85364391,4,English,TRUE,0.799678621,3.200321379,1
7.261821554,5.827146651,-92.41702505,9,English,TRUE,3.571457184,0.428542816,0
4.125575615,4.086003966,-9.300642657,6,English,TRUE,0.632137218,3.367862782,1
6.944016501,2.298261827,-143.5459295,9,English,TRUE,5.2372871,-1.2372871,0
11.30334985,7.016726246,-4.760392444,9,English,TRUE,0.701880509,3.298119491,1
9.392027588,1.414298225,-115.8003401,9,English,TRUE,4.328074595,-0.328074595,0
4.668490063,7.523834551,-95.39277065,2,English,TRUE,3.381682268,0.618317732,0
9.59384323,6.766600234,-44.0929715,7,English,TRUE,1.913370151,2.086629849,0
12.24626403,1.118200363,-14.58647864,6,English,TRUE,0.859860599,3.140139401,1
7.377023733,1.701845497,-42.93176433,5,English,TRUE,1.721847503,2.278152497,1
3.303355213,6.497032205,-44.12865798,5,English,TRUE,1.76895914,2.23104086,1
2.72272973,9.490846296,-24.2628212,7,English,TRUE,1.210896467,2.789103533,1
5.413034323,3.037044506,-110.9594585,1,English,TRUE,3.823149404,0.176850596,0
2.497877656,5.127656387,-98.09643406,7,English,TRUE,3.626136476,0.373863524,0
1.292733173,3.405222776,-146.7556727,6,English,TRUE,5.178835315,-1.178835315,0
8.223242299,2.107790681,-29.47963061,7,English,TRUE,1.365964683,2.634035317,1
13.68321555,8.638632933,-38.46469831,4,English,TRUE,1.665375095,2.334624905,1
11.18611051,4.876062143,-9.228205312,7,English,TRUE,0.74822857,3.25177143,1
14.217327,2.959863567,-22.27232514,2,English,TRUE,0.994182744,3.005817256,1
2.330791516,6.879612203,-120.8767725,1,English,TRUE,4.161329787,-0.161329787,0
10.68609471,4.863302871,-93.67078178,9,English,TRUE,3.637853369,0.362146631,0
1.190957842,8.580538889,-32.54471323,2,English,TRUE,1.262538741,2.737461259,1
6.747318981,5.963775876,-18.90185658,3,English,TRUE,0.877172834,3.122827166,1
12.74891134,1.403346796,-132.062949,9,English,TRUE,4.903620882,-0.903620882,0
13.42944696,6.893632562,-20.27723482,6,English,TRUE,1.119138623,2.880861377,1
12.51707098,5.801568963,-101.0183269,9,English,TRUE,3.910463962,0.089536038,0
7.868590063,2.33569111,-102.4516585,5,English,TRUE,3.717098096,0.282901904,0
1.032864634,1.957277197,-14.25000849,7,English,TRUE,0.784901701,3.215098299,1
10.06971854,1.494620872,-116.9248489,2,English,TRUE,4.093138357,-0.093138357,0
3.363670493,8.683261426,-102.9125446,8,English,TRUE,3.870887473,0.129112527,0
11.76950783,5.654403734,-119.1064165,2,English,TRUE,4.224452998,-0.224452998,0
9.354121861,6.149239724,-63.99107064,4,English,TRUE,2.448069304,1.551930696,0
14.04677826,4.853213602,-68.0174638,8,English,TRUE,2.776248712,1.223751288,0
13.51283863,8.964221115,-21.83668458,6,English,TRUE,1.192660083,2.807339917,1
8.417326799,7.797128781,-100.6877438,7,English,TRUE,3.798402684,0.201597316,0
3.104348715,1.689426175,-79.84730096,4,English,TRUE,2.869514447,1.130485553,0
3.262927713,1.57993863,-25.74823561,5,English,TRUE,1.106703184,2.893296816,1
11.24387382,4.948634868,-98.22032789,8,English,TRUE,3.755936017,0.244063983,0
7.141403755,7.646948869,-120.8927483,2,English,TRUE,4.257641803,-0.257641803,0
11.97533525,5.083675832,-56.57501259,8,English,TRUE,2.376423864,1.623576136,0
12.09065914,7.377431719,-74.59048642,2,English,TRUE,2.761030456,1.238969544,0
5.407776176,5.907281016,-86.4014181,7,English,TRUE,3.273197842,0.726802158,0
3.93326914,7.844789819,-16.31048862,2,English,TRUE,0.741463544,3.258536456,1
2.462724435,8.393858748,-131.8607959,5,English,TRUE,4.703925697,-0.703925697,0
10.62196206,4.621766448,-106.7582971,7,English,TRUE,3.991047189,0.008952811,0
11.59154017,4.078691164,-83.37843007,6,English,TRUE,3.175983316,0.824016684,0
1.555956906,2.610656354,-119.751698,3,English,TRUE,4.1533894,-0.1533894,0
6.685149856,8.982405367,-17.62986903,8,English,TRUE,1.064337853,2.935662147,1
9.990934918,6.632794987,-22.28929014,9,English,TRUE,1.269213637,2.730786363,1
4.438842037,7.304562961,-70.08616009,9,English,TRUE,2.813639386,1.186360614,0
12.12137915,8.286213348,-34.91447066,4,English,TRUE,1.527891614,2.472108386,1
14.71628069,5.924035975,-146.180853,5,English,TRUE,5.279098267,-1.279098267,0
10.87088598,1.549926608,-32.22457567,7,English,TRUE,1.478360648,2.521639352,1
10.90531947,8.643327638,-102.9191483,3,English,TRUE,3.746124748,0.253875252,0
14.44372902,8.40888948,-109.2468158,7,English,TRUE,4.150086711,-0.150086711,0
5.708378185,9.00177925,-50.50156003,1,English,TRUE,1.870486909,2.129513091,0
8.989304106,9.110878623,-29.56870035,6,English,TRUE,1.406625172,2.593374828,1
9.192726995,4.424000066,-96.19160038,8,English,TRUE,3.66255395,0.33744605,0
10.56297405,8.42893224,-115.283721,9,English,TRUE,4.392709763,-0.392709763,0
3.779600024,2.006558244,-77.97860105,6,English,TRUE,2.897148284,1.102851716,0
7.994657768,5.554665086,-10.13128293,9,English,TRUE,0.83320266,3.16679734,1
11.23544176,4.815213287,-105.7348616,9,English,TRUE,4.045001936,-0.045001936,0
9.804672029,9.753649673,-10.56696238,9,English,TRUE,0.907815296,3.092184704,1
2.777104807,7.179938866,-148.9126231,5,English,TRUE,5.263324541,-1.263324541,0
14.07061529,9.954549875,-16.7421338,5,English,TRUE,0.998322778,3.001677222,1
13.14296495,5.206228162,-129.7329924,8,English,TRUE,4.827925012,-0.827925012,0
11.89720666,5.45583205,-94.52267814,1,English,TRUE,3.364286325,0.635713675,0
14.59266596,4.692750522,-71.23479424,1,English,TRUE,2.607347306,1.392652694,0
12.13102034,3.870331439,-69.86276358,2,English,TRUE,2.568772304,1.431227696,0
6.268365437,7.139648495,-12.40959206,8,English,TRUE,0.867733208,3.132266792,1
13.22748041,4.311996953,-134.1270505,6,English,TRUE,4.886296458,-0.886296458,0
2.778470064,6.146881448,-106.16962,1,English,TRUE,3.66824085,0.33175915,0
2.356842579,1.942346412,-20.30755654,8,English,TRUE,1.039910441,2.960089559,1
1.341976361,1.185956664,-88.17091782,7,English,TRUE,3.244309924,0.755690076,0
9.272206922,6.045911682,-46.05875148,2,English,TRUE,1.768472902,2.231527098,1
13.78488347,2.078972837,-61.63929571,2,English,TRUE,2.293281754,1.706718246,0
6.779751569,8.479480968,-114.5596436,6,English,TRUE,4.211247112,-0.211247112,0
12.4362918,5.936850929,-25.11147765,6,English,TRUE,1.260780682,2.739219318,1
9.560927938,1.80710431,-35.08719027,8,English,TRUE,1.603253331,2.396746669,1
2.511474274,4.729448524,-110.0340888,9,English,TRUE,4.100212188,-0.100212188,0
8.289174952,7.165406581,-44.42643867,7,English,TRUE,1.915427104,2.084572896,0
8.13629714,2.341379883,-47.67736861,6,English,TRUE,1.93402239,2.06597761,0
6.91424106,4.115156861,-65.28788889,8,English,TRUE,2.606556942,1.393443058,0
14.66428221,3.376993512,-114.1760166,3,English,TRUE,4.106279978,-0.106279978,0
13.00871768,7.254340268,-109.0033402,2,English,TRUE,3.916075254,0.083924746,0
7.929759126,2.442399391,-49.9273576,7,English,TRUE,2.047966839,1.952033161,0
7.177215367,3.151323488,-139.3620301,7,English,TRUE,5.028686393,-1.028686393,0
7.504158702,7.109776802,-127.9004447,7,English,TRUE,4.689487511,-0.689487511,0
9.672231033,5.50836464,-4.743447664,4,English,TRUE,0.469920879,3.530079121,1
12.24305899,4.274494392,-67.28356952,9,English,TRUE,2.767961185,1.232038815,0
11.69054671,2.520496823,-51.18419782,7,English,TRUE,2.128250363,1.871749637,0
12.05810469,3.880043972,-71.18768773,7,English,TRUE,2.812304411,1.187695589,0
3.188640137,6.829801852,-102.5526718,5,English,TRUE,3.718606812,0.281393188,0
6.433863134,9.901353176,-99.0519969,2,English,TRUE,3.545085393,0.454914607,0
9.330648829,7.62613837,-94.00597229,5,English,TRUE,3.503100282,0.496899718,0
14.39569935,1.086055416,-133.5624061,4,English,TRUE,4.766897752,-0.766897752,0
3.098079184,9.665078579,-54.28483031,2,English,TRUE,2.017125921,1.982874079,0
5.320857079,4.374529455,-85.75546119,9,English,TRUE,3.315469238,0.684530762,0
1.896609334,1.01119095,-79.70003073,6,English,TRUE,2.925745694,1.074254306,0
9.969943146,5.074755867,-80.85204254,8,English,TRUE,3.165515075,0.834484925,0
6.794964813,8.001875068,-50.96598089,5,English,TRUE,2.046834429,1.953165571,0
4.780818525,4.829124994,-16.02583956,1,English,TRUE,0.670294087,3.329705913,1
3.895719549,2.384766725,-11.16107578,9,English,TRUE,0.794840722,3.205159278,1
10.15632309,9.787740618,-39.41788956,1,English,TRUE,1.553370289,2.446629711,1
10.42923502,2.414465407,-87.79172365,3,English,TRUE,3.174827793,0.825172207,0
2.982558909,2.666267965,-5.974913301,2,English,TRUE,0.335652045,3.664347955,1
14.47060273,2.153394861,-81.04027836,7,English,TRUE,3.147582588,0.852417412,0
13.62080192,8.251622397,-83.05775287,5,English,TRUE,3.187316006,0.812683994,0
5.129035901,4.354993412,-13.58417397,2,English,TRUE,0.627646092,3.372353908,1
1.042292199,4.571663233,-139.2828484,9,English,TRUE,5.058901167,-1.058901167,0
11.72068649,5.158538217,-82.40328249,8,English,TRUE,3.23556833,0.76443167,0
3.601648778,5.651636107,-85.27289949,3,English,TRUE,3.054962832,0.945037168,0
4.928898118,7.599831951,-131.2944341,1,English,TRUE,4.541768436,-0.541768436,0
11.26659072,7.928722051,-130.2040742,3,English,TRUE,4.652088933,-0.652088933,0
11.93898706,2.71872008,-135.9859359,1,English,TRUE,4.719441602,-0.719441602,0
1.252448138,2.989592785,-98.15838096,6,English,TRUE,3.554366441,0.445633559,0
5.534537736,5.600445364,-66.03599784,5,English,TRUE,2.512549759,1.487450241,0
13.29361276,7.580179981,-70.23180626,9,English,TRUE,2.909798136,1.090201864,0
9.201929714,8.019242012,-89.29012907,7,English,TRUE,3.428549353,0.571450647,0
10.22817762,6.542519639,-97.59654951,8,English,TRUE,3.74092529,0.25907471,0
8.190867375,7.103613641,-122.398018,5,English,TRUE,4.432878744,-0.432878744,0
12.24263735,5.170451373,-8.549355053,5,English,TRUE,0.659109389,3.340890611,1
1.939312257,2.000523995,-57.92204019,2,English,TRUE,2.050133036,1.949866964,0
9.311880961,6.311937121,-67.7511557,4,English,TRUE,2.574610038,1.425389962,0
7.274252227,6.87030866,-48.29188468,1,English,TRUE,1.791175098,2.208824902,1
4.841776843,5.563391832,-130.6472396,7,English,TRUE,4.738959672,-0.738959672,0
6.428700599,3.96725398,-28.90852272,3,English,TRUE,1.18757697,2.81242303,1
4.760114461,7.524218286,-70.06223148,3,English,TRUE,2.578251043,1.421748957,0
4.101380127,8.461617816,-15.03423326,7,English,TRUE,0.906771088,3.093228912,1
8.183081057,7.733087201,-43.68970128,2,English,TRUE,1.695485059,2.304514941,1
10.39046081,2.700356999,-99.27832356,9,English,TRUE,3.80018563,0.19981437,0
10.17536479,3.513587462,-16.77207188,3,English,TRUE,0.815958585,3.184041415,1
6.857082538,4.00671006,-41.81758001,7,English,TRUE,1.78255726,2.21744274,1
7.321658319,3.926327016,-8.939703084,9,English,TRUE,0.770469956,3.229530044,1
13.28484938,5.77619327,-144.7517844,3,English,TRUE,5.135669908,-1.135669908,0
2.485288699,4.634984056,-1.935332045,4,English,TRUE,0.295713796,3.704286204,1
8.035666494,4.951851594,-16.85933,6,English,TRUE,0.931852848,3.068147152,1
9.462845752,7.594171223,-133.3907428,4,English,TRUE,4.776928262,-0.776928262,0
10.61458008,7.538189984,-112.9865534,4,English,TRUE,4.107746148,-0.107746148,0
6.729494033,7.426024377,-132.3922634,2,English,TRUE,4.63463063,-0.63463063,0
7.398335331,5.330186297,-86.9137135,6,English,TRUE,3.264409,0.735591,0
6.950033798,8.230812122,-6.750951302,7,English,TRUE,0.656840169,3.343159831,1
3.992313632,7.224665415,-137.0356889,2,English,TRUE,4.760026088,-0.760026088,0
7.284764116,6.613497724,-20.36245651,2,English,TRUE,0.897731169,3.102268831,1
7.971668236,5.755590851,-18.22757885,2,English,TRUE,0.824858553,3.175141447,1
4.531123879,9.7767317,-116.7199032,8,English,TRUE,4.353741997,-0.353741997,0
3.011626753,9.694108865,-64.77101132,8,English,TRUE,2.606091067,1.393908933,0
4.676870573,1.405981057,-116.0713666,2,English,TRUE,4.009874068,-0.009874068,0
8.061894556,4.470065921,-60.16521945,1,English,TRUE,2.17082692,1.82917308,0
8.045068901,8.350108653,-12.42492534,7,English,TRUE,0.858115953,3.141884047,1
6.972286615,8.299976629,-91.37855207,3,English,TRUE,3.318674368,0.681325632,0
7.358344582,9.353583452,-114.8388001,8,English,TRUE,4.315079284,-0.315079284,0
6.402032256,5.500560939,-91.98592265,7,English,TRUE,3.465223354,0.534776646,0
9.270552099,4.491415681,-57.10829,8,English,TRUE,2.361229344,1.638770656,0
6.862625867,3.959745693,-66.54665062,2,English,TRUE,2.406445403,1.593554597,0
3.09369046,1.035334513,-46.51003336,9,English,TRUE,1.951624695,2.048375305,0
2.730014868,2.517461257,-123.1210556,1,English,TRUE,4.196509948,-0.196509948,0
12.96464448,2.956751508,-46.23990756,2,English,TRUE,1.780544212,2.219455788,1
12.0874542,6.63301194,-103.876721,8,English,TRUE,3.969762027,0.030237973,0
6.579829138,7.306051104,-58.10602715,1,English,TRUE,2.115726374,1.884273626,0
3.382136976,8.592742116,-142.3492521,2,English,TRUE,4.944723862,-0.944723862,0
4.228940963,8.015395118,-112.4916679,5,English,TRUE,4.072165623,-0.072165623,0
10.22397566,7.690251254,-67.26283557,5,English,TRUE,2.621236788,1.378763212,0
10.61310593,3.28013528,-0.637887618,8,English,TRUE,0.480195333,3.519804667,1
6.627326945,9.637289205,-126.367453,2,English,TRUE,4.454894594,-0.454894594,0
6.001387554,2.133800747,-44.43005317,7,English,TRUE,1.842353655,2.157646345,0
6.749805608,5.818577747,-89.15017142,9,English,TRUE,3.457356214,0.542643786,0
1.586325514,9.155238288,-142.6035922,1,English,TRUE,4.90086871,-0.90086871,0
1.688219331,3.246850835,-144.1624295,2,English,TRUE,4.934765018,-0.934765018,0
7.74572155,4.463915148,-101.9621364,8,English,TRUE,3.840834246,0.159165754,0
2.740834444,8.044613572,-32.81016795,3,English,TRUE,1.321526745,2.678473255,1
1.902869526,9.784856612,-77.27168733,7,English,TRUE,2.972600172,1.027399828,0
13.94511548,8.995011641,-30.80412393,8,English,TRUE,1.576205402,2.423794598,1
2.051311041,2.023855495,-116.2992308,7,English,TRUE,4.19739269,-0.19739269,0
9.494074117,1.125827127,-64.90818541,4,English,TRUE,2.429805193,1.570194807,0
11.25206794,5.185797966,-85.29622026,3,English,TRUE,3.127586001,0.872413999,0
11.87724944,6.073319975,-144.632607,6,English,TRUE,5.240592594,-1.240592594,0
13.21447941,9.998842944,-90.749011,9,English,TRUE,3.617100257,0.382899743,0
12.592606,1.419773058,-18.1906431,7,English,TRUE,1.02647856,2.97352144,1
3.298589497,5.448123338,-91.60957703,6,English,TRUE,3.381119696,0.618880304,0
4.183904202,9.29651059,-80.76614979,3,English,TRUE,2.947009141,1.052990859,0
7.473060261,7.112398625,-132.062563,5,English,TRUE,4.747940023,-0.747940023,0
13.09007804,4.695436604,-32.93170932,1,English,TRUE,1.315578791,2.684421209,1
9.077428102,5.504857094,-2.030909171,9,English,TRUE,0.573519824,3.426480176,1
5.517571899,9.115022311,-141.1228149,5,English,TRUE,5.050419771,-1.050419771,0
9.52873548,4.499528653,-127.2480217,1,English,TRUE,4.421883366,-0.421883366,0
4.704359566,6.729662066,-31.12734822,7,English,TRUE,1.43191849,2.56808151,1
8.795370004,4.707303651,-92.42440137,5,English,TRUE,3.415840116,0.584159884,0
10.01278851,3.496059261,-50.51554885,6,English,TRUE,2.058940106,1.941059894,0
5.659457055,1.005504716,-0.492693256,6,English,TRUE,0.323072726,3.676927274,1
8.747987811,4.366946215,-148.6679394,7,English,TRUE,5.366747319,-1.366747319,0
9.227722573,1.875019761,-111.2695696,2,English,TRUE,3.900013075,0.099986925,0
8.209012935,1.539142309,-39.91083592,5,English,TRUE,1.62784275,2.37215725,1
2.51094377,4.480223452,-128.7515053,4,English,TRUE,4.521628517,-0.521628517,0
2.174571449,4.402276902,-137.885894,9,English,TRUE,5.021964951,-1.021964951,0
1.544231758,4.775506662,-115.6362439,5,English,TRUE,4.117738847,-0.117738847,0
13.20163953,9.067936921,-96.77323639,4,English,TRUE,3.608470311,0.391529689,0
14.95786704,2.16627157,-92.94890406,5,English,TRUE,3.469538188,0.530461812,0
2.50434503,7.354368856,-59.87493759,4,English,TRUE,2.254418392,1.745581608,0
5.410115853,9.491493067,-5.482294374,6,English,TRUE,0.571759235,3.428240765,1
9.05769311,5.352853413,-18.24885786,8,English,TRUE,1.072400727,2.927599273,1
14.30831552,9.955465779,-119.956646,6,English,TRUE,4.48119268,-0.48119268,0
4.196978599,1.619717838,-145.0462635,6,English,TRUE,5.133042415,-1.133042415,0
13.91498455,6.670469819,-74.65015723,5,English,TRUE,2.894193118,1.105806882,0
1.42695167,4.694796338,-57.1825009,8,English,TRUE,2.287300844,1.712699156,0
6.179984403,4.86254825,-48.77784591,2,English,TRUE,1.816353523,2.183646477,0
7.57783609,7.897645212,-60.45065571,2,English,TRUE,2.24977667,1.75022333,0
6.586566329,1.952911193,-1.644733082,9,English,TRUE,0.500219211,3.499780789,1
12.08804377,2.449989147,-13.55813966,6,English,TRUE,0.837318318,3.162681682,1
7.659170433,5.175518875,-144.7016087,7,English,TRUE,5.231733851,-1.231733851,0
14.05704004,3.668695484,-101.9706013,6,English,TRUE,3.816277398,0.183722602,0
10.23286081,2.161662988,-135.5236757,7,English,TRUE,4.921401095,-0.921401095,0
6.159874566,2.101283459,-52.75542642,5,English,TRUE,2.041125794,1.958874206,0
12.95527848,1.1943092,-135.1277473,4,English,TRUE,4.805754121,-0.805754121,0
6.710388976,3.446024511,-1.978841351,8,English,TRUE,0.487525513,3.512474487,1
1.000739577,6.163698183,-39.7032329,7,English,TRUE,1.675085474,2.324914526,1
12.39892274,7.093366166,-126.1701908,8,English,TRUE,4.720595915,-0.720595915,0
9.390109928,8.788337214,-119.6620042,4,English,TRUE,4.330517943,-0.330517943,0
8.015675812,9.578643372,-101.7258522,1,English,TRUE,3.606804933,0.393195067,0
2.784996173,2.428986577,-100.5045905,5,English,TRUE,3.602292844,0.397707156,0
6.636560137,5.527616171,-61.3095734,1,English,TRUE,2.20529421,1.79470579,0
11.28281856,7.53823839,-55.30270057,2,English,TRUE,2.111633922,1.888366078,0
6.140433402,5.337017975,-123.8063831,5,English,TRUE,4.441653951,-0.441653951,0
7.947072713,9.232218322,-70.90633135,3,English,TRUE,2.655337289,1.344662711,0
5.686294572,7.150839314,-67.36353802,8,English,TRUE,2.693822606,1.306177394,0
10.73683843,1.15868268,-125.2434389,2,English,TRUE,4.373736507,-0.373736507,0
7.895305956,9.951888007,-137.0429309,3,English,TRUE,4.866569636,-0.866569636,0
5.307171223,6.513951224,-45.6825952,4,English,TRUE,1.800964398,2.199035602,1
9.869494111,4.664735647,-0.243012695,1,English,TRUE,0.193442721,3.806557279,1
10.62345878,2.560221372,-110.6035412,2,English,TRUE,3.898621509,0.101378491,0
5.150170147,1.29016333,-17.88741119,1,English,TRUE,0.700650374,3.299349626,1
4.921877663,7.765353642,-100.7817081,1,English,TRUE,3.526262582,0.473737418,0
5.048495554,7.909667289,-20.00569651,8,English,TRUE,1.116438179,2.883561821,1
2.117047731,4.670766671,-48.24852552,3,English,TRUE,1.796162328,2.203837672,1
8.536569208,8.222738814,-15.70592708,9,English,TRUE,1.051123983,2.948876017,1
12.21983535,6.225103212,-148.3849984,5,English,TRUE,5.330615998,-1.330615998,0
14.2079935,3.963481563,-48.63044429,5,English,TRUE,2.00272956,1.99727044,0
8.072319961,3.334432361,-68.70522905,6,English,TRUE,2.644241825,1.355758175,0
5.898063719,5.908104856,-42.96618555,3,English,TRUE,1.670267871,2.329732129,1
2.399046279,9.756413313,-145.339376,7,English,TRUE,5.246200462,-1.246200462,0
10.07947823,9.824154716,-146.5988288,4,English,TRUE,5.245663956,-1.245663956,0
11.15545442,9.965357115,-66.2379431,8,English,TRUE,2.739139552,1.260860448,0
3.55269257,3.019124677,-49.98232928,3,English,TRUE,1.851795815,2.148204185,0
12.33543961,3.577569206,-64.10670964,8,English,TRUE,2.616020409,1.383979591,0
3.957680837,9.739262181,-90.73405369,5,English,TRUE,3.361437886,0.638562114,0
5.3484136,6.186779379,-9.118510708,3,English,TRUE,0.539302287,3.460697713,1
1.816160854,2.719406446,-128.9673915,3,English,TRUE,4.464268722,-0.464268722,0
4.987937473,4.057087047,-131.8623794,3,English,TRUE,4.605862892,-0.605862892,0
8.072296256,4.419146698,-138.8508615,2,English,TRUE,4.833276481,-0.833276481,0
12.07893813,7.963585632,-133.9686423,1,English,TRUE,4.706046649,-0.706046649,0
3.684828416,7.683130997,-107.0638762,8,English,TRUE,4.002475466,-0.002475466,0
5.171717125,7.60703771,-7.982763656,8,English,TRUE,0.71387967,3.28612033,1
6.292434871,9.963159763,-133.6583452,3,English,TRUE,4.737834121,-0.737834121,0
3.783599424,5.567844926,-104.7521868,4,English,TRUE,3.745254003,0.254745997,0
8.117683673,4.079271856,-75.27128543,1,English,TRUE,2.671012403,1.328987597,0
2.545519279,4.311864162,-27.26891289,7,English,TRUE,1.257537597,2.742462403,1
8.244454131,7.13229018,-94.95580544,2,English,TRUE,3.398960958,0.601039042,0
6.623143761,2.123663306,-60.71849146,9,English,TRUE,2.471417786,1.528582214,0
11.88060273,5.113227524,-5.761229108,4,English,TRUE,0.521979273,3.478020727,1
12.8189342,4.989316072,-79.96153242,8,English,TRUE,3.163466917,0.836533083,0
12.52043296,9.444968007,-125.7398948,4,English,TRUE,4.570983837,-0.570983837,0
5.16489738,5.096668402,-116.1330335,9,English,TRUE,4.333716773,-0.333716773,0
6.318607313,2.985813502,-40.42203307,2,English,TRUE,1.52044531,2.47955469,1
1.62398057,4.876677774,-95.68568128,7,English,TRUE,3.534529293,0.465470707,0
3.049222932,4.960298377,-104.1457167,6,English,TRUE,3.791619102,0.208380898,0
13.03208416,6.082557404,-38.0749181,9,English,TRUE,1.820310352,2.179689648,0
13.37596888,2.246561,-149.6605916,7,English,TRUE,5.424911685,-1.424911685,0
3.897808242,4.06797152,-93.25434028,5,English,TRUE,3.388135807,0.611864193,0
12.41252325,1.672114895,-14.92403889,1,English,TRUE,0.678314344,3.321685656,1
14.70398421,2.370341171,-11.63782395,5,English,TRUE,0.758670719,3.241329281,1
2.571375008,4.054979852,-109.3210324,1,English,TRUE,3.75029796,0.24970204,0
9.732547381,3.516139048,-140.0962708,1,English,TRUE,4.842362558,-0.842362558,0
6.987685032,9.231024499,-94.02233302,4,English,TRUE,3.456264863,0.543735137,0
8.233299638,2.489978618,-16.98084779,4,English,TRUE,0.833261042,3.166738958,1
11.30424316,4.914423103,-125.9876388,2,English,TRUE,4.441774623,-0.441774623,0
3.244326553,7.473442466,-45.86135727,3,English,TRUE,1.755889599,2.244110401,1
8.623438101,5.939130811,-19.08173296,7,English,TRUE,1.061683455,2.938316545,1
2.062202977,9.993695284,-4.739872428,8,English,TRUE,0.59855473,3.40144527,1
9.732810669,7.130386651,-55.09705861,2,English,TRUE,2.085200594,1.914799406,0
8.412100368,2.982222464,-9.379084623,3,English,TRUE,0.546579382,3.453420618,1
6.536847067,6.989806002,-51.52194252,2,English,TRUE,1.932664615,2.067335385,0
9.545514133,7.168049037,-41.24318637,9,English,TRUE,1.901908511,2.098091489,0
7.449589629,7.671139274,-72.97411517,4,English,TRUE,2.743677795,1.256322205,0
2.09584273,8.114431206,-40.1061321,6,English,TRUE,1.678973809,2.321026191,1
5.677909766,9.989434536,-102.5791199,5,English,TRUE,3.77597744,0.22402256,0
3.038802339,6.494279602,-114.587958,3,English,TRUE,4.03492942,-0.03492942,0
14.36226773,7.796517331,-15.12177524,6,English,TRUE,0.965647025,3.034352975,1
6.308252096,3.953855517,-1.254227576,5,English,TRUE,0.344428662,3.655571338,1
6.630189346,5.337021081,-86.49312773,5,English,TRUE,3.202776362,0.797223638,0
1.86108031,8.615869929,-56.12446257,4,English,TRUE,2.135584922,1.864415078,0
1.711955564,4.13280129,-139.2686541,7,English,TRUE,4.98073604,-0.98073604,0
2.789896318,2.401747838,-14.90392308,8,English,TRUE,0.868713878,3.131286122,1
11.81496985,1.526564363,-116.2742733,5,English,TRUE,4.209224452,-0.209224452,0
11.8351058,4.227499471,-8.075858553,3,English,TRUE,0.549821338,3.450178662,1
3.875154586,7.204705376,-44.0779908,8,English,TRUE,1.90006496,2.09993504,0
4.447790277,1.705495843,-65.7945525,2,English,TRUE,2.334684611,1.665315389,0
14.14249844,3.59945002,-59.44031837,6,English,TRUE,2.39876343,1.60123657,0
2.001042341,5.723501624,-11.93885988,4,English,TRUE,0.635207436,3.364792564,1
2.480143846,9.200526261,-22.47847724,7,English,TRUE,1.146089276,2.853910724,1
7.770302673,3.198612651,-119.4447327,1,English,TRUE,4.131180244,-0.131180244,0
5.5032746,5.776832595,-82.18097389,7,English,TRUE,3.132166868,0.867833132,0
4.4901349,7.220594301,-79.42783062,8,English,TRUE,3.084701646,0.915298354,0
14.22926389,5.038666758,-4.189512441,2,English,TRUE,0.412329721,3.587670279,1
6.574092909,2.826332971,-105.7972216,4,English,TRUE,3.780578311,0.219421689,0
8.103517314,1.167223006,-10.85370245,9,English,TRUE,0.814497485,3.185502515,1
1.335656263,3.344905127,-108.4569712,4,English,TRUE,3.822037987,0.177962013,0
8.768737674,5.978469517,-125.7506362,9,English,TRUE,4.699159946,-0.699159946,0
11.0584425,2.869071835,-64.47808441,9,English,TRUE,2.648544624,1.351455376,0
7.472598964,3.501623414,-128.6557273,4,English,TRUE,4.558266468,-0.558266468,0
7.575159597,5.476702415,-93.17815529,9,English,TRUE,3.59645713,0.40354287,0
9.464577989,5.497215426,-43.29834632,7,English,TRUE,1.872896145,2.127103855,0
1.461677212,4.363274528,-15.31538442,4,English,TRUE,0.728762332,3.271237668,1
10.63147976,7.267251402,-1.402886301,3,English,TRUE,0.345750188,3.654249812,1
4.103062405,9.851438852,-22.16755078,5,English,TRUE,1.078463372,2.921536628,1
3.763652272,6.839187621,-106.3832957,5,English,TRUE,3.852138254,0.147861746,0
3.056551964,9.776030563,-74.75516491,3,English,TRUE,2.740164655,1.259835345,0
3.525933509,4.288053372,-119.3218889,4,English,TRUE,4.215536164,-0.215536164,0
6.587530194,3.921622516,-62.32599277,2,English,TRUE,2.262624619,1.737375381,0
11.75759901,6.206029803,-96.99931068,2,English,TRUE,3.492946644,0.507053356,0
1.280164131,6.502877265,-73.62863159,4,English,TRUE,2.692118134,1.307881866,0
6.806301235,8.760632766,-39.7551787,4,English,TRUE,1.640841963,2.359158037,1
2.831793059,5.375878197,-148.1436638,3,English,TRUE,5.14019884,-1.14019884,0
10.4613629,6.374119395,-106.8639207,1,English,TRUE,3.770485512,0.229514488,0
2.583480591,2.764262815,-81.63069054,8,English,TRUE,3.094500452,0.905499548,0
10.7551372,3.848519259,-37.49002671,5,English,TRUE,1.595704121,2.404295879,1
5.942066514,8.250258242,-110.7404475,8,English,TRUE,4.153271498,-0.153271498,0
6.730828892,8.43973433,-97.80755689,7,English,TRUE,3.691957529,0.308042471,0
1.209299595,2.444288287,-110.202273,8,English,TRUE,4.029944978,-0.029944978,0
12.35421525,8.996962444,-23.43132361,5,English,TRUE,1.194555897,2.805444103,1
1.780297371,1.581441833,-130.5487991,5,English,TRUE,4.585244027,-0.585244027,0
13.08240291,3.45987388,-106.8282034,7,English,TRUE,4.006362882,-0.006362882,0
5.649034472,9.592783111,-33.92945589,3,English,TRUE,1.403400039,2.596599961,1
12.88648319,7.602796587,-96.08585575,9,English,TRUE,3.767754656,0.232245344,0
14.06586977,2.881641568,-112.6268969,6,English,TRUE,4.163705008,-0.163705008,0
3.444175785,6.583085752,-132.7778067,8,English,TRUE,4.846199507,-0.846199507,0
6.211434133,4.29745053,-22.25809294,6,English,TRUE,1.087025278,2.912974722,1
6.920270559,9.518122851,-28.8221966,2,English,TRUE,1.205123821,2.794876179,1
10.42748071,5.767524521,-101.075462,3,English,TRUE,3.651132118,0.348867882,0
3.576574488,6.181856953,-18.49806875,3,English,TRUE,0.834186606,3.165813394,1
12.3660638,7.212100001,-73.20497173,3,English,TRUE,2.755947362,1.244052638,0
2.403379184,7.702126538,-22.33084225,2,English,TRUE,0.925416466,3.074583534,1
1.323549359,2.954297421,-54.56285329,6,English,TRUE,2.101540244,1.898459756,0
8.817382686,1.560004258,-107.2114148,6,English,TRUE,3.917487695,0.082512305,0
3.968389907,2.964239493,-128.6145577,2,English,TRUE,4.436478219,-0.436478219,0
4.889660594,4.050737535,-62.94436638,7,English,TRUE,2.467549527,1.532450473,0
13.17868307,4.193212774,-96.59986609,9,English,TRUE,3.753714495,0.246285505,0
9.469171385,6.216656748,-19.56555876,9,English,TRUE,1.169043573,2.830956427,1
13.24307413,4.227209849,-119.081013,7,English,TRUE,4.424069939,-0.424069939,0
4.549014225,5.829588126,-130.6586029,3,English,TRUE,4.579072788,-0.579072788,0
4.77714481,2.467592806,-136.3365102,5,English,TRUE,4.816997717,-0.816997717,0
7.779726774,7.205402407,-148.4197461,4,English,TRUE,5.257176163,-1.257176163,0
11.01708336,7.64397015,-102.069994,1,English,TRUE,3.628943669,0.371056331,0
2.534794722,3.458816485,-9.510021661,3,English,TRUE,0.496936834,3.503063166,1
3.607429136,8.817180688,-86.23597135,2,English,TRUE,3.078778477,0.921221523,0
7.79482856,1.181452439,-129.8524763,9,English,TRUE,4.778178687,-0.778178687,0
14.30856485,1.810071464,-109.8282448,7,English,TRUE,4.102127858,-0.102127858,0
9.446557919,5.20786236,-86.00107591,1,English,TRUE,3.053246733,0.946753267,0
13.18560648,4.056130655,-124.4925015,3,English,TRUE,4.442167422,-0.442167422,0
8.815244504,9.060055573,-49.72815238,2,English,TRUE,1.91635808,2.08364192,0
7.59554497,1.805641298,-123.8871726,8,English,TRUE,4.543584284,-0.543584284,0
2.744598908,9.10934648,-105.5627783,2,English,TRUE,3.717298731,0.282701269,0
13.56512369,1.421325615,-26.60900515,3,English,TRUE,1.156831332,2.843168668,1
6.564831894,4.989880058,-83.83420099,1,English,TRUE,2.950020486,1.049979514,0
4.039965657,2.550383329,-107.5293335,3,English,TRUE,3.770214605,0.229785395,0
13.99157683,9.323958791,47.56357092,9,Mandarin,TRUE,2.17860772,1.82139228,0
12.46297017,5.311962287,10.78557519,8,Malay,FALSE,0.857268498,3.142731502,0
10.25531952,9.764788587,37.64655435,9,Mandarin,TRUE,1.815086226,2.184913774,0
14.07301784,7.60961969,7.93897481,8,English,TRUE,0.801458869,3.198541131,0
13.78827138,6.227940702,43.12232518,8,English,TRUE,1.95757296,2.04242704,0
12.28643629,6.827075674,46.97368761,8,Mandarin,TRUE,2.076924707,1.923075293,0
10.09732118,5.278386683,59.43239432,9,English,FALSE,2.494836889,1.505163111,0
11.73468362,5.550457962,57.25301963,8,Malay,FALSE,2.401285403,1.598714597,0
12.17475403,9.412007222,42.82842067,9,English,TRUE,2.003481635,1.996518365,0
10.8265744,5.529540192,16.65180026,8,Malay,FALSE,1.038621155,2.961378845,0
10.80452417,5.279197948,2.623087509,9,English,TRUE,0.608273472,3.391726528,0
10.83490405,7.991339408,33.31449081,8,Malay,FALSE,1.618745462,2.381254538,0
11.8528854,6.913673455,45.95882475,9,Mandarin,FALSE,2.079626413,1.920373587,0
14.08772018,7.029646601,0.637425162,8,Mandarin,TRUE,0.552421173,3.447578827,0
13.79678734,5.60136586,31.48807654,8,English,FALSE,1.563584083,2.436415917,0
10.05057198,5.220845771,52.97327428,8,English,FALSE,2.238489987,1.761510013,0
10.04821307,9.328646492,38.23307073,9,Mandarin,FALSE,1.828204287,2.171795713,0
10.38848216,6.947690656,41.02686141,8,Malay,FALSE,1.860923775,2.139076225,0
12.33290893,5.550535992,28.45993092,9,Mandarin,TRUE,1.487498813,2.512501187,0
14.44441103,6.001273452,56.58900047,9,English,TRUE,2.450756861,1.549243139,0
10.91128558,5.514546699,22.4788345,9,Mandarin,FALSE,1.273552806,2.726447194,0
12.3839793,7.390456835,22.74581574,8,Mandarin,TRUE,1.275938219,2.724061781,0
10.20373739,9.017523503,31.06426372,9,English,TRUE,1.587688066,2.412311934,0
10.10163225,6.96743302,35.15593135,9,English,FALSE,1.702555031,2.297444969,0
10.03741152,8.099479199,32.24550681,9,English,TRUE,1.616219134,2.383780866,0
13.68340462,8.377229479,49.11789386,9,Mandarin,FALSE,2.21786947,1.78213053,0
10.11912457,8.560373178,50.07077926,8,Malay,TRUE,2.175820953,1.824179047,0
11.36907785,8.027654267,7.899918459,8,Mandarin,TRUE,0.777297937,3.222702063,0
13.22523974,7.770439998,35.76983065,9,Malay,FALSE,1.762284486,2.237715514,0
13.09325449,7.391924637,59.03395276,9,Malay,FALSE,2.532650217,1.467349783,0
10.2757238,7.368024222,35.979496,9,Malay,TRUE,1.735754013,2.264245987,0
11.28333372,6.664660569,41.28984601,9,English,TRUE,1.915808143,2.084191857,0
13.19661094,7.522709363,51.6821789,9,English,TRUE,2.2899325,1.7100675,0
11.96122883,7.39528646,51.99611306,9,English,TRUE,2.286768921,1.713231079,0
12.32911403,6.597132287,1.031445608,9,Malay,TRUE,0.583643983,3.416356017,0
11.0354286,6.50574045,14.36594797,9,Malay,TRUE,1.014276623,2.985723377,0
10.18878712,7.230342751,51.77269271,8,Malay,FALSE,2.219947722,1.780052278,0
11.72601413,9.015245127,40.02604026,9,Mandarin,TRUE,1.901613935,2.098386065,0
13.41491983,6.238524355,37.90234732,9,Malay,TRUE,1.819946019,2.180053981,0
13.83264746,9.226975138,51.5966485,9,English,FALSE,2.310484509,1.689515491,0
12.9626496,8.619802903,48.39300575,8,Mandarin,TRUE,2.148924717,1.851075283,0
11.96600472,6.309460062,45.08103624,8,Malay,FALSE,2.005455856,1.994544144,0
12.91567899,5.069130005,2.841169301,9,English,TRUE,0.634553733,3.365446267,0
13.52494334,5.384099922,46.89929205,9,Malay,TRUE,2.112400167,1.887599833,0
13.77635879,9.414353513,12.03655818,8,English,FALSE,0.953125729,3.046874271,0
10.47242911,9.034635734,1.560525589,9,English,TRUE,0.607088168,3.392911832,0
14.01491869,6.897883998,29.51339221,9,English,FALSE,1.552907767,2.447092233,0
10.31738183,5.30852186,56.54160749,8,Malay,TRUE,2.360979287,1.639020713,0
14.35228729,9.055660534,53.18719067,8,English,FALSE,2.326985834,1.673014166,0
11.96120422,6.27621008,58.92343383,8,Malay,TRUE,2.466488604,1.533511396,0
12.73461148,9.765589137,14.79192839,9,English,TRUE,1.078066286,2.921933714,0
11.44991248,7.61448906,41.7235742,9,Malay,TRUE,1.941429822,2.058570178,0
12.13331993,8.575891426,3.350776779,8,Mandarin,TRUE,0.638784673,3.361215327,0
14.22596882,7.309092657,48.20716806,9,English,TRUE,2.182256217,1.817743783,0
11.47848161,5.13843104,31.42584792,9,Malay,FALSE,1.573697391,2.426302609,0
12.82090122,5.315856846,59.77716471,9,Malay,TRUE,2.533939738,1.466060262,0
13.23539556,9.879911521,14.39966742,8,Malay,FALSE,1.031141985,2.968858015,0
10.732041,7.061220559,47.07889426,8,English,FALSE,2.067229091,1.932770909,0
13.88908043,5.915870988,10.25734153,8,Mandarin,FALSE,0.859960898,3.140039102,0
14.9953378,8.601477221,17.23092443,8,English,FALSE,1.130332298,2.869667702,0
10.77530754,9.410960402,17.73378341,9,English,FALSE,1.152988793,2.847011207,0
13.83942232,6.334916691,34.67202081,8,Mandarin,TRUE,1.677477417,2.322522583,0
10.73536547,7.855620669,21.90657504,8,Mandarin,TRUE,1.236129029,2.763870971,0
14.75128127,6.226935067,26.32290267,9,Mandarin,TRUE,1.447212252,2.552787748,0
12.05492794,9.1127603,31.30835945,9,English,FALSE,1.615288864,2.384711136,0
14.8995848,5.433997182,3.373204468,8,Mandarin,FALSE,0.635775969,3.364224031,0
10.33958893,6.86262716,39.92173958,8,Mandarin,FALSE,1.822746813,2.177253187,0
13.9549057,6.899479749,38.95601457,8,Mandarin,FALSE,1.827077673,2.172922327,0
12.3668905,8.184622206,57.88811059,9,English,FALSE,2.495118813,1.504881187,0
11.44747017,5.891048992,8.003230798,8,Mandarin,FALSE,0.760159552,3.239840448,0
13.73944042,7.375034209,1.858007054,8,English,FALSE,0.593078315,3.406921685,0
13.17664375,7.760229011,7.993612384,8,Mandarin,FALSE,0.795822474,3.204177526,0
14.51442457,9.45440336,25.34789104,9,Mandarin,TRUE,1.444617981,2.555382019,0
11.24404845,7.633261628,12.83600802,8,Malay,TRUE,0.936640035,3.063359965,0
14.69872689,5.659615806,12.97907709,9,Malay,FALSE,0.99621933,3.00378067,0
13.20934109,5.506673136,52.16388013,9,English,FALSE,2.285956147,1.714043853,0
12.25217032,9.620688384,19.42986137,9,Malay,FALSE,1.226390633,2.773609367,0
10.26565656,9.898343038,25.00783612,9,Malay,TRUE,1.395234533,2.604765467,0
13.82588065,5.835159101,41.04905006,8,Malay,FALSE,1.884912066,2.115087934,0
14.29200816,8.756770664,20.39652245,9,English,FALSE,1.27037187,2.72962813,0
14.04792306,6.253575383,33.26138476,8,Mandarin,TRUE,1.63172781,2.36827219,0
13.67833047,9.164579343,31.3726,9,English,FALSE,1.634182432,2.365817568,0
14.84705586,5.483037326,15.69112188,9,Malay,TRUE,1.086338328,2.913661672,0
14.24551398,7.185604303,43.02565286,9,English,TRUE,2.008499612,1.991500388,0
14.63939512,7.980351923,50.04681554,9,English,TRUE,2.254424655,1.745575345,0
13.65239408,9.262508844,47.00733254,8,English,TRUE,2.116060114,1.883939886,0
14.1010358,9.28363316,23.71738081,8,Mandarin,FALSE,1.34442605,2.65557395,0
11.44579108,5.921472646,55.97751039,9,Mandarin,TRUE,2.39958965,1.60041035,0
13.34449585,9.835593044,53.93787026,9,Malay,TRUE,2.389729898,1.610270102,0
11.02769393,8.192762633,16.01014161,8,Mandarin,FALSE,1.045875953,2.954124047,0
10.34635238,8.293864801,7.436479506,9,Malay,FALSE,0.794284822,3.205715178,0
12.89628199,9.444965231,53.6284718,8,Mandarin,FALSE,2.331028199,1.668971801,0
13.91454487,6.60148145,44.69139951,8,Malay,TRUE,2.01487358,1.98512642,0
10.41378889,7.076090362,18.65943181,9,English,TRUE,1.156879853,2.843120147,0
10.90640852,9.924943511,18.2926057,9,Malay,TRUE,1.178067044,2.821932956,0
10.46483691,5.082690505,19.33009133,8,Mandarin,FALSE,1.119811652,2.880188348,0
13.17088983,9.335794831,51.68003747,9,Malay,TRUE,2.307734762,1.692265238,0
10.3975104,9.212530702,14.41387644,8,Mandarin,TRUE,0.996562959,3.003437041,0
10.46647787,6.312064699,39.06520304,9,English,TRUE,1.82995886,2.17004114,0
11.32083659,9.108474171,50.06662877,9,English,FALSE,2.233180733,1.766819267,0
11.35117432,6.651215617,23.24072357,8,Mandarin,TRUE,1.274714685,2.725285315,0
12.78751812,8.144885851,3.689473387,8,Malay,TRUE,0.652306486,3.347693514,0
10.1609318,7.234391529,45.5312404,8,English,FALSE,2.011661247,1.988338753,0
13.07672348,5.506646503,1.192167657,9,Malay,FALSE,0.585572622,3.414427378,0
12.05854083,9.476794591,49.85270131,8,English,FALSE,2.197110064,1.802889936,0
10.89365934,7.726299606,21.6516385,9,English,FALSE,1.267920873,2.732079127,0
13.26673147,7.40905538,48.07925693,8,Malay,TRUE,2.129399766,1.870600234,0
11.64836981,9.397488337,32.72167048,9,Mandarin,TRUE,1.661180931,2.338819069,0
14.13744712,6.640103083,21.55297352,8,Mandarin,TRUE,1.246207953,2.753792047,0
14.94716244,7.851711366,53.95970995,8,Mandarin,TRUE,2.346645736,1.653354264,0
13.89514442,9.411376161,46.02266955,8,Mandarin,TRUE,2.087154191,1.912845809,0
13.71495003,6.714404827,4.842446255,9,Malay,TRUE,0.725708424,3.274291576,0
11.77576727,8.967678031,55.83548564,8,Malay,FALSE,2.388617308,1.611382692,0
12.67302845,7.571853179,28.02045969,9,English,TRUE,1.496464139,2.503535861,0
10.26340666,5.788833019,8.937799106,9,English,FALSE,0.818449034,3.181550966,0
13.63667617,5.202957839,46.27269751,8,English,TRUE,2.050819591,1.949180409,0
13.37520149,8.633627008,31.05678864,8,Malay,TRUE,1.575314573,2.424685427,0
11.34676004,6.309375371,40.36402813,8,English,FALSE,1.842028959,2.157971041,0
12.67068216,9.078644098,41.64226582,9,Malay,FALSE,1.96556879,2.03443121,0
13.39656929,5.944642615,11.83147605,9,Malay,FALSE,0.947794654,3.052205346,0
11.8394704,7.839281943,58.25194786,8,Malay,TRUE,2.458519119,1.541480881,0
13.62804039,5.467346391,6.332585137,9,English,FALSE,0.762040039,3.237959961,0
13.98356296,8.678838986,36.34767074,8,Mandarin,FALSE,1.758213044,2.241786956,0
11.11768361,8.828514664,8.779819829,9,Malay,TRUE,0.852122644,3.147877356,0
11.50627061,9.582730266,52.63795082,8,English,FALSE,2.285488369,1.714511631,0
12.0078146,7.80679896,10.39477212,9,English,TRUE,0.90463854,3.09536146,0
11.17839072,5.532208378,26.46222513,9,Mandarin,FALSE,1.409180162,2.590819838,0
13.87803776,9.138826026,5.212317578,8,Malay,FALSE,0.723912557,3.276087443,0
12.85921365,6.569470606,26.88199971,9,Malay,FALSE,1.450353499,2.549646501,0
11.90051419,9.497967129,0.24373705,9,English,FALSE,0.582109381,3.417890619,0
10.08030934,9.889172872,26.60821062,8,Malay,FALSE,1.406635176,2.593364824,0
11.62935569,5.662442789,41.27353817,9,Mandarin,FALSE,1.908702591,2.091297409,0
14.18250987,5.414798275,10.96980134,9,Malay,TRUE,0.921633126,3.078366874,0
13.71755774,9.488016862,33.17914454,9,English,FALSE,1.698027231,2.301972769,0
10.33689541,9.494380961,28.46301757,8,Malay,TRUE,1.467080016,2.532919984,0
14.00722677,7.925988646,20.09885283,9,Malay,TRUE,1.249293915,2.750706085,0
10.89527364,9.440606243,40.24793713,8,Malay,FALSE,1.864956703,2.135043297,0
14.93526844,9.652607719,59.70829215,9,Malay,FALSE,2.596155167,1.403844833,0
14.34273448,7.776947828,56.26674653,8,English,TRUE,2.416755041,1.583244959,0
14.56630253,8.432640922,58.20618479,8,English,FALSE,2.490195594,1.509804406,0
13.84725198,8.067863742,1.212779318,9,Malay,TRUE,0.619577134,3.380422866,0
13.55388403,5.87299574,15.38368886,9,English,TRUE,1.067058427,2.932941573,0
11.22218659,7.181179069,55.36537051,9,English,TRUE,2.389546007,1.610453993,0
12.93199208,8.40692165,2.897571739,9,English,FALSE,0.669974862,3.330025138,0
13.48212427,8.051344486,21.88853888,8,Malay,FALSE,1.26495265,2.73504735,0
11.44043157,6.075489112,39.13213151,8,Malay,FALSE,1.79956359,2.20043641,0
11.99154,9.548795782,58.97921795,8,Malay,TRUE,2.501377289,1.498622711,0
14.73525149,8.920341699,16.54632111,8,Malay,TRUE,1.108099969,2.891900031,0
12.03978751,5.342287849,45.85102859,8,Mandarin,FALSE,2.022188373,1.977811627,0
11.57690235,6.720391757,39.62214271,9,Malay,TRUE,1.863711031,2.136288969,0
10.5360625,9.977690656,36.80809627,9,Malay,TRUE,1.792074074,2.207925926,0
11.7067068,6.949050168,44.57607431,9,Malay,FALSE,2.032426713,1.967573287,0
13.06071512,8.317149946,15.23553768,9,Mandarin,TRUE,1.081629907,2.918370093,0
10.73866048,5.503387804,20.32107098,8,Malay,FALSE,1.159789515,2.840210485,0
13.02643243,6.554620005,33.62783551,9,Mandarin,TRUE,1.676738375,2.323261625,0
13.70597788,9.410269269,26.33886793,9,Mandarin,TRUE,1.469124736,2.530875264,0
13.84121985,7.55269731,43.31953509,9,Malay,FALSE,2.017923675,1.982076325,0
14.92404289,9.125561223,48.03768523,8,Malay,TRUE,2.161752216,1.838247784,0
12.17280818,5.038297358,31.68059999,8,Mandarin,TRUE,1.548131055,2.451868945,0
10.16216319,8.330704022,23.63738066,9,English,FALSE,1.332841361,2.667158639,0
14.27344928,6.499641396,54.71075892,8,Mandarin,TRUE,2.351422871,1.648577129,0
10.4175714,9.303882987,44.99093906,9,Mandarin,TRUE,2.056912513,1.943087487,0
14.30828603,9.720232996,40.39456725,8,Malay,TRUE,1.906770765,2.093229235,0
14.9135022,8.438094762,3.437959813,9,Malay,FALSE,0.70811463,3.29188537,0
14.5341151,5.730393998,31.67064904,8,English,TRUE,1.578333392,2.421666608,0
14.82005248,7.340536454,7.290120963,8,Mandarin,FALSE,0.784609921,3.215390079,0
10.11667966,7.322476893,39.63039889,9,Mandarin,TRUE,1.855404862,2.144595138,0
10.05684912,9.151491944,17.97761425,8,English,FALSE,1.111337219,2.888662781,0
11.05148889,7.303078207,44.31026954,8,English,TRUE,1.980554655,2.019445345,0
13.99356149,6.663174323,46.68912617,9,Mandarin,TRUE,2.122871564,1.877128436,0
10.44707327,8.056757839,18.02456722,9,Mandarin,FALSE,1.145857218,2.854142782,0
13.73259114,8.235411146,58.57600114,8,English,FALSE,2.492213394,1.507786606,0
10.0628003,9.04973969,31.00168454,9,Malay,FALSE,1.584514885,2.415485115,0
13.65549653,9.502206916,13.07221749,8,Mandarin,TRUE,0.987317617,3.012682383,0
11.2503462,9.449784312,46.51180932,8,Mandarin,TRUE,2.077394949,1.922605051,0
12.20219428,8.13362046,45.64459794,9,Mandarin,FALSE,2.084844745,1.915155255,0
14.88252708,7.621397695,24.83364449,9,Mandarin,TRUE,1.412827397,2.587172603,0
12.75867566,9.006105859,39.51673529,8,English,FALSE,1.854872325,2.145127675,0
10.37311831,6.533948197,1.303598437,9,English,TRUE,0.572523946,3.427476054,0
14.36565834,8.78965516,17.47379314,9,English,FALSE,1.174012906,2.825987094,0
11.6183366,7.530514647,52.88839384,9,English,FALSE,2.314434974,1.685565026,0
12.92676675,5.618254355,13.92672532,9,English,TRUE,1.009674388,2.990325612,0
13.55885998,8.764333967,54.33516913,9,Malay,TRUE,2.394404244,1.605595756,0
13.88756602,8.24234968,34.79258189,9,Malay,FALSE,1.741051887,2.258948113,0
12.16247686,5.412119539,54.17467831,8,Malay,FALSE,2.301568574,1.698431426,0
13.86543797,7.251843381,7.852268362,8,Malay,TRUE,0.792915092,3.207084908,0
10.58447149,7.432473576,27.8357272,9,English,FALSE,1.468027024,2.531972976,0
12.62834421,8.267560495,17.7875454,9,English,FALSE,1.161877227,2.838122773,0
10.1094273,8.392440663,53.21531063,8,Malay,TRUE,2.278862367,1.721137633,0
12.03135538,5.952631077,20.49354711,8,English,FALSE,1.182958102,2.817041898,0
11.82383161,5.16849484,35.30777546,9,English,TRUE,1.706849113,2.293150887,0
14.89066308,8.970364742,49.65854068,9,Mandarin,TRUE,2.253894968,1.746105032,0
11.98924306,9.907973411,13.74138281,9,Mandarin,TRUE,1.037018258,2.962981742,0
14.53546087,9.703436751,2.744436797,9,Malay,TRUE,0.693870203,3.306129797,0
12.17649896,7.50399834,29.64838349,9,English,FALSE,1.545084423,2.454915577,0
12.66693902,7.644664308,41.01991527,8,Mandarin,FALSE,1.890446542,2.109553458,0
11.75358063,9.652879515,43.15572672,8,English,TRUE,1.972588825,2.027411175,0
13.20007772,7.720731661,25.03177308,8,Mandarin,FALSE,1.36360053,2.63639947,0
13.69560155,6.388324586,4.717166002,9,Malay,TRUE,0.718078128,3.281921872,0
13.95530018,8.387954166,24.18887088,9,English,TRUE,1.389728239,2.610271761,0
13.46969773,7.385991379,7.319439542,8,English,FALSE,0.772538209,3.227461791,0
11.64973779,8.925001994,4.333164841,8,Mandarin,FALSE,0.670186226,3.329813774,0
11.6529794,8.916533869,18.20611394,8,Malay,TRUE,1.132565597,2.867434403,0
11.73953911,9.679793635,46.63319558,9,Mandarin,TRUE,2.12863318,1.87136682,0
10.18915703,5.689101641,46.10067236,8,Malay,TRUE,2.015471665,1.984528335,0
14.71525985,7.606649626,36.48221288,8,Malay,TRUE,1.759292857,2.240707143,0
10.97862616,8.929304629,49.57437903,8,Malay,FALSE,2.171558609,1.828441391,0
10.79604364,7.174207126,30.04939988,9,English,TRUE,1.54134917,2.45865083,0
12.76177235,8.134419565,14.60666926,8,Mandarin,FALSE,1.015850894,2.984149106,0
10.23707762,9.085158624,34.19826635,9,English,TRUE,1.693164574,2.306835426,0
14.18921659,7.366832504,55.3947519,8,English,TRUE,2.382052221,1.617947779,0
14.38100277,7.041408265,2.167756469,8,English,TRUE,0.606482659,3.393517341,0
11.98904924,5.902784786,57.89151047,8,Malay,TRUE,2.428635356,1.571364644,0
14.85709336,9.12274943,44.65902931,8,Malay,FALSE,2.048432738,1.951567262,0
11.62128635,8.978894758,41.17450567,9,Malay,TRUE,1.938485333,2.061514667,0
11.30118062,8.715752237,36.83003461,8,Malay,TRUE,1.747837149,2.252162851,0
14.94844596,6.966579766,15.46421637,9,Malay,FALSE,1.094624136,2.905375864,0
11.2515259,7.915953268,53.14460356,9,Malay,TRUE,2.323161577,1.676838423,0
12.22126221,5.619933913,58.28766335,8,English,TRUE,2.441334073,1.558665927,0
13.05934,6.597594183,55.44801955,9,Malay,FALSE,2.40483666,1.59516334,0
11.61265062,7.177634801,6.528798765,9,Mandarin,TRUE,0.76552948,3.23447052,0
11.92108453,5.217696214,44.19074104,9,Malay,FALSE,2.004412509,1.995587491,0
13.60379497,5.51793811,33.39932466,8,English,TRUE,1.624528153,2.375471847,0
13.61512552,9.148622493,47.30021689,9,Mandarin,FALSE,2.164311377,1.835688623,0
14.01809244,9.856019546,21.13718372,9,English,TRUE,1.303313911,2.696686089,0
12.9685087,6.609950821,57.41810461,9,English,TRUE,2.469721416,1.530278584,0
11.16761928,5.533703218,18.75649675,8,Mandarin,TRUE,1.112229783,2.887770217,0
11.66554685,9.676961719,44.2787148,8,Malay,TRUE,2.009382246,1.990617754,0
14.50353367,9.571557735,30.22861592,8,English,FALSE,1.568371445,2.431628555,0
13.66864195,8.273292911,37.01312156,9,English,FALSE,1.813190067,2.186809933,0
10.44014189,6.692953364,6.940041044,9,Mandarin,TRUE,0.762665654,3.237334346,0
13.76808233,5.562851303,36.65025446,8,Malay,FALSE,1.734984485,2.265015515,0
11.65328814,9.697466676,33.81210025,9,Mandarin,TRUE,1.700577557,2.299422443,0
10.11613492,9.601902687,43.13559168,8,Mandarin,TRUE,1.955033432,2.044966568,0
12.41865912,8.716010639,17.26222179,8,English,TRUE,1.106754091,2.893245909,0
14.416981,9.669431499,49.93705298,8,Malay,FALSE,2.225432558,1.774567442,0
12.22174698,5.698802162,56.71652921,8,English,TRUE,2.389756465,1.610243535,0
14.94400097,5.546249281,52.92119637,9,Malay,FALSE,2.328942382,1.671057618,0
10.89038248,5.960201972,23.4811395,8,Mandarin,TRUE,1.271210495,2.728789505,0
11.75448699,6.077461752,45.73232277,9,Malay,TRUE,2.062730246,1.937269754,0
10.08309405,9.135845612,21.90175055,9,English,FALSE,1.282247748,2.717752252,0
10.25176951,9.608674568,51.78680828,8,Malay,FALSE,2.244831384,1.755168616,0
11.77158458,6.07795173,22.52335251,9,Malay,TRUE,1.28927378,2.71072622,0
12.6419407,7.313473732,11.16249753,9,English,TRUE,0.931637395,3.068362605,0
11.18547052,7.272424287,29.34371765,9,English,FALSE,1.52270287,2.47729713,0
10.8323019,5.889349944,8.105249907,9,English,FALSE,0.797391515,3.202608485,0
12.10336752,9.266736192,35.21541419,9,Mandarin,FALSE,1.747548177,2.252451823,0
10.85337801,7.612464162,34.59392442,8,English,TRUE,1.657789236,2.342210764,0
13.15448324,7.831193453,29.44869313,9,Mandarin,TRUE,1.551479871,2.448520129,0
14.77644523,6.29213983,36.22380753,8,Malay,FALSE,1.738146102,2.261853898,0
14.03271705,7.795792664,58.51891901,9,Malay,FALSE,2.528915731,1.471084269,0
11.07606892,8.962699474,22.99663747,9,English,FALSE,1.326942266,2.673057734,0
14.75567655,6.524657585,25.3664794,8,Mandarin,TRUE,1.378352655,2.621647345,0
13.75563868,5.566475851,16.44167738,9,Mandarin,FALSE,1.101277058,2.898722942,0
10.77486019,7.920200851,11.06728371,8,Mandarin,TRUE,0.875860067,3.124139933,0
12.8971534,8.179152944,17.35123194,9,English,FALSE,1.149137461,2.850862539,0
14.83239322,6.010320248,12.75828486,8,English,TRUE,0.953703297,3.046296703,0
10.4837906,6.241523264,25.948147,9,Mandarin,FALSE,1.392191372,2.607808628,0
11.35502487,5.765344355,13.99881235,8,Malay,FALSE,0.957830771,3.042169229,0
11.87045872,9.606907404,31.04091118,8,Malay,TRUE,1.569470701,2.430529299,0
10.57797137,6.06506002,17.17860822,8,English,TRUE,1.059050588,2.940949412,0
11.49622993,5.053190565,25.48069238,8,English,FALSE,1.334850618,2.665149382,0
13.46162608,9.200764083,7.755512644,8,Mandarin,FALSE,0.80514099,3.19485901,0
12.38619394,9.016137334,9.837112276,8,Mandarin,FALSE,0.861927055,3.138072945,0
12.10537057,7.282674863,36.84698209,9,Mandarin,FALSE,1.782113191,2.217886809,0
12.15969629,8.985811765,33.91956118,9,Malay,TRUE,1.70210712,2.29789288,0
13.79826127,7.248083514,10.27304619,8,Mandarin,FALSE,0.872898321,3.127101679,0
14.95640459,6.122572404,17.68856868,8,Mandarin,TRUE,1.120408726,2.879591274,0
12.94322956,7.130272786,13.28878277,9,English,FALSE,1.003694449,2.996305551,0
13.75775095,7.434371473,47.84741431,9,English,FALSE,2.166835034,1.833164966,0
11.86279939,5.045017068,21.88867496,9,Mandarin,TRUE,1.258700663,2.741299337,0
14.30320034,5.566647566,24.35779794,8,English,FALSE,1.330625077,2.669374923,0
12.10162915,9.373825494,39.89377241,8,Mandarin,FALSE,1.86454696,2.13545304,0
14.67561511,6.962127133,19.53283655,8,Mandarin,TRUE,1.187471974,2.812528026,0
13.71752314,6.65733586,22.66838183,9,Mandarin,FALSE,1.319361318,2.680638682,0
13.537216,9.441782701,47.87408207,8,English,FALSE,2.145592723,1.854407277,0
11.45067474,5.772848331,47.67186885,8,Mandarin,FALSE,2.081297526,1.918702474,0
13.98068568,6.084936539,36.27421893,8,English,FALSE,1.729796853,2.270203147,0
10.52640605,9.139752625,33.53865292,9,Malay,TRUE,1.674616684,2.325383316,0
12.6901212,6.398273393,10.86057043,9,Malay,FALSE,0.91290296,3.08709704,0
13.67688649,8.166161303,28.39098479,9,English,FALSE,1.524796638,2.475203362,0
14.41795993,8.69785829,16.46146973,8,Malay,FALSE,1.09987384,2.90012616,0
12.84826831,6.113601484,43.785077,9,Malay,FALSE,2.009121264,1.990878736,0
11.29161486,6.267039096,37.67638882,9,Malay,TRUE,1.791466167,2.208533833,0
14.2443072,7.581475481,22.66010857,8,Mandarin,FALSE,1.293594779,2.706405221,0
13.83990252,8.961068525,32.10567111,9,Malay,FALSE,1.658198747,2.341801253,0
10.76782379,7.771887681,25.26451514,8,Mandarin,TRUE,1.347547619,2.652452381,0
14.36193781,5.336682015,8.786181432,8,English,TRUE,0.809858913,3.190141087,0
14.79938618,6.754185897,46.84625075,8,English,FALSE,2.097077412,1.902922588,0
12.6886713,6.653189364,53.895054,8,Malay,TRUE,2.309920407,1.690079593,0
10.19182473,9.038009532,55.82078746,9,Mandarin,FALSE,2.412991258,1.587008742,0
14.57807162,6.44831824,47.3515344,8,English,TRUE,2.108648378,1.891351622,0
10.61382928,9.506087264,49.29808101,9,English,FALSE,2.204468532,1.795531468,0
13.16560879,6.674921029,3.34349197,9,Mandarin,TRUE,0.669855031,3.330144969,0
12.00453616,5.970540982,46.91346521,9,Malay,FALSE,2.103532945,1.896467055,0
14.96016826,7.699699546,18.20480964,8,English,FALSE,1.153425666,2.846574334,0
14.58582335,6.931936431,8.269261577,8,Malay,FALSE,0.81081965,3.18918035,0
13.92251896,8.237951674,31.31381476,8,Malay,FALSE,1.585398532,2.414601468,0
10.99638549,9.578564726,34.22323313,9,Mandarin,FALSE,1.70652394,2.29347606,0
13.49596494,9.703876994,29.08858917,8,Malay,TRUE,1.521618058,2.478381942,0
12.86072904,6.136822986,39.1670567,8,English,TRUE,1.815544077,2.184455923,0
10.67673381,5.811356405,42.85314786,8,Mandarin,FALSE,1.913319164,2.086680836,0
13.97340552,9.699785345,8.226790665,9,Malay,FALSE,0.870958264,3.129041736,0
10.43228169,9.062139038,37.01544258,8,Mandarin,TRUE,1.748792293,2.251207707,0
12.40804837,6.308379964,3.267115929,9,Mandarin,FALSE,0.656068148,3.343931852,0
12.1328172,9.024771918,26.92588455,8,Mandarin,TRUE,1.429105376,2.570894624,0
14.03098704,8.705273048,6.002974829,8,Malay,TRUE,0.747461762,3.252538238,0
12.13783709,6.267809994,26.97693643,9,Mandarin,FALSE,1.443287685,2.556712315,0
13.4715544,9.528921782,10.52659198,9,Malay,FALSE,0.940891161,3.059108839,0
12.39130364,6.609023224,44.06581652,8,Mandarin,TRUE,1.978863819,2.021136181,0
12.91010392,7.400895397,53.97484131,9,Malay,TRUE,2.36227137,1.63772863,0
11.20520499,8.046307667,10.17240116,9,Mandarin,FALSE,0.891595165,3.108404835,0
11.01226632,5.956316271,44.19937608,8,Malay,FALSE,1.962998362,2.037001638,0
13.5495665,8.056440048,8.769306892,9,English,FALSE,0.868370295,3.131629705,0
10.61165189,8.531359875,26.02312835,9,English,FALSE,1.418867729,2.581132271,0
10.87992,5.507735432,37.53207935,9,Mandarin,TRUE,1.774945866,2.225054134,0
14.704732,6.896741778,32.26357186,8,English,FALSE,1.611467133,2.388532867,0
11.26664524,8.060297993,3.429109627,8,Malay,FALSE,0.627573087,3.372426913,0
11.61647872,9.631084446,21.75875289,8,English,FALSE,1.257767395,2.742232605,0
13.16597157,9.454917381,28.20967632,8,Malay,FALSE,1.486531434,2.513468566,0
12.20177137,5.848336576,23.4838753,8,Malay,TRUE,1.283296923,2.716703077,0
12.79500224,8.052539476,39.92991343,8,English,FALSE,1.859472532,2.140527468,0
10.72296299,5.490089163,53.29038782,8,English,TRUE,2.258476782,1.741523218,0
13.36203838,6.469394457,40.05969428,8,Malay,FALSE,1.853637471,2.146362529,0
10.78291676,7.986351311,35.39774662,8,English,FALSE,1.687617568,2.312382432,0
13.73862765,5.406823757,8.943935609,8,English,FALSE,0.809585701,3.190414299,0
12.61808644,9.444310302,20.93086891,9,Mandarin,TRUE,1.278319598,2.721680402,0
14.08096506,9.144943253,32.89723587,9,Malay,TRUE,1.688833612,2.311166388,0
10.86341532,7.366949863,56.04276691,8,Mandarin,TRUE,2.370395882,1.629604118,0
11.88769943,7.458771275,18.2869169,9,Malay,TRUE,1.163028604,2.836971396,0
14.23415996,9.406814394,20.27746922,8,English,FALSE,1.232325384,2.767674616,0
13.99356154,5.252186759,35.3735678,9,Malay,TRUE,1.73157641,2.26842359,0
14.82876987,5.719404598,53.98200522,8,English,TRUE,2.324881919,1.675118081,0
11.10980228,6.540021978,32.59198861,8,Mandarin,TRUE,1.582897863,2.417102137,0
12.69514016,6.821921353,10.46470013,9,Malay,FALSE,0.903993953,3.096006047,0
10.08942371,9.937233888,4.528722674,9,Mandarin,FALSE,0.711223998,3.288776002,0
14.82617288,5.737309426,53.33957384,9,Malay,FALSE,2.343620618,1.656379382,0
10.8756358,6.515519404,40.19656496,8,Mandarin,TRUE,1.833797051,2.166202949,0
14.52353803,9.139749642,13.23144104,8,English,FALSE,0.997680911,3.002319089,0
13.39166572,8.92177341,43.4700422,9,Malay,TRUE,2.032135798,1.967864202,0
14.68424241,8.274083551,43.17459187,8,Mandarin,FALSE,1.988736322,2.011263678,0
11.24114587,6.642758715,46.3274697,9,English,TRUE,2.083088036,1.916911964,0
11.72582143,5.588884592,53.53044783,8,English,TRUE,2.277495321,1.722504679,0
10.82200883,9.917732724,9.121935701,9,Malay,FALSE,0.871461939,3.128538061,0
12.11216797,6.257132063,57.40465372,8,Malay,FALSE,2.417181458,1.582818542,0
14.7374974,9.223182436,59.91134405,8,Malay,TRUE,2.5566516,1.4433484,0
12.85581583,9.475041089,0.869192618,8,Mandarin,TRUE,0.572281656,3.427718344,0
12.08063144,7.204498327,5.478218079,9,English,TRUE,0.735458567,3.264541433,0
11.62433166,9.254153261,26.03713283,9,English,TRUE,1.436689277,2.563310723,0
12.92380901,6.39518495,2.065064667,9,Malay,TRUE,0.622025429,3.377974571,0
13.61608692,9.449555637,44.09384557,9,English,TRUE,2.060451278,1.939548722,0
12.03394234,8.179831579,39.04380729,8,English,FALSE,1.823597982,2.176402018,0
11.15449432,5.971861007,46.55141041,9,Malay,TRUE,2.082977234,1.917022766,0
12.92502133,8.932735335,59.90500364,9,English,TRUE,2.575411021,1.424588979,0
11.8278132,9.568461657,56.00498586,8,English,FALSE,2.400795611,1.599204389,0
14.97162217,7.852148852,17.99096076,8,Malay,FALSE,1.147936402,2.852063598,0
12.20522313,8.801864698,23.78785754,9,Mandarin,FALSE,1.362999463,2.637000537,0
12.1724441,8.973986959,46.55802815,9,Malay,FALSE,2.123398582,1.876601418,0
14.19733494,8.937021918,23.28909485,9,English,TRUE,1.36764673,2.63235327,0
11.25509492,7.272107073,41.91807517,8,Malay,FALSE,1.902541192,2.097458808,0
10.32993528,8.699713068,55.11735604,8,Malay,FALSE,2.347541685,1.652458315,0
14.26909407,7.742652711,24.3526598,9,English,TRUE,1.391872794,2.608127206,0
12.94520177,7.073298433,33.631141,9,English,FALSE,1.681223035,2.318776965,0
11.30078386,5.829063108,50.48765598,9,Mandarin,TRUE,2.214220336,1.785779664,0
11.71379278,9.545190712,28.66019535,9,Mandarin,FALSE,1.52792968,2.47207032,0
12.12825192,7.074556714,17.34789489,8,English,FALSE,1.090291249,2.909708751,0
13.40195512,6.197827543,15.49014168,8,Mandarin,TRUE,1.032335883,2.967664117,0
12.34091038,6.21147878,4.313028981,9,Mandarin,FALSE,0.689291524,3.310708476,0
11.97909779,6.210441314,19.8217463,9,Malay,TRUE,1.202620268,2.797379732,0
13.90233251,5.012367718,41.1515534,8,Malay,TRUE,1.880865449,2.119134551,0
10.35924266,7.191095747,3.530493322,8,Mandarin,FALSE,0.613186495,3.386813505,0
13.26268445,9.453437935,16.45747108,9,Malay,FALSE,1.135743593,2.864256407,0
12.24461666,5.125732092,6.696097585,8,Malay,TRUE,0.71690674,3.28309326,0
11.67426754,9.782987385,24.26868216,8,English,TRUE,1.343528621,2.656471379,0
14.63787845,5.895615129,5.603406134,8,Mandarin,TRUE,0.71211514,3.28788486,0
13.8896467,8.594371602,44.76305355,8,Mandarin,TRUE,2.036941968,1.963058032,0
11.09629374,8.926641953,55.68146128,9,English,TRUE,2.416278066,1.583721934,0
13.26168218,8.67557746,11.53995277,8,English,FALSE,0.924037689,3.075962311,0
14.11143246,6.695878031,15.0346568,9,English,FALSE,1.069228332,2.930771668,0
14.94669783,8.519061582,9.609296122,8,Malay,FALSE,0.874967465,3.125032535,0
13.49212497,7.364871101,11.24582657,8,English,TRUE,0.903430846,3.096569154,0
13.45345474,5.760985713,18.69399569,9,English,TRUE,1.175277594,2.824722406,0
13.06645997,6.004648872,16.87025227,8,English,FALSE,1.073052831,2.926947169,0
10.20001306,5.130147612,23.11021953,9,English,TRUE,1.283642258,2.716357742,0
12.92528233,6.659851839,31.49656879,9,Malay,FALSE,1.605736968,2.394263032,0
14.02523828,8.639947476,43.65205073,8,Mandarin,FALSE,2.001720215,1.998279785,0
11.97709222,9.845241423,53.06932186,9,English,FALSE,2.347200732,1.652799268,0
12.93489625,5.667790977,27.56276425,9,English,TRUE,1.464785681,2.535214319,0
14.63244107,6.766404355,54.53840449,8,Mandarin,FALSE,2.35193527,1.64806473,0
10.86017053,5.907492604,40.78536064,9,Mandarin,TRUE,1.887188653,2.112811347,0
11.40237883,8.804435857,43.73452729,8,English,FALSE,1.979885723,2.020114277,0
10.55158761,9.597918986,31.33461324,9,English,TRUE,1.605982174,2.394017826,0
12.50122302,5.570006994,31.39319925,9,Mandarin,TRUE,1.587152275,2.412847725,0
14.19824696,9.517932728,31.9183846,8,English,FALSE,1.62110795,2.37889205,0
12.17608505,6.357464726,29.51866704,9,Malay,TRUE,1.529291066,2.470708934,0
10.34919929,6.115317305,27.53271066,8,English,FALSE,1.402402188,2.597597812,0
11.31768858,5.28317199,46.47358917,8,English,FALSE,2.035128245,1.964871755,0
14.44853255,5.40234139,23.2609143,9,Malay,FALSE,1.333872549,2.666127451,0
12.78762055,5.346123813,12.40410289,9,Mandarin,TRUE,0.95480754,3.04519246,0
14.57035615,7.232061047,8.134156652,8,Mandarin,TRUE,0.809162727,3.190837273,0
14.17219032,8.293219441,52.77477615,8,Mandarin,TRUE,2.303813303,1.696186697,0
12.07145807,5.922103698,51.77300065,9,English,TRUE,2.265702306,1.734297694,0
13.16772,6.08819426,14.61856187,9,Mandarin,TRUE,1.039844538,2.960155462,0
13.32212567,5.864484295,7.092291844,8,Malay,FALSE,0.748275828,3.251724172,0
13.73398718,9.032791829,57.62753506,9,Malay,TRUE,2.508585625,1.491414375,0
11.66483253,5.685899453,28.92101368,8,English,FALSE,1.457541109,2.542458891,0
11.44494723,5.367025573,5.602629133,9,Mandarin,FALSE,0.714874032,3.285125968,0
13.42294385,5.183583795,12.91847893,8,Mandarin,FALSE,0.936681241,3.063318759,0
14.09377116,5.200751754,42.22552446,9,Malay,FALSE,1.960462711,2.039537289,0
12.07123393,7.733364108,4.878978432,9,Mandarin,FALSE,0.720678595,3.279321405,0
11.60534272,5.469926166,25.98384706,9,Malay,TRUE,1.396880924,2.603119076,0
14.12768321,6.11213303,25.65498073,8,English,TRUE,1.377564187,2.622435813,0
13.4347527,9.16338431,41.14068929,9,Malay,TRUE,1.95733768,2.04266232,0
11.7177501,9.84053946,11.96422674,8,Mandarin,TRUE,0.934390453,3.065609547,0
12.64833013,9.304289556,59.02624294,8,Malay,FALSE,2.507067628,1.492932372,0
14.80431246,9.798013022,9.316741773,9,Mandarin,FALSE,0.916581314,3.083418686,0
13.74935669,8.352256744,35.90198042,9,English,FALSE,1.777748815,2.222251185,0
11.10832404,9.936082106,19.68613579,9,Malay,FALSE,1.226648588,2.773351412,0
11.47515573,7.481719139,7.972804587,9,English,TRUE,0.815328902,3.184671098,0
11.32610328,8.973441376,32.33301256,9,English,FALSE,1.640762532,2.359237468,0
14.24174483,9.85831393,10.17081357,8,Malay,FALSE,0.900027707,3.099972293,0
13.20709615,8.546456129,40.79092219,9,Malay,FALSE,1.937232929,2.062767071,0
14.69998694,9.783599923,1.94585251,8,Malay,TRUE,0.629697619,3.370302381,0
10.45467086,6.268222986,30.62367553,9,English,TRUE,1.548018123,2.451981877,0
10.26001898,6.501377409,13.13897138,8,Malay,FALSE,0.925579677,3.074420323,0
13.38100913,6.986200665,56.99967262,9,Mandarin,TRUE,2.463661185,1.536338815,0
11.33311957,7.322933785,42.63191298,8,Mandarin,FALSE,1.927624299,2.072375701,0
13.39585816,9.487023583,45.31691321,9,Mandarin,TRUE,2.099392591,1.900607409,0
13.61735087,9.439312275,42.32100795,9,Mandarin,FALSE,2.001266897,1.998733103,0
11.52240572,8.289800816,39.95372723,9,English,FALSE,1.889912973,2.110087027,0
14.76334054,6.161508906,8.2828803,9,English,FALSE,0.845344504,3.154655496,0
13.87370443,6.201886409,59.84570191,8,English,TRUE,2.515612639,1.484387361,0
11.83677552,8.158716337,39.44253505,9,Mandarin,FALSE,1.874706087,2.125293913,0
12.06059331,7.516939899,53.84274245,9,English,FALSE,2.350533414,1.649466586,0
13.57935725,6.292664047,30.22836063,9,English,TRUE,1.566332234,2.433667766,0
11.52018374,5.841186094,17.15826594,9,Mandarin,TRUE,1.105555896,2.894444104,0
11.4768759,8.613127279,26.23376123,8,Malay,TRUE,1.395358739,2.604641261,0
13.12454769,9.066158524,23.94956606,8,English,FALSE,1.340225931,2.659774069,0
10.6739714,6.306524414,0.957562543,9,English,FALSE,0.56172371,3.43827629,0
14.96671349,7.124612598,40.49628827,8,Malay,TRUE,1.890789536,2.109210464,0
11.43618661,8.567470862,44.25884007,9,English,FALSE,2.035331244,1.964668756,0
11.91357233,7.346108644,2.454767262,9,Mandarin,FALSE,0.634422385,3.365577615,0
11.12132513,9.806285351,14.75660213,8,Malay,TRUE,1.021162842,2.978837158,0
13.21748018,5.647996056,39.86617846,9,English,FALSE,1.877527378,2.122472622,0
10.30244315,9.271738672,19.3136877,9,English,TRUE,1.199531408,2.800468592,0
14.63904328,6.530367126,56.03098976,8,English,TRUE,2.399393763,1.600606237,0
11.51992688,8.435234487,6.755751324,8,English,FALSE,0.744743324,3.255256676,0
14.63687632,6.268475157,55.68521503,9,Mandarin,FALSE,2.425227349,1.574772651,0
11.26769599,9.832348175,54.83756547,9,Malay,FALSE,2.398919291,1.601080709,0
12.56894083,5.250671322,57.34593588,9,Mandarin,FALSE,2.449727318,1.550272682,0
13.47585841,7.567856734,4.633663418,9,Mandarin,TRUE,0.724892599,3.275107401,0
13.0631344,9.552566384,16.34408486,9,English,TRUE,1.130959836,2.869040164,0
12.56246282,7.349202287,15.07919593,9,English,FALSE,1.061756515,2.938243485,0
13.94266356,9.201731294,53.11762395,9,English,FALSE,2.362031414,1.637968586,0
12.35247019,9.749143184,48.43057644,9,Malay,FALSE,2.195368682,1.804631318,0
11.66587221,5.339175643,9.533683997,8,Mandarin,FALSE,0.807839945,3.192160055,0
13.59296464,7.444036548,8.488677867,8,Mandarin,TRUE,0.813325941,3.186674059,0
14.68635773,8.432112754,28.44787201,9,Mandarin,FALSE,1.539447105,2.460552895,0
13.00692688,9.16088745,10.40036698,9,Malay,FALSE,0.928357043,3.071642957,0
11.39854664,5.815778232,28.55402887,9,English,FALSE,1.483944211,2.516055789,0
13.81404403,7.833925338,50.68167703,9,English,TRUE,2.265868928,1.734131072,0
13.80962392,5.814608903,29.99485523,9,Malay,TRUE,1.556070836,2.443929164,0
11.33432063,8.776984015,43.46671061,8,Malay,FALSE,1.9700034,2.0299966,0
11.92315136,6.423185436,15.00430778,8,English,FALSE,1.003606961,2.996393039,0
10.70472414,6.344090107,15.94725847,8,Mandarin,FALSE,1.022063425,2.977936575,0
10.39833789,8.849009163,35.6269899,9,English,TRUE,1.7400398,2.2599602,0
14.03681361,9.210037589,51.14578833,8,Malay,FALSE,2.257328123,1.742671877,0
11.86288127,6.716681631,31.86660795,9,Malay,TRUE,1.608015894,2.391984106,0
11.4065598,7.50551254,11.8968764,9,English,FALSE,0.94568327,3.05431673,0
11.2804566,8.467302763,13.06990267,8,Mandarin,FALSE,0.953141016,3.046858984,0
10.37402803,8.725850826,37.02089188,8,Malay,FALSE,1.745028518,2.254971482,0
14.92431369,8.850590035,6.203593571,9,Malay,TRUE,0.80453549,3.19546451,0
11.83522784,6.951938777,3.928626393,8,Malay,FALSE,0.638825879,3.361174121,0
10.82124706,7.681709306,6.167569861,9,English,TRUE,0.750615226,3.249384774,0
14.32070175,5.547735578,23.54066982,8,English,FALSE,1.303373367,2.696626633,0
13.61559922,9.742758305,21.2622134,8,Malay,FALSE,1.262324022,2.737675978,0
13.31310407,8.507079417,0.128795548,9,English,TRUE,0.58249502,3.41750498,0
11.48607357,6.877763026,9.700323634,9,Mandarin,FALSE,0.866982487,3.133017513,0
12.07729454,6.948061749,20.85072598,8,English,FALSE,1.205277762,2.794722238,0
14.20543668,5.452420408,25.79763669,9,Malay,FALSE,1.416499794,2.583500206,0
13.19948619,7.284615835,24.13783455,8,Mandarin,FALSE,1.329435505,2.670564495,0
11.72826054,8.365119735,19.17708165,8,English,TRUE,1.160169858,2.839830142,0
10.54639909,9.762772702,48.71528255,8,Malay,TRUE,2.14693447,1.85306553,0
14.50135216,8.237931923,24.96121884,8,Malay,TRUE,1.379433469,2.620566531,0
14.77768727,8.253557345,38.66838378,9,Mandarin,FALSE,1.879258572,2.120741428,0
13.59397462,8.932069574,49.94961951,9,English,TRUE,2.250247759,1.749752241,0
13.45695905,7.549025279,51.22313713,9,English,FALSE,2.277497748,1.722502252,0
12.68855019,5.16069442,51.42097863,8,English,FALSE,2.212525067,1.787474933,0
14.85755218,9.449287374,29.67883566,9,English,TRUE,1.592362918,2.407637082,0
13.47075229,7.012356847,39.67927357,9,Mandarin,FALSE,1.887473544,2.112526456,0
10.38367177,9.923323738,18.88026245,8,Malay,FALSE,1.152412037,2.847587963,0
10.45864697,7.031889351,51.71064829,9,Malay,TRUE,2.258593639,1.741406361,0
14.8178625,8.341672501,12.79858238,8,Malay,TRUE,0.978214763,3.021785237,0
14.71639741,7.299367611,47.26228698,9,English,FALSE,2.155567216,1.844432784,0
12.78917911,6.162097333,28.18723997,8,English,FALSE,1.44908743,2.55091257,0
11.07070382,9.65385759,17.92722487,8,English,FALSE,1.124819776,2.875180224,0
12.91752879,8.135951402,22.7794959,9,English,FALSE,1.329851332,2.670148668,0
13.81771927,7.25260853,35.29616975,9,Malay,FALSE,1.74724227,2.25275773,0
10.04141162,5.720837405,55.79900717,9,Malay,TRUE,2.377589396,1.622410604,0
14.11406295,9.995535358,5.852579174,9,Mandarin,FALSE,0.796181956,3.203818044,0
12.32398613,9.475728028,55.1686426,8,Mandarin,TRUE,2.376951895,1.623048105,0
12.31581984,7.113925399,48.94251116,8,English,TRUE,2.145714491,1.854285509,0
12.17153381,5.857286545,35.23940648,9,Mandarin,FALSE,1.714935086,2.285064914,0
13.45923047,5.148433025,7.820983632,8,Malay,FALSE,0.766776089,3.233223911,0
11.04730749,5.759175804,48.74731597,9,Malay,TRUE,2.152975365,1.847024635,0
13.03330218,7.672145704,41.43791249,8,Malay,FALSE,1.908318228,2.091681772,0
10.22048389,9.078961729,29.83912103,9,Malay,TRUE,1.547631824,2.452368176,0
14.05674693,6.817608528,53.15203571,9,English,TRUE,2.340478078,1.659521922,0
14.07721759,7.169906324,39.86726445,8,English,FALSE,1.861380054,2.138619946,0
11.55939977,7.36635964,17.31798183,8,Mandarin,TRUE,1.086523655,2.913476345,0
10.52709713,5.08788204,2.617198612,8,English,TRUE,0.563389745,3.436610255,0
13.73874478,5.885204957,45.56004204,8,Mandarin,FALSE,2.034907565,1.965092435,0
12.35107206,7.504543948,15.3281537,9,Malay,FALSE,1.069494617,2.930505383,0
14.62483487,6.396967192,16.83117661,9,Mandarin,FALSE,1.131257241,2.868742759,0
11.76742321,7.616614728,26.98282628,8,English,TRUE,1.413267922,2.586732078,0
14.20754515,5.540500424,44.99805929,8,English,FALSE,2.017415766,1.982584234,0
10.12661444,9.014076417,55.45919016,8,Malay,FALSE,2.360046581,1.639953419,0
13.86396907,8.918722238,12.97631306,9,English,FALSE,1.020370682,2.979629318,0
13.39124938,8.349295221,52.92097564,9,Malay,FALSE,2.341437967,1.658562033,0
12.63133842,7.657199302,36.26235146,8,English,FALSE,1.731630426,2.268369574,0
14.55212942,6.949418027,51.33474606,9,Malay,FALSE,2.286173677,1.713826323,0
14.71005594,8.413266791,50.89246932,8,Mandarin,FALSE,2.247648871,1.752351129,0
14.64842581,8.909095437,23.54304933,9,Mandarin,TRUE,1.380343523,2.619656477,0
12.98901465,9.042962062,40.6880288,9,Malay,FALSE,1.936587394,2.063412606,0
12.59698226,6.737903654,56.79637906,8,Mandarin,TRUE,2.406561495,1.593438505,0
11.34486022,5.969743942,40.34306968,8,English,TRUE,1.837915031,2.162084969,0
10.81035176,6.709154801,27.48955946,9,Malay,TRUE,1.451513714,2.548486286,0
12.78547255,5.038625875,22.31768229,8,Mandarin,FALSE,1.242163727,2.757836273,0
10.74248362,7.116136659,8.598815372,9,Mandarin,TRUE,0.825213382,3.174786618,0
10.86057832,6.367410411,59.92780237,9,English,FALSE,2.5298733,1.4701267,0
11.78371499,8.950199624,39.46910811,8,Mandarin,FALSE,1.842976083,2.157023917,0
10.93373521,8.374061699,16.59342052,8,Mandarin,FALSE,1.066191987,2.933808013,0
12.50864071,5.129922689,4.466922444,9,Malay,FALSE,0.685283049,3.314716951,0
13.31874743,5.721434442,45.2351754,8,English,TRUE,2.018240999,1.981759001,0
13.48950288,7.710956695,51.30429477,9,Mandarin,FALSE,2.282147755,1.717852245,0
12.66389005,8.090486436,25.66779738,8,Malay,TRUE,1.383137011,2.616862989,0
12.60899521,8.844397668,57.3648788,9,Mandarin,TRUE,2.486696556,1.513303444,0
12.37405564,9.841428605,19.70880882,8,Malay,TRUE,1.199115137,2.800884863,0
11.22632607,8.509598615,45.36366682,9,English,FALSE,2.069481474,1.930518526,0
13.27121416,7.72448416,15.77894639,8,English,FALSE,1.055921863,2.944078137,0
13.28514595,7.072126512,20.15623208,9,English,TRUE,1.235447127,2.764552873,0
11.27902505,8.690964821,36.32342084,8,Mandarin,TRUE,1.730480593,2.269519407,0
13.50284511,9.673756984,2.199971289,9,Mandarin,FALSE,0.665098397,3.334901603,0
14.29002666,7.114546212,12.64916178,8,Malay,TRUE,0.955684455,3.044315545,0
12.973547,7.923163809,10.58074565,9,English,TRUE,0.92165863,3.07834137,0
10.58769811,6.035172021,19.67926484,8,English,FALSE,1.142204196,2.857795804,0
11.63630354,9.28733452,46.64788845,8,Malay,TRUE,2.084165996,1.915834004,0
10.46393971,8.567633672,54.45609232,9,Malay,TRUE,2.365518811,1.634481189,0
11.51015547,6.773536198,0.760353366,8,Mandarin,TRUE,0.528182029,3.471817971,0
11.05972122,9.370238438,15.43453663,8,English,TRUE,1.038784151,2.961215849,0
12.77314433,9.854235117,1.523336703,9,Mandarin,FALSE,0.637051685,3.362948315,0
12.11772245,6.442600046,51.67460012,9,Malay,TRUE,2.268089896,1.731910104,0
13.61342041,5.933147557,11.9240127,8,English,TRUE,0.91293277,3.08706723,0
11.8152116,9.159460848,46.2418657,8,Malay,FALSE,2.071142248,1.928857752,0
10.77360325,7.91215179,1.998299435,8,Malay,FALSE,0.573467532,3.426532468,0
11.18012458,9.4218413,23.90304737,8,English,FALSE,1.322787905,2.677212095,0
12.72891595,6.737589459,21.51748966,9,Mandarin,TRUE,1.271914709,2.728085291,0
12.24927418,7.906270493,19.76004292,8,Malay,TRUE,1.180223544,2.819776456,0
10.21304304,7.886059642,34.21059906,9,Malay,FALSE,1.681344329,2.318655671,0
11.0497275,5.941159189,23.47853425,8,Malay,FALSE,1.272526675,2.727473325,0
11.48368243,9.959658483,24.19383429,8,Mandarin,FALSE,1.340894552,2.659105448,0
13.62679772,8.320296465,11.35220794,8,Mandarin,TRUE,0.917877873,3.082122127,0
13.65213476,8.320726767,24.87033931,9,Mandarin,FALSE,1.408739926,2.591260074,0
13.48993807,6.484348198,44.46546786,8,English,FALSE,2.001925125,1.998074875,0
14.09230733,8.251911248,19.3852247,8,Mandarin,TRUE,1.189616342,2.810383658,0
14.3693986,9.164880286,51.4251079,8,Malay,FALSE,2.269513052,1.730486948,0
10.35554116,9.067512556,9.967884594,8,Malay,TRUE,0.846493357,3.153506643,0
12.46528652,9.598625131,50.79799424,8,English,TRUE,2.233905591,1.766094409,0
10.74479642,5.743390575,36.94601309,9,Mandarin,TRUE,1.75641564,2.24358436,0
11.77030065,5.914137154,25.42663919,8,English,FALSE,1.344399018,2.655600982,0
13.31598526,8.550843584,2.114203593,8,Malay,TRUE,0.609141742,3.390858258,0
13.00829361,9.038693255,7.594067064,9,Mandarin,TRUE,0.833605437,3.166394563,0
10.64279808,8.37155034,24.8555034,9,English,TRUE,1.378660264,2.621339736,0
13.78540793,5.714290867,52.67568465,9,Mandarin,FALSE,2.310853143,1.689146857,0
13.93508377,7.974741974,57.40989022,9,Mandarin,FALSE,2.492761265,1.507238735,0
10.69591939,8.741907213,55.78059799,8,Malay,FALSE,2.373731532,1.626268468,0
13.07829528,5.684902638,16.44495769,9,Malay,FALSE,1.095797236,2.904202764,0
14.72614652,5.279171149,15.39214131,9,Malay,FALSE,1.073124554,2.926875446,0
10.46970423,6.273990066,44.37082318,9,English,TRUE,2.006464382,1.993535618,0
10.82303386,5.45375904,56.43317163,8,English,FALSE,2.36387365,1.63612635,0
13.82762281,5.742696895,8.00076667,8,English,FALSE,0.782395419,3.217604581,0
11.6846285,6.016869937,22.65502908,9,Mandarin,FALSE,1.29218262,2.70781738,0
14.77785803,7.653459043,50.18403842,8,Mandarin,FALSE,2.217114451,1.782885549,0
13.12181521,5.779292906,29.51920564,8,Malay,TRUE,1.492984602,2.507015398,0
12.4160016,8.023410853,50.54178407,8,Mandarin,TRUE,2.20912026,1.79087974,0
11.68831756,6.453301485,7.005155064,9,Mandarin,FALSE,0.774921359,3.225078641,0
11.19562368,6.552774744,46.62173405,8,Malay,TRUE,2.051541786,1.948458214,0
13.25010401,9.836992687,23.37630677,8,English,FALSE,1.330081193,2.669918807,0
12.96014481,9.025762754,41.58325632,8,Malay,FALSE,1.92596762,2.07403238,0
11.7895641,7.120712185,17.58917105,9,Mandarin,FALSE,1.135408465,2.864591535,0
14.58888373,7.237271658,41.51395726,8,Malay,TRUE,1.922060129,2.077939871,0
13.80901948,5.573963239,42.12626024,9,Mandarin,TRUE,1.958038502,2.041961498,0
11.30033688,9.222707969,25.16022698,8,Malay,FALSE,1.363904681,2.636095319,0
14.71682986,5.019945,58.15121124,9,Mandarin,FALSE,2.495741457,1.504258543,0
13.77769546,5.722403042,0.029338074,8,Mandarin,TRUE,0.515978921,3.484021079,0
14.48553464,7.670321118,40.45244485,8,Malay,FALSE,1.889973386,2.110026614,0
10.68109982,5.942141656,54.52316663,9,Mandarin,TRUE,2.343671302,1.656328698,0
10.16498381,8.163900685,51.44901246,9,Mandarin,FALSE,2.258255927,1.741744073,0
12.46459133,5.018202253,33.88306189,8,Mandarin,TRUE,1.624263332,2.375736668,0
12.24076434,5.492060415,53.74516457,8,Malay,TRUE,2.288833733,1.711166267,0
14.34901977,8.823417394,6.475950772,8,English,TRUE,0.767589397,3.232410603,0
10.86072717,7.882607415,32.60879692,8,English,TRUE,1.594393243,2.405606757,0
10.11791109,5.09729079,58.87864541,9,Malay,FALSE,2.474773532,1.525226468,0
12.64623899,6.029071034,59.49341848,8,Malay,FALSE,2.489867049,1.510132951,0
10.88783054,6.194816668,40.74954153,8,English,TRUE,1.849144523,2.150855477,0
10.24754493,9.24530286,10.05910091,9,Malay,TRUE,0.890231842,3.109768158,0
10.11103228,7.912687533,6.775476878,9,Mandarin,TRUE,0.766086427,3.233913573,0
10.71216828,7.707123785,55.34672318,8,Malay,TRUE,2.349083693,1.650916307,0
11.87928292,5.433500193,52.83950823,9,English,TRUE,2.294444772,1.705555228,0
14.41984164,8.28472365,18.9240619,9,Mandarin,TRUE,1.217847716,2.782152284,0
13.80287305,5.779445259,55.89368662,8,English,TRUE,2.37894607,1.62105393,0
12.65084119,7.608706791,7.831583854,9,English,FALSE,0.823648275,3.176351725,0
12.15172383,7.963177066,17.66947612,9,Mandarin,FALSE,1.150131546,2.849868454,0
12.27899538,9.209380632,38.64758217,9,English,FALSE,1.863136499,2.136863501,0
14.42322207,9.032235318,10.24019252,9,English,TRUE,0.935894325,3.064105675,0
13.62315565,5.950528063,59.34382018,8,English,TRUE,2.493864176,1.506135824,0
10.86006257,9.580958702,13.3540651,9,English,FALSE,1.009545716,2.990454284,0
14.69865944,5.013772665,14.71923695,9,Malay,FALSE,1.047765553,2.952234447,0
13.86457527,6.650628105,28.47578905,9,English,FALSE,1.514345002,2.485654998,0
10.17078037,5.331832333,46.70997473,9,Malay,TRUE,2.072025285,1.927974715,0
12.51128514,8.604824698,7.229468278,8,English,FALSE,0.772143374,3.227856626,0
13.26390898,7.501124559,40.04667638,8,English,TRUE,1.862539548,2.137460452,0
10.30494502,5.874715484,5.962283638,9,Malay,FALSE,0.720539393,3.279460607,0
11.76530088,5.425654114,5.683270739,9,Mandarin,TRUE,0.721351908,3.278648092,0
13.24151231,6.130421094,2.483727205,8,Mandarin,TRUE,0.596510241,3.403489759,0
14.08043837,9.603757235,32.6771192,9,Mandarin,TRUE,1.686079263,2.313920737,0
14.88568948,8.388273693,26.15814491,8,English,TRUE,1.424677795,2.575322205,0
10.60815226,6.211203413,18.44134056,8,Mandarin,TRUE,1.102904909,2.897095091,0
13.16201195,9.468723093,31.62668104,9,English,FALSE,1.640530052,2.359469948,0
14.46394842,5.68247336,30.11092663,9,English,TRUE,1.565161772,2.434838228,0
13.5845893,8.442209653,28.43288299,9,Mandarin,FALSE,1.528030756,2.471969244,0
13.16199815,7.124227285,10.3470908,8,Malay,FALSE,0.867765281,3.132234719,0
11.07210988,6.341580714,53.81703341,8,Malay,FALSE,2.28803802,1.71196198,0
14.07648662,6.311537172,37.2014791,9,Malay,FALSE,1.803929541,2.196070459,0
12.81245692,7.504016732,7.637485966,9,Malay,TRUE,0.817747602,3.182252398,0
10.55708115,9.657466945,15.32775729,8,Mandarin,TRUE,1.033070724,2.966929276,0
14.67800871,8.711621096,45.87511771,9,Mandarin,TRUE,2.123066889,1.876933111,0
14.94195369,8.310593813,46.58468883,8,Mandarin,TRUE,2.105348436,1.894651564,0
12.68836232,9.377604387,43.5443823,9,Mandarin,TRUE,2.032139077,1.967860923,0
13.88239547,7.851679469,47.42797591,8,Malay,FALSE,2.11827328,1.88172672,0
12.91656353,5.959678929,35.89214682,8,English,TRUE,1.705167319,2.294832681,0
12.11102872,9.885834003,17.32624902,9,Mandarin,TRUE,1.157510261,2.842489739,0
12.04554017,7.673720033,21.45979498,9,Mandarin,FALSE,1.272519101,2.727480899,0
14.82157149,6.576464814,30.57830926,9,Malay,FALSE,1.593257338,2.406742662,0
11.84393248,8.890853161,14.76137562,8,Malay,FALSE,1.01939371,2.98060629,0
12.45227094,7.319978203,51.19882334,9,Mandarin,TRUE,2.264349936,1.735650064,0
11.24245393,5.06230849,44.81730248,8,English,FALSE,1.976957707,2.023042293,0
11.26641027,6.599731626,58.80036659,8,Mandarin,TRUE,2.458673639,1.541326361,0
11.78113548,7.285969613,24.91543772,8,Malay,FALSE,1.341185642,2.658814358,0
14.62388818,6.863102151,52.24592933,8,Malay,TRUE,2.276400881,1.723599119,0
11.98269027,7.758725609,46.7475416,9,Malay,TRUE,2.115665546,1.884334454,0
12.76144754,5.916798405,49.91628349,8,Malay,FALSE,2.170658576,1.829341424,0
12.72876733,7.862179472,41.28890878,9,Malay,TRUE,1.942206427,2.057793573,0
12.91575629,9.932616455,20.94209393,9,Malay,TRUE,1.286553525,2.713446475,0
14.10021717,8.769060125,14.63538226,8,Mandarin,FALSE,1.036538848,2.963461152,0
14.50600704,8.422746412,16.33873608,8,English,TRUE,1.093912071,2.906087929,0
11.04373434,6.003050285,34.01913232,8,English,FALSE,1.624438923,2.375561077,0
14.30223641,7.908869706,52.77925424,8,Malay,TRUE,2.301419536,1.698580464,0
12.73853564,9.098375778,26.94491214,9,Mandarin,FALSE,1.476532852,2.523467148,0
14.62234765,6.203192208,35.93094911,8,Mandarin,FALSE,1.725953702,2.274046298,0
14.58078287,5.43392437,44.02805674,8,Malay,TRUE,1.987748964,2.012251036,0
11.94716646,8.308823518,51.31592582,8,Malay,FALSE,2.233090761,1.766909239,0
13.2593837,8.367940755,38.90908996,8,Malay,TRUE,1.83324291,2.16675709,0
14.35705594,9.021945435,37.75837816,8,Mandarin,TRUE,1.812402619,2.187597381,0
11.92354437,8.147823772,59.25554529,9,Mandarin,TRUE,2.535898524,1.464101476,0
10.21912686,9.24034578,51.7449475,8,English,FALSE,2.23942631,1.76057369,0
11.79903923,6.33048464,44.00506445,8,English,TRUE,1.96813072,2.03186928,0
11.82702081,5.176414945,49.91653007,9,English,FALSE,2.193918693,1.806081307,0
14.033728,8.663952998,59.99370248,9,English,FALSE,2.586766893,1.413233107,0
11.5481174,6.92969774,30.34316388,8,English,FALSE,1.516216947,2.483783053,0
14.46991848,6.048149056,42.3319816,9,Malay,TRUE,1.976246729,2.023753271,0
12.74320769,5.258190623,48.80466952,9,Mandarin,TRUE,2.1668363,1.8331637,0
12.93077092,8.776880707,26.65145554,9,English,FALSE,1.465458368,2.534541632,0
14.03503774,9.131615946,57.29622431,8,Malay,TRUE,2.46154068,1.53845932,0
10.67287615,6.945114329,22.93302783,8,Mandarin,FALSE,1.260614166,2.739385834,0
10.08970811,9.425465289,14.5842871,9,English,FALSE,1.041294637,2.958705363,0
10.28307338,7.077782992,40.62549084,8,Malay,TRUE,1.847791592,2.152208408,0
10.15331767,9.757740144,4.844868769,8,English,FALSE,0.680606204,3.319393796,0
13.4994744,9.916044214,7.598551163,9,English,TRUE,0.847440225,3.152559775,0
11.22485544,9.088132007,58.22890736,8,Mandarin,FALSE,2.464093453,1.535906547,0
14.28711054,6.281164197,16.89904116,8,Malay,TRUE,1.088984119,2.911015881,0
14.41437509,6.831623019,1.988845698,8,Mandarin,TRUE,0.598754838,3.401245162,0
11.78043487,7.66327529,28.47861111,8,English,TRUE,1.463724139,2.536275861,0
10.97412678,6.643402505,52.04065501,8,English,FALSE,2.230863793,1.769136207,0
12.49405987,9.094648984,19.99894902,8,English,TRUE,1.202518723,2.797481277,0
14.07904185,9.637740802,25.15942647,8,Mandarin,FALSE,1.395815376,2.604184624,0
13.42445987,9.92893856,9.410923261,8,English,TRUE,0.867231426,3.132768574,0
10.12871128,6.681489063,20.76556966,9,Malay,TRUE,1.220287659,2.779712341,0
10.03575276,6.351220352,57.92478634,8,English,FALSE,2.414695942,1.585304058,0
10.56901764,5.805339407,52.63270134,9,Mandarin,FALSE,2.278166948,1.721833052,0
11.68386903,5.237312655,44.39104507,9,English,FALSE,2.008913319,1.991086681,0
12.68441105,5.885073908,47.17309075,8,Malay,TRUE,2.078131208,1.921868792,0
14.08792472,6.422541429,40.1608647,8,Malay,TRUE,1.863800151,2.136199849,0
10.71396381,6.955312229,7.077145483,9,Mandarin,TRUE,0.77259761,3.22740239,0
10.76239508,5.548554298,7.046747111,9,English,TRUE,0.758001064,3.241998936,0
14.31815198,9.101173833,32.23121185,9,Mandarin,TRUE,1.668566987,2.331433013,0
14.62012462,8.095190827,35.72705479,8,Malay,TRUE,1.738054981,2.261945019,0
12.75644701,7.813172411,58.30931994,9,Mandarin,TRUE,2.509340192,1.490659808,0
13.92446302,7.726378033,27.07055458,9,English,TRUE,1.47886023,2.52113977,0
11.71335559,6.449794054,55.04865903,8,English,TRUE,2.336586797,1.663413203,0
14.73133441,9.687714551,59.42012498,8,Malay,FALSE,2.544861322,1.455138678,0
14.52440226,6.158671423,50.67007412,9,Malay,TRUE,2.255833207,1.744166793,0
14.24802473,8.343387682,23.93882983,8,Malay,TRUE,1.343875119,2.656124881,0
10.06490795,6.265536692,45.20628014,8,Malay,FALSE,1.990180451,2.009819549,0
12.61649042,9.94809839,32.72770879,8,Malay,FALSE,1.636569514,2.363430486,0
10.13330901,9.55831704,11.92901721,9,English,TRUE,0.954550168,3.045449832,0
13.38722777,6.322782798,7.782098879,8,English,FALSE,0.776503402,3.223496598,0
10.91721815,9.937352135,4.204971995,9,English,TRUE,0.708711436,3.291288564,0
13.1973998,8.129797013,19.5859893,8,Mandarin,TRUE,1.186138278,2.813861722,0
10.48979297,8.642769907,41.32565174,8,Mandarin,FALSE,1.888847353,2.111152647,0
13.78308075,6.414579783,54.83137464,8,Malay,TRUE,2.349689093,1.650310907,0
13.63223995,6.079844482,19.22625267,9,English,TRUE,1.197995933,2.802004067,0
10.02304942,9.290345259,31.86128683,8,Malay,FALSE,1.575176841,2.424823159,0
13.96026585,6.375957945,28.12870422,9,English,FALSE,1.500985712,2.499014288,0
10.81893662,9.587646934,6.525790047,9,English,FALSE,0.78159217,3.21840783,0
10.54645069,6.833227996,45.61673269,8,English,FALSE,2.014354543,1.985645457,0
12.50123603,5.045736855,31.16230382,8,English,FALSE,1.53421319,2.46578681,0
12.95045609,7.960815064,55.03850168,8,English,TRUE,2.363729434,1.636270566,0
10.51552905,6.768132056,50.12695255,8,English,TRUE,2.16373503,1.83626497,0
11.52374287,9.87986796,16.69639946,9,English,FALSE,1.130582757,2.869417243,0
12.03897451,6.933584089,18.75716349,9,Mandarin,TRUE,1.174964369,2.825035631,0
14.71808009,6.572342074,32.21916324,9,Mandarin,TRUE,1.646876329,2.353123671,0
11.25661129,7.831973317,7.508760411,9,Malay,TRUE,0.80117786,3.19882214,0
11.30244023,8.649438422,15.06714927,9,English,TRUE,1.061757096,2.938242904,0
13.29697614,9.832582954,49.26557986,8,Malay,TRUE,2.193481586,1.806518414,0
13.63576246,5.348074067,9.1802517,8,Mandarin,TRUE,0.815846755,3.184153245,0
10.05411079,7.097543098,32.7744967,9,English,FALSE,1.623999762,2.376000238,0
10.67015426,8.318387973,23.63793419,8,Mandarin,FALSE,1.297816562,2.702183438,0
11.78845518,5.024844484,12.05585341,9,Mandarin,TRUE,0.929994777,3.070005223,0
13.16005504,7.445164286,58.18642189,8,Malay,TRUE,2.465599589,1.534400411,0
10.67059507,9.032658499,49.50740719,8,English,TRUE,2.167279442,1.832720558,0
11.78474558,5.254358247,16.0010132,8,Malay,FALSE,1.023758145,2.976241855,0
10.40101307,6.702734396,47.11694476,9,English,TRUE,2.1016023,1.8983977,0
12.85556917,7.004591599,0.385064824,8,English,TRUE,0.531437102,3.468562898,0
12.13182665,8.581423904,16.65394711,9,English,TRUE,1.122264076,2.877735924,0
13.94040614,6.47859485,6.479884286,8,Mandarin,TRUE,0.740186153,3.259813847,0
12.8694422,6.231338811,25.44491355,9,Mandarin,FALSE,1.399171595,2.600828405,0
13.29553784,5.57751941,38.27477301,8,Malay,FALSE,1.78455634,2.21544366,0
13.35579155,9.979397647,10.27865449,9,Malay,TRUE,0.935973708,3.064026292,0
12.94804296,7.358330945,14.34442564,8,Malay,TRUE,1.00121126,2.99878874,0
10.08046021,5.241058794,23.56223922,9,Mandarin,TRUE,1.298623164,2.701376836,0
14.16029641,5.38266473,37.8465548,8,Mandarin,TRUE,1.776981438,2.223018562,0
14.58349791,5.639770653,18.64358107,9,English,TRUE,1.183685388,2.816314612,0
12.67120131,6.058722173,36.09017109,9,English,FALSE,1.750304938,2.249695062,0
10.56079148,8.70212626,20.95500802,8,Malay,FALSE,1.211129445,2.788870555,0
13.27350772,7.793441047,15.47166828,9,English,FALSE,1.086391764,2.913608236,0
11.81865142,8.883297092,51.3029925,8,English,FALSE,2.237119235,1.762880765,0
10.36640037,5.099091122,22.97849962,9,Mandarin,TRUE,1.280604902,2.719395098,0
14.27103542,6.325579889,55.10245528,9,Mandarin,FALSE,2.402714663,1.597285337,0
13.55856677,7.027628131,18.33447887,9,Mandarin,FALSE,1.177011245,2.822988755,0
14.02412538,7.145068663,32.57232976,9,Malay,TRUE,1.657436266,2.342563734,0
13.98063352,5.267800586,3.215769492,9,Mandarin,TRUE,0.659676657,3.340323343,0
11.78839167,7.557601611,40.81638536,8,Malay,TRUE,1.874006111,2.125993889,0
12.41106505,6.433117707,47.72836248,9,English,FALSE,2.139387243,1.860612757,0
11.16827226,5.957365436,58.28481966,8,English,TRUE,2.434083699,1.565916301,0
13.77448268,8.355807697,50.19668426,8,English,FALSE,2.214525713,1.785474287,0
12.61980868,5.419247653,18.75118773,8,English,FALSE,1.125430154,2.874569846,0
13.25002783,9.335038042,33.39616304,9,Mandarin,TRUE,1.699056093,2.300943907,0
11.7831115,9.49912672,35.51243276,8,English,TRUE,1.716570141,2.283429859,0
13.39591265,6.627682359,3.407147416,8,Mandarin,FALSE,0.633807531,3.366192469,0
13.35602349,9.934498181,4.359416522,9,English,FALSE,0.738219101,3.261780899,0
13.85079306,7.006333238,19.54839779,9,English,TRUE,1.220184523,2.779815477,0
10.77718746,9.811576538,44.66544091,9,Mandarin,FALSE,2.05473567,1.94526433,0
13.11834188,9.934392195,17.1320197,9,Malay,FALSE,1.161594664,2.838405336,0
14.39738177,9.134551091,52.44751387,8,Mandarin,FALSE,2.303569791,1.696430209,0
10.47080611,5.624153656,38.69943558,9,Malay,FALSE,1.810930784,2.189069216,0
14.80373335,7.922096391,28.08828266,8,Mandarin,FALSE,1.483534386,2.516465614,0
11.03891562,8.659600626,32.43352204,8,Malay,TRUE,1.598102564,2.401897436,0
14.68273175,5.387322586,19.8857408,9,Malay,FALSE,1.22355857,2.77644143,0
14.34009956,9.468209382,58.43494009,9,Mandarin,TRUE,2.545914426,1.454085574,0
13.85094068,9.259023111,10.55735948,9,Malay,FALSE,0.94301162,3.05698838,0
11.04717095,9.669282092,51.62380925,8,Mandarin,TRUE,2.247958172,1.752041828,0
11.08219001,7.571480454,40.68904258,9,Malay,FALSE,1.902838124,2.097161876,0
11.29652429,6.621523136,42.69369851,9,English,FALSE,1.962303758,2.037696242,0
14.05228216,7.531724171,50.14865046,9,English,TRUE,2.247461745,1.752538255,0
10.93844643,8.646776171,8.173391036,9,English,TRUE,0.828298594,3.171701406,0
12.90420388,7.081025906,41.70964799,8,Mandarin,FALSE,1.910173897,2.089826103,0
13.88764522,6.758813861,46.57621208,8,Malay,TRUE,2.079004993,1.920995007,0
12.30315037,5.385278605,59.07681941,9,English,TRUE,2.506111603,1.493888397,0
14.20373034,7.236182463,44.85353927,9,Mandarin,TRUE,2.069517104,1.930482896,0
12.81051499,6.964448898,57.10519316,9,Mandarin,TRUE,2.461256078,1.538743922,0
12.97562695,8.316460701,50.98401413,9,Malay,TRUE,2.272388014,1.727611986,0
13.38391655,7.193724933,52.54087881,8,Mandarin,FALSE,2.277139042,1.722860958,0
14.2298952,5.02019376,55.0152553,9,Mandarin,FALSE,2.386342733,1.613657267,0
10.02316997,7.421769062,31.86953708,9,Malay,TRUE,1.596767293,2.403232707,0
11.96277639,8.86857386,42.66119385,9,English,FALSE,1.990353298,2.009646702,0
14.81495758,9.726523312,7.437539607,8,Malay,FALSE,0.813332796,3.186667204,0
10.49335882,5.96477897,21.38689403,8,English,TRUE,1.197477846,2.802522154,0
11.16724257,7.112679501,52.76427158,9,English,FALSE,2.301608273,1.698391727,0
12.85465539,9.237303915,58.66090487,9,English,FALSE,2.536283089,1.463716911,0
14.28939872,5.214231359,6.700168865,8,English,TRUE,0.738375263,3.261624737,0
10.48601666,6.749476633,35.16772879,9,Mandarin,TRUE,1.704612559,2.295387441,0
10.02015203,7.955404169,44.07587986,9,English,FALSE,2.008951557,1.991048443,0
13.43510924,6.712580274,30.96477851,9,Mandarin,FALSE,1.593636179,2.406363821,0
12.98651024,7.446931446,13.97772255,9,Malay,TRUE,1.030258502,2.969741498,0
11.35530252,9.695538507,2.503141441,8,English,FALSE,0.613946458,3.386053542,0
14.78807459,5.119632502,57.08984133,8,English,FALSE,2.422071782,1.577928218,0
12.7957495,5.389573267,14.20976261,8,English,FALSE,0.975511981,3.024488019,0
13.31706661,5.98481502,17.94632619,9,English,TRUE,1.151229689,2.848770311,0
11.89391098,6.924495478,38.56711258,8,English,FALSE,1.793754484,2.206245516,0
14.60794102,7.353949373,25.71774521,8,Malay,FALSE,1.396877078,2.603122922,0
11.38038317,5.183357413,25.40810278,8,English,FALSE,1.332574165,2.667425835,0
13.74393764,9.412828342,4.956193574,8,Malay,TRUE,0.716774112,3.283225888,0
10.58333031,8.792949314,59.51262304,8,Malay,TRUE,2.497516897,1.502483103,0
12.68893267,6.340051535,17.06420201,8,Malay,FALSE,1.079096576,2.920903424,0
12.88894782,6.283841171,6.601125069,8,Mandarin,TRUE,0.731765392,3.268234608,0
10.94176782,5.127927255,40.89422932,9,Mandarin,TRUE,1.883837928,2.116162072,0
11.61888371,6.995660313,45.13236629,9,English,TRUE,2.05055765,1.94944235,0
10.89348598,6.272401586,1.52130185,8,Malay,FALSE,0.542368937,3.457631063,0
14.22513043,8.092099869,16.15487322,9,Malay,FALSE,1.121668077,2.878331923,0
13.2859453,7.73941531,11.6619496,8,English,TRUE,0.91898526,3.08101474,0
12.23217046,9.785665997,47.32528267,9,English,TRUE,2.157687787,1.842312213,0
12.77990125,8.976219892,11.02520851,8,Malay,TRUE,0.905068162,3.094931838,0
11.72020775,5.404323519,14.11387066,8,Mandarin,TRUE,0.961707668,3.038292332,0
12.14369663,8.521434975,59.20999618,8,Malay,FALSE,2.500317855,1.499682145,0
13.096859,5.535575589,42.12665913,9,English,TRUE,1.950546317,2.049453683,0
11.057393,6.61543885,23.25957608,9,Malay,FALSE,1.312047521,2.687952479,0
10.67048146,7.775089058,45.2315443,8,English,TRUE,2.012173848,1.987826152,0
14.72229447,7.478587962,27.98845223,9,Mandarin,TRUE,1.514957232,2.485042768,0
11.18427233,8.466673763,12.76004032,8,Malay,TRUE,0.941844138,3.058155862,0
12.47612223,9.050141752,29.27835421,9,English,FALSE,1.55120778,2.44879222,0
13.80761258,9.146927207,46.32146145,8,Malay,TRUE,2.093594113,1.906405887,0
12.78041704,5.291668808,10.70024236,8,Mandarin,FALSE,0.857395604,3.142604396,0
13.1743734,8.208278274,29.13193905,9,Malay,TRUE,1.544891152,2.455108848,0
10.81716473,9.806889732,7.159264936,8,English,TRUE,0.764882709,3.235117291,0
11.97464238,8.77510477,50.56088598,8,English,FALSE,2.212860337,1.787139663,0
13.45118377,7.599515105,49.12832537,8,Malay,TRUE,2.168117835,1.831882165,0
11.04893119,9.992698331,40.40734682,8,Malay,FALSE,1.877327856,2.122672144,0
12.41778252,5.219910273,55.2013428,9,English,TRUE,2.376421688,1.623578312,0
12.94624875,5.440764389,23.99698584,8,English,FALSE,1.303769659,2.696230341,0
13.94666398,8.840710412,7.918608996,9,Malay,FALSE,0.851827377,3.148172623,0
11.0817105,7.74873913,58.53793757,9,Mandarin,FALSE,2.499569082,1.500430918,0
14.89045967,5.622122221,30.78452821,8,English,FALSE,1.551276759,2.448723241,0
14.83713175,6.876562775,28.53090452,8,Mandarin,TRUE,1.488167096,2.511832904,0
10.0614676,5.321443158,3.82341345,8,Mandarin,FALSE,0.601276223,3.398723777,0
11.83988761,7.6321014,34.2226109,9,Mandarin,FALSE,1.695473587,2.304526413,0
10.33919758,5.520347005,38.68446501,8,English,FALSE,1.768077613,2.231922387,0
11.58623298,5.034492977,28.39128537,9,Mandarin,TRUE,1.472583438,2.527416562,0
13.03531443,6.612120635,54.6245318,8,Malay,FALSE,2.337292077,1.662707923,0
13.04368264,6.169338251,44.54264517,8,Malay,TRUE,1.996885048,2.003114952,0
10.48331881,6.810488884,2.317248589,9,Malay,TRUE,0.610179697,3.389820303,0
13.38559168,6.75228316,32.55416237,8,English,FALSE,1.606517494,2.393482506,0
14.23169412,8.150064428,59.62038962,8,Mandarin,FALSE,2.531163906,1.468836094,0
13.15582264,8.400073979,11.98486168,8,Malay,TRUE,0.935054356,3.064945644,0
11.54982971,5.636795071,37.03048682,9,Mandarin,TRUE,1.766215809,2.233784191,0
10.01247529,7.443307834,16.40970563,9,English,FALSE,1.081548019,2.918451981,0
13.24204267,9.445756808,22.28900641,8,Malay,FALSE,1.289844875,2.710155125,0
13.38876991,5.742052692,2.018069076,9,English,TRUE,0.618577195,3.381422805,0
13.54374633,9.834372605,41.27502321,9,Mandarin,FALSE,1.969615296,2.030384704,0
10.19630281,5.096725852,45.94351248,8,Mandarin,TRUE,2.004380702,1.995619298,0
12.5822388,5.498581753,46.37500451,9,English,FALSE,2.086641689,1.913358311,0
12.06715632,5.887887708,58.23256261,8,Mandarin,TRUE,2.44063586,1.55936414,0
13.83674135,7.34896615,50.27266022,9,Mandarin,TRUE,2.247612416,1.752387584,0
13.61344614,6.495762707,12.45635951,8,Mandarin,TRUE,0.936304072,3.063695928,0
14.75330415,7.090850223,13.83338713,9,Mandarin,FALSE,1.039554448,2.960445552,0
14.48755012,9.704058764,46.07939246,9,English,TRUE,2.137895837,1.862104163,0
12.79003398,6.706906181,46.61438241,8,English,TRUE,2.068782149,1.931217851,0
14.90236961,9.240580054,7.382534576,8,Mandarin,FALSE,0.807513982,3.192486018,0
10.75106405,5.364036313,0.397939555,9,Mandarin,FALSE,0.534415655,3.465584345,0
10.03579342,9.059726667,24.08282495,8,English,TRUE,1.313716032,2.686283968,0
10.53916424,9.507795653,41.68043433,8,Malay,FALSE,1.90981741,2.09018259,0
11.77555916,6.424996278,51.99986573,8,Malay,FALSE,2.235334412,1.764665588,0
13.77629682,7.735494648,9.919807645,8,Mandarin,FALSE,0.86577817,3.13422183,0
11.9153342,5.935804983,48.91746536,8,Mandarin,FALSE,2.12909357,1.87090643,0
13.90300984,5.454281649,41.06726653,9,Malay,TRUE,1.922481799,2.077518201,0
13.71392069,8.852007039,9.957316643,9,Malay,FALSE,0.917569832,3.082430168,0
13.971749,8.149149567,52.39697335,9,English,TRUE,2.327774764,1.672225236,0
10.93636156,8.761216449,55.97931704,8,Mandarin,TRUE,2.382953015,1.617046985,0
12.5801676,7.198429673,15.94841031,9,English,FALSE,1.08939965,2.91060035,0
13.56345894,6.248030968,8.921472128,8,Mandarin,TRUE,0.815497303,3.184502697,0
11.42087352,7.134249801,58.05757431,9,Mandarin,TRUE,2.48080371,1.51919629,0
14.19013209,5.323951204,1.373061762,8,English,FALSE,0.560909558,3.439090442,0
13.89655983,6.417634888,56.90397593,9,Mandarin,TRUE,2.459941145,1.540058855,0
10.59938264,6.487613789,12.97349059,9,Malay,TRUE,0.963319651,3.036680349,0
11.08943993,8.572623254,26.28781608,9,Malay,FALSE,1.432881168,2.567118832,0
11.18686698,5.265675533,18.50110927,8,English,FALSE,1.101229067,2.898770933,0
14.39238278,6.226359059,9.222486043,8,Malay,FALSE,0.83360362,3.16639638,0
10.93363436,6.383051827,21.14861848,9,Mandarin,TRUE,1.238120811,2.761879189,0
13.11048146,7.756802859,32.35486964,8,English,FALSE,1.607168498,2.392831502,0
10.32456035,6.223472356,5.629610275,9,Malay,TRUE,0.713134003,3.286865997,0
12.76252678,5.662145384,48.55064115,9,English,TRUE,2.162601427,1.837398573,0
10.70626051,6.28990382,48.0228919,9,English,FALSE,2.130724706,1.869275294,0
12.87747862,7.109414878,47.84889996,9,Mandarin,TRUE,2.154832267,1.845167733,0
11.83897862,7.627383642,41.18692566,9,Mandarin,TRUE,1.927561144,2.072438856,0
13.02841365,5.182845975,27.31574239,9,English,TRUE,1.452637342,2.547362658,0
11.97221611,6.549054258,50.02345212,8,Malay,TRUE,2.172661108,1.827338892,0
14.27147606,8.8208412,51.11093935,8,Malay,TRUE,2.254621151,1.745378849,0
13.78488865,7.988086046,17.1274198,9,English,FALSE,1.14864374,2.85135626,0
14.22351105,7.280196894,28.85701506,8,English,FALSE,1.496937581,2.503062419,0
11.11026109,7.264857936,12.17777223,8,Malay,TRUE,0.909676931,3.090323069,0
10.74407994,6.844496913,15.34742544,9,Mandarin,FALSE,1.047466617,2.952533383,0
12.78667334,6.710219872,14.33722445,9,English,TRUE,1.032876414,2.967123586,0
14.36416606,7.003179968,49.61683131,9,Mandarin,TRUE,2.227567837,1.772432163,0
10.55311978,9.346035804,15.04892798,8,Mandarin,TRUE,1.020622489,2.979377511,0
11.16944091,7.344156573,32.77883009,9,Mandarin,TRUE,1.637763645,2.362236355,0
13.72999109,8.346356991,37.69477102,8,English,TRUE,1.797255848,2.202744152,0
12.32680489,9.03924332,44.68096223,9,Malay,FALSE,2.06302589,1.93697411,0
13.01731652,7.15983304,1.740436521,8,Mandarin,FALSE,0.579786046,3.420213954,0
12.95877212,9.195825414,28.54484694,9,Mandarin,FALSE,1.533040873,2.466959127,0
12.06177481,9.963415208,17.55652213,8,Malay,TRUE,1.125469305,2.874530695,0
13.52851153,7.520806071,50.0384351,8,Malay,FALSE,2.198441013,1.801558987,0
14.26134572,7.013732537,2.204941851,8,Mandarin,TRUE,0.606248844,3.393751156,0
14.53878525,9.028981065,12.41964621,8,Mandarin,TRUE,0.96966587,3.03033413,0
10.23205799,8.245849576,18.94552432,8,English,FALSE,1.136296553,2.863703447,0
12.76803064,8.065976807,4.670484939,9,English,TRUE,0.724022906,3.275977094,0
10.20185773,9.430624779,23.72506989,8,Malay,TRUE,1.307160488,2.692839512,0
14.50465055,8.247271111,44.62610421,9,Mandarin,FALSE,2.075056024,1.924943976,0
12.14632904,8.207887091,12.73884723,8,Malay,TRUE,0.948170402,3.051829598,0
14.50262705,6.034513617,45.2681225,9,Malay,TRUE,2.074308823,1.925691177,0
10.93841705,8.441140187,31.74085256,8,English,FALSE,1.571823991,2.428176009,0
10.8118562,9.564989322,20.68343174,8,Malay,TRUE,1.21321618,2.78678382,0
14.54162071,7.881710351,22.12836379,9,English,TRUE,1.321845437,2.678154563,0
14.69187792,9.516864337,6.978307448,8,English,TRUE,0.794697671,3.205302329,0
13.83394817,6.697853387,14.98686047,8,Malay,FALSE,1.024880031,2.975119969,0
11.11012686,5.212906127,43.87346356,8,English,FALSE,1.945679115,2.054320885,0
10.85992696,7.225642221,51.7647373,9,Mandarin,TRUE,2.266346935,1.733653065,0
13.74006536,5.019784651,15.93589119,8,Mandarin,TRUE,1.038794873,2.961205127,0
13.17387358,5.774085217,35.32015704,9,English,TRUE,1.726818156,2.273181844,0
14.36038329,5.95295999,2.083602566,8,Mandarin,TRUE,0.592586852,3.407413148,0
11.38405709,7.669176582,4.644374462,8,Malay,TRUE,0.665344819,3.334655181,0
11.4767857,9.749648488,57.86203636,8,English,TRUE,2.460998887,1.539001113,0
13.6582056,5.099091208,53.79036582,8,Mandarin,FALSE,2.300585162,1.699414838,0
11.33934304,6.183447801,4.876940195,8,English,TRUE,0.657792582,3.342207418,0
12.31188616,9.847269788,49.33967818,8,Malay,TRUE,2.186247499,1.813752501,0
12.60071072,9.408263728,6.150192566,9,English,FALSE,0.785096163,3.214903837,0
13.34592261,9.174249797,49.7102598,9,Mandarin,FALSE,2.242210384,1.757789616,0
11.72191754,5.459000794,54.81004249,9,Malay,FALSE,2.3588106,1.6411894,0
14.2916849,8.220491407,9.185134626,8,Malay,TRUE,0.851292917,3.148707083,0
12.01164513,6.0156765,8.83397409,9,Malay,TRUE,0.834739019,3.165260981,0
10.20686649,8.255122508,55.59433402,8,Malay,TRUE,2.357764357,1.642235643,0
10.33501047,7.137655593,18.0859084,9,Malay,TRUE,1.137590274,2.862409726,0
14.85786683,8.178347882,28.35932957,9,Malay,TRUE,1.535673133,2.464326867,0
13.11021397,7.144304314,18.26637595,9,Malay,FALSE,1.171424381,2.828575619,0
12.45464019,9.538520941,44.9601603,8,Mandarin,TRUE,2.038603621,1.961396379,0
14.34840313,5.126541822,12.66519206,8,English,TRUE,0.936922518,3.063077482,0
13.58442345,5.957830287,29.64720566,8,English,FALSE,1.503662726,2.496337274,0
10.90696067,9.164985034,51.02781687,8,English,FALSE,2.221646686,1.778353314,0
10.03646152,8.683744698,56.55888153,9,Malay,TRUE,2.432498113,1.567501887,0
14.91065151,5.931462347,21.16414076,9,English,FALSE,1.273892497,2.726107503,0
13.14608022,5.607182365,6.83821777,8,English,FALSE,0.735473218,3.264526782,0
12.38537117,6.556305739,48.58119253,9,English,TRUE,2.168789853,1.831210147,0
14.72328071,7.409342557,6.645016565,8,Malay,TRUE,0.762826785,3.237173215,0
11.84603827,5.23469347,46.75724631,8,Malay,FALSE,2.049382194,1.950617806,0
13.61276308,9.227944581,41.33925851,9,English,FALSE,1.96638236,2.03361764,0
13.35057138,7.604763173,34.65357503,8,Mandarin,FALSE,1.684672513,2.315327487,0
13.38510723,9.597416153,56.3693693,9,Mandarin,FALSE,2.468804211,1.531195789,0
13.38566347,6.628526797,19.34359222,8,English,FALSE,1.16492831,2.83507169,0
10.05213665,5.244150382,5.599759127,8,English,TRUE,0.659621508,3.340378492,0
14.12151022,9.356801361,58.89624881,8,Mandarin,FALSE,2.51799141,1.48200859,0
14.61476973,5.748088315,26.46887024,8,English,FALSE,1.405924255,2.594075745,0
12.24674693,6.678210044,26.00346179,8,English,FALSE,1.376031629,2.623968371,0
12.80241814,7.32170108,5.371784612,8,Malay,TRUE,0.700300679,3.299699321,0
11.62357833,7.459732111,44.61314582,9,Malay,TRUE,2.037937965,1.962062035,0
13.92536056,5.117405641,43.20705555,9,Mandarin,FALSE,1.990662847,2.009337153,0
13.6830066,7.633710204,8.717779294,8,English,FALSE,0.823759811,3.176240189,0
13.69250507,5.385160488,14.02840171,9,Malay,TRUE,1.018390046,2.981609954,0
13.67461423,6.634204687,0.984867954,8,English,TRUE,0.555917121,3.444082879,0
11.09271947,9.877359862,53.3837328,8,Malay,TRUE,2.309158553,1.690841447,0
10.56261394,6.401853921,14.67168555,8,Mandarin,FALSE,0.978700863,3.021299137,0
11.55377123,9.064359875,55.62245392,9,English,FALSE,2.420263108,1.579736892,0
12.8768963,7.551593369,34.27017723,9,Mandarin,TRUE,1.706624138,2.293375862,0
11.99761685,6.012072704,25.52445826,8,Malay,FALSE,1.350912171,2.649087829,0
11.24622918,8.609681927,0.46982943,8,Malay,TRUE,0.534220092,3.465779908,0
10.11144384,7.775697054,5.536337017,9,Malay,FALSE,0.723415976,3.276584024,0
10.6056656,7.665167196,9.521044536,9,Malay,FALSE,0.860076479,3.139923521,0
10.52665949,5.149511967,6.341775452,9,English,TRUE,0.72815423,3.27184577,0
14.78319614,6.669226343,15.37220103,9,Malay,TRUE,1.086930926,2.913069074,0
13.89412482,8.673532466,9.275098874,8,English,TRUE,0.854846535,3.145153465,0
10.6137593,8.980432895,39.83002454,9,Mandarin,FALSE,1.883609407,2.116390593,0
12.3360532,9.074034282,17.82188748,9,Malay,TRUE,1.168163791,2.831836209,0
13.27243035,5.186966307,43.09749707,8,English,TRUE,1.941177202,2.058822798,0
14.80516727,5.813556156,8.129564691,8,English,TRUE,0.797172724,3.202827276,0
11.34481958,9.927883436,12.54645072,9,English,TRUE,0.990942054,3.009057946,0
11.32023367,5.777231404,47.24697752,8,Malay,FALSE,2.065873901,1.934126099,0
12.84128826,6.06507653,38.04461417,8,English,TRUE,1.777217453,2.222782547,0
14.28688917,9.013121721,5.786823,8,Mandarin,FALSE,0.745894209,3.254105791,0
11.39810589,6.967188318,57.56501887,9,Mandarin,TRUE,2.462486905,1.537513095,0
10.6291262,5.581581732,45.75207225,8,Mandarin,TRUE,2.007176154,1.992823846,0
11.33065084,5.625472066,33.15872452,8,Mandarin,TRUE,1.594852046,2.405147954,0
12.24533641,5.418885914,20.57464539,8,Mandarin,FALSE,1.182463736,2.817536264,0
11.79976653,5.903341545,5.636471524,8,English,FALSE,0.684913465,3.315086535,0
14.30606495,7.484912678,21.49210916,9,Malay,FALSE,1.294313415,2.705686585,0
14.71472734,5.075369277,19.38137171,9,Mandarin,TRUE,1.20394669,2.79605331,0
11.89224935,5.585655956,4.702296058,9,Malay,TRUE,0.691522255,3.308477745,0
14.11710652,9.535616297,47.02550328,9,Malay,TRUE,2.164044004,1.835955996,0
10.34305651,9.382906856,24.92013424,9,English,TRUE,1.387930775,2.612069225,0
12.76851657,9.165401885,53.37093339,9,Malay,TRUE,2.358370297,1.641629703,0
14.15851838,8.531408115,9.477799642,8,Mandarin,TRUE,0.86282592,3.13717408,0
12.09311622,8.307608284,19.05434632,9,Malay,FALSE,1.199152122,2.800847878,0
10.71716918,6.377579056,16.74219464,9,English,FALSE,1.089020637,2.910979363,0
11.42045037,6.674972663,51.90969104,8,Malay,FALSE,2.231277265,1.768722735,0
12.45953816,6.179010898,30.46401242,9,Malay,TRUE,1.561852571,2.438147429,0
14.21748673,9.90156816,8.509311602,8,Malay,TRUE,0.844834269,3.155165731,0
13.74298636,8.171523927,21.44680988,8,Mandarin,TRUE,1.254038766,2.745961234,0
10.4178777,9.828836847,56.59095182,9,Mandarin,FALSE,2.448832206,1.551167794,0
12.73078672,6.358932243,33.08923837,9,Malay,TRUE,1.653871802,2.346128198,0
14.36175393,8.106045558,2.204013264,8,Malay,TRUE,0.618145104,3.381854896,0
12.88555119,8.79475377,3.470699141,8,English,FALSE,0.652493021,3.347506979,0
10.32468778,5.473695436,14.14084318,8,Malay,TRUE,0.949345272,3.050654728,0
14.11560157,8.334804768,37.27946397,8,English,FALSE,1.787152862,2.212847138,0
14.53384849,5.845362838,14.71564218,8,English,TRUE,1.014313519,2.985686481,0
11.94594475,6.640412228,51.00687313,8,Malay,TRUE,2.206092674,1.793907326,0
11.55068438,8.580765019,37.76531193,8,Mandarin,TRUE,1.780158225,2.219841775,0
12.71675317,7.200323677,18.0438357,9,English,FALSE,1.160631959,2.839368041,0
14.92044038,9.605809267,23.63608154,8,Mandarin,TRUE,1.353131881,2.646868119,0
14.18732128,6.206011012,22.51546332,9,Mandarin,FALSE,1.314448767,2.685551233,0
14.05527896,5.768906045,18.85102707,9,Mandarin,FALSE,1.186609419,2.813390581,0
10.96571758,6.685859853,37.79317714,9,English,FALSE,1.796288346,2.203711654,0
14.47582688,9.259616118,12.10045489,8,English,TRUE,0.960702926,3.039297074,0
12.77972866,9.237122777,17.52660467,9,Malay,FALSE,1.16438867,2.83561133,0
14.58439328,6.8465279,5.114185598,8,English,FALSE,0.704782065,3.295217935,0
13.2585533,9.04921159,22.56219628,8,Malay,TRUE,1.295150858,2.704849142,0
14.17083558,5.388941264,3.863069903,9,English,TRUE,0.684366765,3.315633235,0
10.82762859,5.038007999,1.074329242,8,Mandarin,TRUE,0.514467341,3.485532659,0
13.53260732,9.324023755,38.75878242,9,English,FALSE,1.880525725,2.119474275,0
11.28626068,9.370358431,9.747294266,8,Mandarin,TRUE,0.851476,3.148524,0
10.84451098,5.716994417,2.111861578,9,English,FALSE,0.59601044,3.40398956,0
12.86991165,6.488571673,4.099999256,9,Mandarin,FALSE,0.690251475,3.309748525,0
13.01370557,9.252981214,11.95262243,9,Malay,FALSE,0.981087616,3.018912384,0
12.45308904,5.418834747,43.25286168,8,Mandarin,TRUE,1.940481294,2.059518706,0
10.44520403,9.315463932,0.711738686,8,Mandarin,TRUE,0.541331302,3.458668698,0
11.22374512,7.873412862,43.59119853,8,English,TRUE,1.964011531,2.035988469,0
11.17725444,8.286385995,35.82348904,8,Malay,TRUE,1.708752706,2.291247294,0
11.5685103,7.974094728,30.83455505,9,English,TRUE,1.583244552,2.416755448,0
13.14032702,7.912661651,54.55700414,9,Mandarin,FALSE,2.389096691,1.610903309,0
12.18993635,5.925305438,49.77526462,9,Mandarin,TRUE,2.200327905,1.799672095,0
14.84192561,6.180290331,25.12623095,9,Mandarin,TRUE,1.407763191,2.592236809,0
10.07922022,7.900268296,0.40201707,9,Mandarin,TRUE,0.553195454,3.446804546,0
11.07951708,7.007027071,42.63458681,8,English,FALSE,1.922018335,2.077981665,0
12.86703697,7.706445697,2.863568582,8,English,TRUE,0.621187113,3.378812887,0
14.39669746,6.266830027,16.68323542,8,English,FALSE,1.082743122,2.917256878,0
10.1695358,7.319113264,29.58207179,9,Malay,FALSE,1.52095555,2.47904445,0
14.41805536,5.717023334,5.9604744,8,Mandarin,TRUE,0.720033267,3.279966733,0
12.53636732,5.191976898,40.7562957,9,Malay,TRUE,1.895826632,2.104173368,0
13.9274168,9.755581874,19.2821419,9,Mandarin,FALSE,1.23956805,2.76043195,0
14.74325883,8.615275728,21.69964291,9,English,TRUE,1.316906776,2.683093224,0
11.07702204,7.49031928,38.89948921,9,Mandarin,FALSE,1.842323053,2.157676947,0
12.93954952,7.755058914,23.89451401,8,Mandarin,FALSE,1.323429885,2.676570115,0
14.41834471,7.555868828,13.47418401,9,Malay,TRUE,1.028881602,2.971118398,0
14.22205337,9.494047362,10.605487,8,English,FALSE,0.910677241,3.089322759,0
12.60482194,8.86819283,43.44251593,8,Mandarin,TRUE,1.982814012,2.017185988,0
14.74746133,6.625713539,45.03509493,9,English,FALSE,2.07490158,1.92509842,0
13.54222267,6.090934045,11.7420133,9,Malay,FALSE,0.94773201,3.05226799,0
12.62057145,5.332646448,19.14039225,8,Mandarin,FALSE,1.137545254,2.862454746,0
10.28951125,5.738945615,57.39648735,9,Mandarin,TRUE,2.433500814,1.566499186,0
12.43652927,7.450305671,59.05376094,9,Mandarin,FALSE,2.527327047,1.472672953,0
12.10950303,6.012851475,35.11847282,9,Mandarin,FALSE,1.711839306,2.288160694,0
11.52626513,6.56196959,45.41673331,8,English,TRUE,2.014773457,1.985226543,0
14.71445707,5.666645564,44.89519381,8,Malay,FALSE,2.020317487,1.979682513,0
14.62850008,9.614070751,23.73368841,9,Malay,FALSE,1.393548655,2.606451345,0
11.68642188,5.168625193,2.905730622,8,Mandarin,TRUE,0.585408158,3.414591842,0
12.17881396,6.759053599,44.44223282,8,Malay,TRUE,1.990786436,2.009213564,0
13.75909674,6.290773359,8.146402945,8,Malay,FALSE,0.792045466,3.207954534,0
14.17528568,5.041513444,17.42990596,9,English,TRUE,1.133164857,2.866835143,0
10.55039301,9.642990149,18.93261265,8,English,FALSE,1.15302092,2.84697908,0
12.45397435,6.568037319,20.94552675,8,English,FALSE,1.208404342,2.791595658,0
14.57252277,7.511375424,27.94091282,8,English,TRUE,1.472202743,2.527797257,0
13.32294013,7.913032487,30.09664167,8,Mandarin,TRUE,1.535581115,2.464418885,0
12.71483179,8.052398786,29.01143672,8,English,FALSE,1.494720197,2.505279803,0
13.59022232,7.30130364,9.771049089,8,Mandarin,FALSE,0.854616896,3.145383104,0
13.30715822,7.969146969,38.92817671,9,Malay,TRUE,1.870368942,2.129631058,0
14.71124437,8.758805021,47.41353223,8,Malay,FALSE,2.135151568,1.864848432,0
14.56318179,9.760445142,27.70444563,8,English,TRUE,1.48671779,2.51328221,0
11.98887929,8.285186352,50.29918338,9,Mandarin,TRUE,2.239380102,1.760619898,0
10.16009619,7.311147614,26.65541078,8,Mandarin,FALSE,1.383226131,2.616773869,0
11.66338306,7.223022529,34.0991367,9,Mandarin,FALSE,1.685501946,2.314498054,0
11.01444953,8.54928682,4.172985759,9,Malay,TRUE,0.694736889,3.305263111,0
10.65776142,8.135176067,8.810742058,8,English,FALSE,0.801620777,3.198379223,0
14.4397188,7.101932951,46.03999417,9,Malay,TRUE,2.11008299,1.88991701,0
13.5496569,6.679434062,14.95070692,9,Mandarin,TRUE,1.060647807,2.939352193,0
10.16289341,9.965743217,5.626591222,8,Malay,TRUE,0.708839407,3.291160593,0
14.59876922,8.833984938,34.09484471,8,English,FALSE,1.690822365,2.309177635,0
14.51504636,6.033878491,5.663517837,8,English,TRUE,0.714273176,3.285726824,0
14.74694646,6.46085836,41.04444008,9,English,FALSE,1.940226051,2.059773949,0
14.14937999,9.468443349,41.35047306,9,Mandarin,TRUE,1.974527336,2.025472664,0
10.39438635,8.304145944,27.18347668,9,Malay,FALSE,1.453101212,2.546898788,0
13.11397577,6.553764186,41.14602067,9,Mandarin,TRUE,1.928211422,2.071788578,0
10.41543979,6.821051517,47.962426,9,English,TRUE,2.131112446,1.868887554,0
13.56698166,6.894538323,11.86051868,9,Mandarin,FALSE,0.959965823,3.040034177,0
10.98504505,5.931475983,38.97199222,9,English,FALSE,1.828231618,2.171768382,0
14.67906168,7.555843642,41.54083706,9,Malay,TRUE,1.967043622,2.032956378,0
14.67085532,8.827853219,11.66707991,9,English,FALSE,0.983889749,3.016110251,0
12.97301321,7.820299743,43.61259706,8,Malay,TRUE,1.981686365,2.018313635,0
13.76337957,8.279709748,43.17278833,9,Malay,FALSE,2.019523838,1.980476162,0
14.2907676,7.97693194,9.435157789,8,English,FALSE,0.857182255,3.142817745,0
11.94573096,5.294477147,19.04565799,8,Malay,FALSE,1.127257347,2.872742653,0
12.89595474,5.940300304,56.46914323,8,Malay,TRUE,2.390667325,1.609332675,0
10.88011724,6.751742184,4.268610159,8,English,TRUE,0.6386056,3.3613944,0
14.92748128,9.446175015,13.73680532,9,English,TRUE,1.061630074,2.938369926,0
14.64701913,6.743461671,34.72804173,9,English,FALSE,1.731506199,2.268493801,0
12.41710394,6.635584858,58.12204808,8,Mandarin,FALSE,2.447928491,1.552071509,0
12.76667184,5.40293323,15.42869123,8,English,TRUE,1.015985758,2.984014242,0
12.18348692,9.860396389,49.0068585,9,English,FALSE,2.214000783,1.785999217,0
10.00831483,8.892748349,22.04125309,9,Malay,TRUE,1.283719068,2.716280932,0
11.14998914,8.829636131,21.1491596,8,Malay,FALSE,1.224768239,2.775231761,0
10.50824088,6.918527573,59.76341675,9,Malay,FALSE,2.526381576,1.473618424,0
11.61449491,5.39184727,49.03302316,8,Mandarin,FALSE,2.124497527,1.875502473,0
11.18117717,6.317601342,14.91172468,9,Mandarin,FALSE,1.032045275,2.967954725,0
13.80820774,9.264498223,11.13912803,9,English,TRUE,0.962031327,3.037968673,0
12.52398488,5.901489552,5.044856331,8,Malay,TRUE,0.672416622,3.327583378,0
14.08497119,9.471247946,28.96209194,8,Malay,FALSE,1.520965256,2.479034744,0
13.17848924,7.678772577,20.07054283,9,Malay,TRUE,1.237590712,2.762409288,0
13.28113256,8.572682646,22.84929459,8,Mandarin,TRUE,1.300181305,2.699818695,0
14.38122605,7.268206975,25.88456007,9,English,TRUE,1.439312999,2.560687001,0
14.23595693,9.661546858,59.46261185,9,Mandarin,TRUE,2.5810621,1.4189379,0
10.31648343,6.198291659,0.172353803,9,Malay,FALSE,0.530892878,3.469107122,0
12.89174471,7.862167151,25.56386945,9,Mandarin,FALSE,1.4196681,2.5803319,0
12.06544991,5.345580065,3.898378639,8,English,FALSE,0.624056254,3.375943746,0
12.99818719,7.402136211,40.38095463,9,English,TRUE,1.910035055,2.089964945,0
14.31319751,9.86357176,3.025727936,8,Malay,TRUE,0.662625291,3.337374709,0
10.06023488,5.440657623,46.00987427,8,Mandarin,TRUE,2.008671401,1.991328599,0
10.0548401,7.533615148,52.06710389,8,Malay,FALSE,2.231454682,1.768545318,0
10.31277405,8.011531557,58.24809463,9,Malay,TRUE,2.484846211,1.515153789,0
14.37442628,9.658729285,7.252240442,9,English,FALSE,0.842072904,3.157927096,0
11.76740936,6.487071009,58.73348866,8,Malay,TRUE,2.460327759,1.539672241,0
11.85615285,7.514703181,24.74014586,8,Malay,TRUE,1.338380089,2.661619911,0
11.72701617,9.935979261,37.95472913,8,English,FALSE,1.801787592,2.198212408,0
11.15481254,8.845095007,0.002852337,8,Mandarin,FALSE,0.520094153,3.479905847,0
10.19431263,9.052072889,22.21552917,8,Mandarin,FALSE,1.252981494,2.747018506,0
14.53256821,8.902556377,21.17379667,8,Mandarin,TRUE,1.260144468,2.739855532,0
11.16437052,7.576130118,30.22835034,8,English,TRUE,1.515016684,2.484983316,0
14.46970201,7.171770337,7.955544039,8,Malay,TRUE,0.801599525,3.198400475,0
14.77855736,6.274065888,41.41115184,9,Mandarin,TRUE,1.950897961,2.049102039,0
12.88325824,7.329834203,35.74215215,9,English,FALSE,1.753535996,2.246464004,0
11.86136812,5.102511828,12.74926965,9,Mandarin,TRUE,0.954614454,3.045385546,0
13.8289864,5.485554948,59.01816684,9,Mandarin,TRUE,2.520417641,1.479582359,0
10.12691473,6.436288014,0.335580993,9,Mandarin,TRUE,0.536818061,3.463181939,0
14.64433446,6.668147876,20.1550842,9,Malay,TRUE,1.244960963,2.755039037,0
12.03958154,8.537586691,15.70349123,9,English,TRUE,1.08922139,2.91077861,0
11.54301071,5.858012086,33.60235758,9,Mandarin,TRUE,1.654088814,2.345911186,0
10.63467473,8.978864133,53.30397853,9,Mandarin,FALSE,2.332934673,1.667065327,0
14.77585159,9.004007803,39.46650917,8,English,FALSE,1.8733489,2.1266511,0
14.0551498,7.935187112,2.85565952,9,English,TRUE,0.67509202,3.32490798,0
13.61970249,7.457482595,51.80389565,8,English,FALSE,2.257568372,1.742431628,0
14.65482285,7.336994383,15.90480329,8,English,FALSE,1.070078282,2.929921718,0
14.79915572,7.102695726,6.619458165,9,English,FALSE,0.79966712,3.20033288,0
11.34223488,5.442874679,25.95323829,8,Malay,FALSE,1.352959039,2.647040961,0
13.93262482,8.277217735,53.92268339,9,English,TRUE,2.379521205,1.620478795,0
13.83490638,7.886483344,2.075025907,8,Mandarin,FALSE,0.606381428,3.393618572,0
12.78658096,5.078837523,37.53967727,9,Malay,FALSE,1.789976761,2.210023239,0
10.75212755,6.013478827,19.94980534,9,Mandarin,TRUE,1.192649575,2.807350425,0
14.70172737,7.181621455,37.35437047,9,Malay,TRUE,1.823979171,2.176020829,0
11.57691108,9.50653876,15.9807593,9,English,FALSE,1.103526475,2.896473525,0
12.89439682,9.951393854,58.02576839,8,Malay,FALSE,2.482650187,1.517349813,0
10.09690135,8.756631524,6.829817122,9,Mandarin,FALSE,0.776195899,3.223804101,0
12.14572452,8.746708827,9.479638763,9,Malay,TRUE,0.884912292,3.115087708,0
13.08447079,7.07637306,2.740061233,8,Malay,FALSE,0.612943813,3.387056187,0
11.90479906,7.854751195,47.69987037,8,English,TRUE,2.107591182,1.892408818,0
12.38553161,6.164085549,5.637408509,9,Mandarin,FALSE,0.733409789,3.266590211,0
10.96012596,8.690759949,16.59741096,9,Malay,FALSE,1.109755891,2.890244109,0
11.75110888,5.298923265,12.33607959,9,Mandarin,TRUE,0.941702975,3.058297025,0
13.61682146,7.086231354,21.21202343,9,Malay,TRUE,1.274097976,2.725902024,0
14.84855955,9.156807733,45.94689913,8,Mandarin,FALSE,2.091616977,1.908383023,0
12.34393368,9.89929797,57.01152168,9,Mandarin,FALSE,2.482816372,1.517183628,0
13.43023312,8.482793066,52.73220094,9,Mandarin,TRUE,2.336870293,1.663129707,0
14.8809401,5.986328202,50.46994455,9,English,TRUE,2.251004168,1.748995832,0
13.8739596,7.855367706,25.0482409,9,English,FALSE,1.412234636,2.587765364,0
10.05065318,7.802564619,48.1091221,8,Mandarin,FALSE,2.102169581,1.897830419,0
14.6777032,9.828824794,46.62905628,8,Mandarin,TRUE,2.119367156,1.880632844,0
14.33283279,9.20093355,14.85184162,9,English,FALSE,1.090399051,2.909600949,0
11.3555644,5.245057347,15.74372798,9,Malay,TRUE,1.05079715,2.94920285,0
10.90775693,6.100465972,29.93962846,9,Mandarin,FALSE,1.528069844,2.471930156,0
14.49612129,9.209619599,57.80865773,8,Mandarin,TRUE,2.484012666,1.515987334,0
13.44345402,9.862360125,6.474103737,9,English,FALSE,0.808861599,3.191138401,0
11.18495415,6.473361024,59.30398747,9,Malay,FALSE,2.513382734,1.486617266,0
13.56940908,8.453644085,9.535773072,8,Mandarin,TRUE,0.858089634,3.141910366,0
13.00112419,6.539009228,29.13662659,8,Mandarin,FALSE,1.486622221,2.513377779,0
11.54607526,5.205484021,18.2383105,9,Mandarin,FALSE,1.135459276,2.864540724,0
12.78386426,9.147402086,25.18522371,8,Mandarin,TRUE,1.378820121,2.621179879,0
12.63633739,8.694247925,57.4700118,9,English,TRUE,2.488972913,1.511027087,0
12.5488714,5.266516261,37.9081342,8,Malay,TRUE,1.76175835,2.23824165,0
12.58683274,5.727310794,17.85071377,9,Malay,FALSE,1.138165228,2.861834772,0
10.00202678,9.997664105,37.7056217,8,Mandarin,FALSE,1.776850965,2.223149035,0
11.34316707,8.253806462,27.12924997,8,Malay,FALSE,1.420278068,2.579721932,0
12.15433518,9.002154037,56.60159652,9,Malay,FALSE,2.458284776,1.541715224,0
10.63626661,6.943126258,21.17069831,8,Malay,TRUE,1.201483872,2.798516128,0
13.7458223,7.591233364,35.06847726,8,Mandarin,FALSE,1.702319799,2.297680201,0
14.2344351,8.099408222,50.96530436,8,Malay,TRUE,2.242181912,1.757818088,0
14.08886094,9.030102925,57.53055234,9,Malay,TRUE,2.508874717,1.491125283,0
12.29818371,6.694532033,47.95008273,8,Mandarin,TRUE,2.108263249,1.891736751,0
13.45350936,8.361313967,56.13207735,9,English,TRUE,2.449217478,1.550782522,0
10.38443074,8.878289064,27.82652084,8,English,TRUE,1.440177893,2.559822107,0
10.99698165,9.025662825,45.87003549,9,English,TRUE,2.089227628,1.910772372,0
10.23469621,7.496205763,5.678977833,8,English,FALSE,0.686608281,3.313391719,0
14.82720111,7.366819072,35.62880515,8,Malay,FALSE,1.72956704,2.27043296,0
12.8715627,5.522664154,0.810177238,9,Mandarin,TRUE,0.570948176,3.429051824,0
10.8762001,7.488625304,15.60279149,8,English,FALSE,1.023741304,2.976258696,0
13.53772728,8.509667165,39.93358183,9,Mandarin,TRUE,1.911593339,2.088406661,0
12.44564399,9.602939936,10.29372761,9,English,FALSE,0.923610093,3.076389907,0
12.17128815,5.625997926,12.0085435,9,Malay,TRUE,0.938257644,3.061742356,0
14.56726591,9.844426508,3.703105216,8,Mandarin,TRUE,0.687553765,3.312446235,0
13.54103042,6.170361931,44.8432794,9,English,FALSE,2.051889903,1.948110097,0
13.45329348,5.879329621,26.87670152,9,Malay,FALSE,1.449216282,2.550783718,0
10.4865435,5.572588395,53.27698059,9,Malay,TRUE,2.296490672,1.703509328,0
10.46014343,9.9506822,21.73555253,8,Malay,FALSE,1.248626674,2.751373326,0
13.32216645,7.805092563,26.1154197,8,English,TRUE,1.40178658,2.59821342,0
10.78245267,6.352999892,29.69525719,8,Mandarin,FALSE,1.481196432,2.518803568,0
12.26626734,6.587670943,51.65460716,9,English,TRUE,2.270359622,1.729640378,0
12.84902542,9.751355885,17.53118423,9,Malay,FALSE,1.170376621,2.829623379,0
11.94045306,9.499842322,3.094774071,8,Malay,TRUE,0.63756209,3.36243791,0
10.42577311,6.74991791,37.63148349,8,English,FALSE,1.746139693,2.253860307,0
13.7167541,5.317927271,49.54205364,8,Mandarin,FALSE,2.161748602,1.838251398,0
14.42515988,9.167612035,33.37544335,9,English,TRUE,1.708442497,2.291557503,0
10.80841662,9.572110623,19.22868621,8,Mandarin,FALSE,1.164761479,2.835238521,0
14.27051794,9.187666593,37.82816205,8,Mandarin,FALSE,1.81552058,2.18447942,0
13.94347976,9.564896391,59.4601937,8,English,TRUE,2.537090218,1.462909782,0
12.81930137,7.879510155,34.44250608,8,Mandarin,FALSE,1.675071651,2.324928349,0
12.98050169,9.19829428,18.91298503,9,Mandarin,FALSE,1.212220794,2.787779206,0
13.25784056,9.719559501,14.61693282,8,Malay,TRUE,1.037005095,2.962994905,0
12.62380732,9.449516178,59.89360157,8,Malay,TRUE,2.537186621,1.462813379,0
14.22171365,7.935880762,51.02531482,8,Malay,FALSE,2.242419771,1.757580229,0
12.37049332,8.7326551,16.76913184,8,Malay,FALSE,1.090002546,2.909997454,0
12.7352634,8.606514769,15.7467655,9,Mandarin,TRUE,1.098309965,2.901690035,0
10.18382702,9.014823175,48.22021162,8,Mandarin,FALSE,2.119326889,1.880673111,0
10.90034836,6.144248712,59.5371209,9,Malay,FALSE,2.515016667,1.484983333,0
14.51888993,5.010890539,27.9361926,9,English,TRUE,1.486504225,2.513495775,0
10.60786048,7.549497977,13.63593434,9,Malay,TRUE,0.996104729,3.003895271,0
14.52024739,8.827754282,13.82061564,9,English,TRUE,1.054167205,2.945832795,0
13.17962158,5.625612111,47.84110038,8,English,TRUE,2.102755683,1.897244317,0
14.60061865,7.663936175,36.30101588,9,Malay,TRUE,1.792679411,2.207320589,0
14.07152936,6.572044921,38.02507533,9,English,TRUE,1.833938254,2.166061746,0
14.3264173,9.191201188,11.65953028,9,English,TRUE,0.983827194,3.016172806,0
12.62191452,5.501270098,7.828409043,8,Malay,FALSE,0.762178814,3.237821186,0
14.12649153,9.239470211,0.638450462,9,Mandarin,TRUE,0.614941299,3.385058701,0
12.3026388,8.053836018,54.91213555,9,English,TRUE,2.393969266,1.606030734,0
10.22086464,9.597223413,21.29938501,8,Malay,FALSE,1.228160381,2.771839619,0
13.25679142,9.678133397,45.4785619,8,Mandarin,TRUE,2.065301312,1.934698688,0
13.64226608,9.044386908,53.06748216,9,Mandarin,TRUE,2.355782602,1.644217398,0
10.50774364,7.650550774,35.91391932,9,Mandarin,TRUE,1.738713588,2.261286412,0
14.07953477,5.712794973,25.45542434,8,Mandarin,TRUE,1.366437442,2.633562558,0
10.37586891,6.127119386,2.320076159,8,Mandarin,FALSE,0.562365755,3.437634245,0
12.20807059,7.088759343,20.22769091,8,English,TRUE,1.187224663,2.812775337,0
12.4396186,8.645107079,19.2976489,9,Mandarin,FALSE,1.21410222,2.78589778,0
10.18378455,7.724271182,33.98079203,9,English,FALSE,1.671773625,2.328226375,0
10.32902278,7.191510495,45.84402688,9,Malay,TRUE,2.063339562,1.936660438,0
12.25322082,7.387671807,42.66606327,8,Malay,TRUE,1.938611035,2.061388965,0
11.55628846,8.707432842,52.19518884,9,Malay,FALSE,2.302476841,1.697523159,0
14.07953883,5.171782173,2.810771788,9,Mandarin,TRUE,0.646205603,3.353794397,0
12.06927405,7.213154685,36.30020514,9,Malay,TRUE,1.762831125,2.237168875,0
10.52763538,7.863515779,11.34043649,9,English,FALSE,0.921926061,3.078073939,0
10.78939261,7.943566807,58.352318,8,English,TRUE,2.452406861,1.547593139,0
13.36736522,8.093435524,24.54670057,8,Mandarin,FALSE,1.35283136,2.64716864,0
14.7503265,5.267246977,37.43132229,8,Mandarin,FALSE,1.767886478,2.232113522,0
14.34798656,7.789739546,21.09494702,9,Malay,TRUE,1.284542162,2.715457838,0
10.64747164,7.752747011,13.21057835,9,Mandarin,FALSE,0.984354798,3.015645202,0
10.08184065,9.274269261,41.27254094,8,Mandarin,FALSE,1.889312464,2.110687536,0
10.13219387,8.800385443,56.35555241,8,Malay,TRUE,2.387844207,1.612155793,0
12.77424207,5.156133334,3.568793885,9,Mandarin,FALSE,0.65826355,3.34173645,0
12.42948825,7.77957682,49.51442727,9,English,FALSE,2.21257156,1.78742844,0
10.06698298,8.45472051,20.4955673,9,Mandarin,FALSE,1.228402612,2.771597388,0
10.28561366,7.900716143,7.255406565,9,Malay,TRUE,0.783710184,3.216289816,0
14.9987723,8.381846088,42.79644685,8,English,TRUE,1.980354412,2.019645588,0
14.82470618,5.583279924,4.948169598,9,Malay,TRUE,0.729018848,3.270981152,0
10.63362356,5.846209357,43.66419497,8,Malay,TRUE,1.940271495,2.059728505,0
10.82049948,7.913686173,26.14784899,8,Mandarin,TRUE,1.378936823,2.621063177,0
14.5008143,9.003427903,9.884278766,8,Malay,FALSE,0.884518381,3.115481619,0
12.53719706,5.129944691,9.431533427,9,English,FALSE,0.851055865,3.148944135,0
14.7898794,7.1812012,44.89214255,9,English,FALSE,2.076115558,1.923884442,0
12.60169875,9.960268727,49.69653382,8,English,TRUE,2.202170802,1.797829198,0
12.88612043,8.828728817,41.1375122,9,English,FALSE,1.948398899,2.051601101,0
11.1006795,7.250932518,43.25071243,8,Mandarin,FALSE,1.945206535,2.054793465,0
14.38037951,5.490202137,50.88871462,8,Malay,TRUE,2.214996304,1.785003696,0
14.12501306,6.795912846,25.71320818,9,Mandarin,TRUE,1.426316199,2.573683801,0
11.68711547,5.772143832,10.06098472,9,English,TRUE,0.86995875,3.13004125,0
13.06186512,9.603894681,22.63620354,8,Mandarin,TRUE,1.301197716,2.698802284,0
11.70721172,8.428221918,58.75715768,9,Malay,TRUE,2.519926259,1.480073741,0
12.31984139,9.278487589,26.90933597,8,Malay,TRUE,1.432961156,2.567038844,0
14.26775617,9.487322617,55.43340557,9,Mandarin,TRUE,2.445330973,1.554669027,0
12.07711017,8.034449175,42.16405157,9,Malay,FALSE,1.966583979,2.033416021,0
14.20282805,5.032991883,44.26467305,9,English,FALSE,2.027847301,1.972152699,0
14.80062625,7.780360342,11.41274466,9,Mandarin,FALSE,0.966234688,3.033765312,0
12.08172033,9.012475007,22.12384561,8,Malay,FALSE,1.268403474,2.731596526,0
14.38765975,6.572448599,43.94314092,8,English,TRUE,1.994372448,2.005627552,0
11.51991674,9.63875762,39.33387519,8,Mandarin,TRUE,1.842715917,2.157284083,0
10.01432189,9.984095973,51.75642639,9,Malay,FALSE,2.285198392,1.714801608,0
10.42245708,7.746314502,12.59947949,9,Malay,FALSE,0.961670365,3.038329635,0
13.68550654,7.65620556,44.89853988,8,English,FALSE,2.030035117,1.969964883,0
10.50090908,8.275946574,2.366578409,8,Malay,TRUE,0.586654503,3.413345497,0
14.69579918,7.831693989,17.98802707,8,Mandarin,FALSE,1.144875834,2.855124166,0
14.33289792,5.802279746,37.82962002,9,English,FALSE,1.822339111,2.177660889,0
12.57425513,6.355544386,58.80268034,8,Mandarin,TRUE,2.46938734,1.53061266,0
12.90755025,6.008943905,59.36240684,8,English,TRUE,2.487911836,1.512088164,0
13.47174042,5.360627163,26.34890226,8,Malay,FALSE,1.386620418,2.613379582,0
13.65753024,5.701945722,45.88057914,9,English,FALSE,2.082947398,1.917052602,0
12.45603344,9.861636117,36.02985556,9,English,FALSE,1.784171881,2.215828119,0
11.56700067,7.774901376,42.54576342,8,Mandarin,FALSE,1.931611134,2.068388866,0
14.55119978,5.62951718,43.9168624,9,Malay,FALSE,2.025702583,1.974297417,0
10.23284285,8.565476252,32.83910427,9,Mandarin,TRUE,1.64262,2.35738,0
11.78042135,7.383939559,48.83626716,8,Mandarin,FALSE,2.139519181,1.860480819,0
13.33252889,6.123355994,35.06960436,9,Malay,FALSE,1.723545661,2.276454339,0
14.4553574,9.717851857,6.036937674,9,English,TRUE,0.802963348,3.197036652,0
10.37112083,6.122715791,59.35223615,8,Mandarin,FALSE,2.463346238,1.536653762,0
13.29477181,5.487948878,18.23115051,8,English,TRUE,1.115532224,2.884467776,0
12.43538528,6.028863893,57.85126534,8,Malay,TRUE,2.433018003,1.566981997,0
13.43244454,9.559641659,17.55715147,9,English,FALSE,1.175159244,2.824840756,0
11.58601277,9.288979029,51.18912285,8,Malay,TRUE,2.235054013,1.764945987,0
13.55350641,9.471623116,41.37515706,8,Malay,FALSE,1.929423197,2.070576803,0
10.90130851,9.580894639,21.412206,9,English,TRUE,1.278562231,2.721437769,0
13.87699786,5.387493362,56.28024282,9,Malay,TRUE,2.428653006,1.571346994,0
13.74674632,8.556660429,34.98878606,9,Mandarin,FALSE,1.749326936,2.250673064,0
14.73393331,8.322606128,49.78576032,9,Mandarin,TRUE,2.250090738,1.749909262,0
10.86611956,9.964541895,47.81642779,9,English,FALSE,2.162187541,1.837812459,0
13.6099926,8.573371105,2.783048495,9,Mandarin,FALSE,0.67460192,3.32539808,0
11.61325022,8.960157059,16.13166993,9,Malay,FALSE,1.103456404,2.896543596,0
11.40928418,8.574932394,28.33294023,9,Mandarin,FALSE,1.504273507,2.495726493,0
12.00797806,8.102908939,55.98121925,9,Mandarin,FALSE,2.427149512,1.572850488,0
11.42600781,7.765117101,3.747674368,8,English,FALSE,0.636833728,3.363166272,0
11.2409676,9.846302138,11.13862062,9,Malay,TRUE,0.942160051,3.057839949,0
13.84192622,9.681710277,37.47140684,8,Mandarin,TRUE,1.80428326,2.19571674,0
13.49751753,7.189250819,39.16198013,9,Malay,TRUE,1.872267021,2.127732979,0
10.54679248,6.420769375,9.83889624,8,English,FALSE,0.817638827,3.182361173,0
12.80090713,7.545346798,56.89801759,9,Mandarin,TRUE,2.460063126,1.539936874,0
11.65501327,8.730572944,10.61012783,8,Malay,TRUE,0.87752679,3.12247321,0
14.85517321,7.004738598,10.94062431,9,Mandarin,TRUE,0.943286595,3.056713405,0
12.12521382,7.68615475,38.13285758,9,English,FALSE,1.829208938,2.170791062,0
10.20286838,6.493529551,25.28782043,8,English,FALSE,1.329891327,2.670108673,0
11.65858062,7.138521842,1.560699517,8,Malay,FALSE,0.559994342,3.440005658,0
11.56353869,9.786476995,55.23053229,9,Mandarin,FALSE,2.4145179,1.5854821,0
10.02817378,6.074291846,4.508511503,9,Mandarin,TRUE,0.671308373,3.328691627,0
12.43891147,9.94367216,9.379035935,9,Malay,TRUE,0.896460367,3.103539633,0
14.52898067,6.077699417,53.8262405,9,English,TRUE,2.360274817,1.639725183,0
14.0115662,6.596179909,16.51870349,9,English,TRUE,1.116700911,2.883299089,0
13.42326726,5.435824912,49.06073741,9,Mandarin,FALSE,2.183948835,1.816051165,0
11.7176735,8.760477445,10.24286089,9,Malay,TRUE,0.906210206,3.093789794,0
11.15981866,5.088172429,2.891052064,9,Mandarin,TRUE,0.618848313,3.381151687,0
11.71308262,8.939204516,14.08384227,8,English,TRUE,0.99598428,3.00401572,0
10.61529672,7.885666401,44.52094997,8,English,FALSE,1.989041297,2.010958703,0
10.49744244,8.743835636,39.75559581,8,English,TRUE,1.837599308,2.162400692,0
12.87266373,8.91560232,18.63716532,9,Mandarin,TRUE,1.199121504,2.800878496,0
14.06996945,5.621911237,38.00879411,9,Malay,FALSE,1.823878611,2.176121389,0
10.49695395,5.106956767,39.89896464,8,Mandarin,TRUE,1.806004595,2.193995405,0
11.67593551,5.843832409,33.88095467,8,Malay,TRUE,1.624562835,2.375437165,0
10.61377046,6.920337732,56.13145331,9,Mandarin,FALSE,2.406389525,1.593610475,0
11.55240364,5.36658221,47.61724811,9,Malay,TRUE,2.116431462,1.883568538,0
14.15131672,7.283697854,48.95845479,9,Malay,FALSE,2.206298639,1.793701361,0
10.17423388,6.425446866,25.55366083,8,English,TRUE,1.337785502,2.662214498,0
13.23606822,6.819174879,41.03396568,8,English,TRUE,1.888351287,2.111648713,0
10.29918298,9.701837079,11.00107618,8,Mandarin,TRUE,0.88671274,3.11328726,0
12.13272955,8.621353611,17.75729429,9,Malay,TRUE,1.159450641,2.840549359,0
12.37026409,8.290799937,30.14517207,9,English,TRUE,1.571449709,2.428550291,0
12.00755019,8.267826012,48.97498641,8,Mandarin,FALSE,2.155253309,1.844746691,0
13.18692737,7.776904956,20.21592788,9,English,TRUE,1.243502586,2.756497414,0
14.86831693,7.564902178,26.3889155,8,Malay,TRUE,1.423962708,2.576037292,0
11.33649902,9.410762765,57.44048342,8,English,TRUE,2.442155398,1.557844602,0
13.04884515,5.375009638,17.04587897,9,Mandarin,FALSE,1.112434514,2.887565486,0
11.77489274,6.442600053,37.08391685,9,Mandarin,TRUE,1.77830549,2.22169451,0
14.99750337,5.520635688,6.032620979,9,Mandarin,TRUE,0.766268757,3.233731243,0
14.75498404,5.055264265,24.70056332,9,Mandarin,TRUE,1.381454594,2.618545406,0
10.46701436,5.069335357,19.80539773,8,English,TRUE,1.135543421,2.864456579,0
14.86797993,5.120048906,0.78432782,8,Mandarin,TRUE,0.546024549,3.453975451,0
13.69135677,8.408687629,35.11263728,8,Mandarin,TRUE,1.711421687,2.288578313,0
14.96172345,5.557024704,19.88533013,8,English,TRUE,1.188031819,2.811968181,0
13.8547533,6.012045413,15.10043782,9,English,TRUE,1.062015914,2.937984086,0
10.6446677,7.094920334,53.55581669,8,Malay,TRUE,2.28258977,1.71741023,0
13.75234372,6.346251272,13.77722054,8,Mandarin,TRUE,0.980226635,3.019773365,0
13.63313808,9.083488178,24.32913627,8,English,FALSE,1.358137472,2.641862528,0
10.83367888,8.117270434,56.96573833,8,Mandarin,FALSE,2.408367437,1.591632563,0
13.76586396,6.666543022,4.818420009,9,English,FALSE,0.72493807,3.27506193,0
13.37386299,6.588914741,56.30608161,8,English,FALSE,2.396497164,1.603502836,0
14.97222,8.41846861,23.41288632,9,Mandarin,TRUE,1.37433643,2.62566357,0
13.09369785,5.853349843,47.45565447,9,Malay,FALSE,2.131325626,1.868674374,0
12.07304804,6.402728457,21.35381624,8,Mandarin,FALSE,1.21655164,2.78344836,0
14.76957522,6.767168774,24.93302315,9,Malay,FALSE,1.406468211,2.593531789,0
13.13920766,7.273228464,26.26671591,9,Malay,TRUE,1.439681558,2.560318442,0
11.74316055,5.952659112,56.80850602,8,Mandarin,FALSE,2.390575064,1.609424936,0
10.10522834,5.786164999,33.0152644,8,Malay,FALSE,1.579422747,2.420577253,0
13.78319784,9.949800413,13.01256718,9,Mandarin,FALSE,1.031082222,2.968917778,0
10.59763091,9.565990123,36.69066104,8,English,TRUE,1.744658245,2.255341755,0
14.61834691,7.618091133,53.36827009,9,Malay,TRUE,2.361306717,1.638693283,0
14.80695837,8.827751568,12.86285804,9,Mandarin,FALSE,1.025109034,2.974890966,0
11.18210674,8.370018878,20.25329883,8,Malay,FALSE,1.190631217,2.809368783,0
10.56402688,5.375571634,34.287778,8,Mandarin,TRUE,1.622321919,2.377678081,0
12.97660016,7.589487202,59.23547806,8,Mandarin,FALSE,2.500176809,1.499823191,0
11.06865899,5.919597073,27.9215386,8,Malay,FALSE,1.420600514,2.579399486,0
12.70919946,7.920291572,35.06094147,9,English,FALSE,1.734992959,2.265007041,0
12.07102328,5.308957384,8.118510098,9,English,TRUE,0.80441681,3.19558319,0
13.96012688,5.814543767,45.48930609,9,Malay,FALSE,2.074056909,1.925943091,0
14.99930768,8.908589252,13.19224841,9,Mandarin,FALSE,1.038820583,2.961179417,0
12.28402232,9.216236986,19.6752943,8,English,TRUE,1.190845736,2.809154264,0
13.42508726,9.537303038,42.57390042,9,Mandarin,FALSE,2.008753917,1.991246083,0
11.70902651,9.483632736,42.75988083,9,Malay,TRUE,1.997255953,2.002744047,0
14.31250741,9.535144741,19.12799526,9,Mandarin,FALSE,1.236076364,2.763923636,0
10.18476323,5.473544947,51.01900283,9,English,FALSE,2.217216509,1.782783491,0
12.46761192,8.297443226,47.68231528,8,English,TRUE,2.117061061,1.882938939,0
10.88387719,8.505268763,36.94673998,8,Malay,FALSE,1.745449459,2.254550541,0
10.88421677,6.340975177,10.72184712,8,Malay,TRUE,0.849646823,3.150353177,0
12.66497859,9.964653776,54.29279814,9,Malay,TRUE,2.396056262,1.603943738,0
11.53899547,6.429142703,31.64528922,9,Mandarin,TRUE,1.594524356,2.405475644,0
12.29502506,7.874439543,22.58424568,8,English,FALSE,1.274502835,2.725497165,0
11.52829968,9.361777112,55.63682793,8,Malay,FALSE,2.383461699,1.616538301,0
12.27534474,6.44593057,58.29836212,9,English,FALSE,2.49049149,1.50950851,0
11.42960084,8.032526598,43.03156664,9,English,FALSE,1.989006829,2.010993171,0
14.01775646,8.60007337,47.48254656,9,English,FALSE,2.16892985,1.83107015,0
12.78914051,8.133553139,14.80588573,9,English,FALSE,1.062756461,2.937243539,0
10.80716667,7.029824558,15.52772986,9,Malay,TRUE,1.055960908,2.944039092,0
10.04229045,9.723774417,34.15198102,8,Malay,TRUE,1.656060016,2.343939984,0
10.08747219,8.061549798,58.99218806,8,Mandarin,TRUE,2.467896488,1.532103512,0
12.10845053,6.121801237,44.59346337,8,Malay,FALSE,1.988751297,2.011248703,0
11.57059324,9.030646229,44.75942878,8,English,TRUE,2.017993354,1.982006646,0
11.3105559,8.279391838,15.45584869,9,Mandarin,TRUE,1.071094434,2.928905566,0
13.11462855,5.547576009,25.18691974,9,Mandarin,FALSE,1.386186037,2.613813963,0
14.06599207,6.390710569,20.55177646,9,Malay,FALSE,1.249626242,2.750373758,0
10.31689942,5.790689922,18.13546233,8,Malay,TRUE,1.085591305,2.914408695,0
10.549868,5.363365193,43.86608493,8,English,TRUE,1.941335163,2.058664837,0
11.84373018,6.150998762,5.991246766,9,Malay,TRUE,0.739655515,3.260344485,0
12.20743269,6.390691533,9.926532124,8,Mandarin,TRUE,0.836865646,3.163134354,0
11.97615059,7.33262583,24.73774554,9,English,TRUE,1.377679282,2.622320718,0
13.19318304,9.846315005,18.16367494,9,English,FALSE,1.195850812,2.804149188,0
10.43607652,9.716343917,54.2022671,8,Mandarin,TRUE,2.328266441,1.671733559,0
12.47364093,8.768415945,12.02660299,8,Mandarin,FALSE,0.933307335,3.066692665,0
14.05872261,8.232557184,14.93058648,9,Mandarin,FALSE,1.080599014,2.919400986,0
14.64229588,9.736363346,10.68508968,8,Mandarin,FALSE,0.919956248,3.080043752,0
12.80188142,5.712236013,51.50101109,8,Malay,TRUE,2.221841544,1.778158456,0
10.6921214,6.651652642,12.12353758,8,Mandarin,FALSE,0.89755566,3.10244434,0
13.63736356,7.766635995,21.12468804,8,Malay,FALSE,1.238196264,2.761803736,0
13.98165786,9.069670844,40.15868024,8,Mandarin,TRUE,1.889135962,2.110864038,0
10.98145506,8.118933176,4.657909493,8,Mandarin,FALSE,0.666267532,3.333732468,0
13.38752484,9.04434594,48.99894771,8,Mandarin,TRUE,2.177616965,1.822383035,0
14.65257367,5.765375265,42.37503901,8,Malay,TRUE,1.93668079,2.06331921,0
13.59420942,5.963674237,15.66225826,8,Mandarin,TRUE,1.037654112,2.962345888,0
12.07784002,8.702826138,23.50767381,9,Malay,TRUE,1.351395789,2.648604211,0
12.21381496,6.741577761,37.20421981,8,English,FALSE,1.749694587,2.250305413,0
10.3977832,7.180471961,56.78744737,9,English,TRUE,2.428697464,1.571302536,0
12.6305731,8.958322684,37.75562783,9,Mandarin,FALSE,1.834409885,2.165590115,0
14.01342303,5.350181102,15.18238492,9,Mandarin,FALSE,1.059715539,2.940284461,0
14.89248299,5.839897473,28.94980541,8,Mandarin,TRUE,1.492317318,2.507682682,0
11.99651887,6.479054065,26.97688513,8,Mandarin,FALSE,1.403985234,2.596014766,0
12.17683741,9.417467348,31.95644383,8,English,TRUE,1.601157842,2.398842158,0
10.27381947,7.024404367,31.14293156,9,Malay,FALSE,1.571079957,2.428920043,0
13.87560603,6.260544247,21.8431415,8,Mandarin,FALSE,1.249466219,2.750533781,0
13.58328875,8.392136842,52.30959279,9,English,TRUE,2.323407349,1.676592651,0
12.01462822,5.151450678,19.80667232,8,Malay,TRUE,1.1518832,2.8481168,0
13.54637904,8.875533823,31.79714052,8,Mandarin,TRUE,1.604123813,2.395876187,0
13.11512712,8.489463554,15.65178713,8,English,FALSE,1.057772144,2.942227856,0
13.84496488,5.275416409,26.08809976,9,Mandarin,FALSE,1.420807138,2.579192862,0
11.57071348,7.490144237,40.88345661,9,Mandarin,FALSE,1.913390464,2.086609536,0
13.25409358,7.020752078,45.47136655,8,English,TRUE,2.038460675,1.961539325,0
13.12810664,5.790696061,48.37333323,8,Mandarin,TRUE,2.121632468,1.878367532,0
10.45245155,5.77022382,44.2094746,9,Mandarin,TRUE,1.995875907,2.004124093,0
11.40476389,5.800991062,28.00532087,9,English,TRUE,1.465568245,2.534431755,0
14.30100369,7.998311922,2.248103317,8,Mandarin,FALSE,0.617929933,3.382070067,0
10.78066054,5.855533257,31.46952405,9,Malay,TRUE,1.575346073,2.424653927,0
11.89781922,5.2979797,3.309040235,9,Mandarin,FALSE,0.64225933,3.35774067,0
11.12617887,9.787884944,57.98699165,8,English,FALSE,2.46204036,1.53795964,0
10.70092709,5.195858774,22.67738948,8,Mandarin,FALSE,1.234880841,2.765119159,0
10.68205672,8.319480241,30.22027955,8,Mandarin,FALSE,1.517358021,2.482641979,0
11.73977637,9.680164618,7.772818999,8,Mandarin,FALSE,0.793293376,3.206706624,0
14.01736739,5.189676665,59.74337291,9,Malay,TRUE,2.543516204,1.456483796,0
14.83157945,9.82865941,29.5321097,8,Mandarin,FALSE,1.551006045,2.448993955,0
12.85918249,7.511695539,17.89739808,9,English,TRUE,1.160288716,2.839711284,0
13.17612145,8.925426086,11.58292005,8,English,FALSE,0.92711281,3.07288719,0
13.89371923,8.12560961,38.99584485,9,English,FALSE,1.880054783,2.119945217,0
13.30900576,8.084234907,26.17795449,8,English,TRUE,1.40653089,2.59346911,0
14.24160836,8.943792621,19.03979973,9,Mandarin,FALSE,1.226514001,2.773485999,0
14.42025725,5.327200114,0.578555736,8,Malay,FALSE,0.536759765,3.463240235,0
13.1385402,6.961949396,2.183821448,8,English,FALSE,0.593798944,3.406201056,0
12.66531361,9.847840476,41.61678783,8,Mandarin,FALSE,1.932357802,2.067642198,0
11.95525631,5.272936403,28.83242798,8,Malay,TRUE,1.45336286,2.54663714,0
12.30790331,6.313979024,50.93342487,8,Malay,FALSE,2.203999652,1.796000348,0
11.72728974,8.360534715,45.21170816,8,English,FALSE,2.027935183,1.972064817,0
12.13483165,5.502178108,34.40642739,8,Mandarin,FALSE,1.643251011,2.356748989,0
14.49854928,7.683367848,33.65945265,8,Mandarin,FALSE,1.663800926,2.336199074,0
14.86185946,8.566852096,44.72069676,9,Mandarin,TRUE,2.084977008,1.915022992,0
11.80766929,8.787101899,44.46973914,8,Mandarin,TRUE,2.00827235,1.99172765,0
11.10295024,7.805947966,20.07104842,9,English,TRUE,1.21812393,2.78187607,0
10.3909529,7.503151546,6.31916725,8,Malay,FALSE,0.709579953,3.290420047,0
14.18465482,8.569443648,46.30969359,8,Malay,FALSE,2.091197438,1.908802562,0
14.35333005,5.725298079,13.3863563,8,English,FALSE,0.966998158,3.033001842,0
12.25236057,8.4025896,47.47590494,9,Malay,FALSE,2.149079666,1.850920334,0
12.71208906,9.596226641,37.0855034,9,Malay,FALSE,1.819266604,2.180733396,0
13.69910623,8.413765349,21.47760577,9,English,FALSE,1.297048908,2.702951092,0
11.87926318,5.232518178,51.13643577,9,English,FALSE,2.235665672,1.764334328,0
11.00745073,7.529930911,41.4701129,9,Malay,TRUE,1.927710913,2.072289087,0
10.57341503,8.63137644,32.70649614,8,English,FALSE,1.602264453,2.397735547,0
11.17620601,5.216221079,18.05399705,9,Mandarin,FALSE,1.125724172,2.874275828,0
13.22667013,8.810991352,59.17683631,9,Mandarin,TRUE,2.552937825,1.447062175,0
11.73842515,6.408014032,50.31243081,9,Malay,TRUE,2.218545419,1.781454581,0
14.33851667,7.943865954,8.194544254,9,English,TRUE,0.855975301,3.144024699,0
10.43772232,9.831717697,48.37372588,9,Mandarin,TRUE,2.17515193,1.82484807,0
12.08184954,9.974647425,7.211316054,9,English,TRUE,0.820942171,3.179057829,0
11.28481215,8.172038486,14.86486382,9,Malay,TRUE,1.050063967,2.949936033,0
14.43848425,7.457418628,57.45298582,8,Malay,TRUE,2.454058556,1.545941444,0
14.03106848,5.888461526,52.19428345,9,English,TRUE,2.299004748,1.700995252,0
14.92154258,6.041668722,36.36020596,9,English,TRUE,1.781638978,2.218361022,0
10.59636419,7.146000062,41.94769007,8,English,TRUE,1.895679978,2.104320022,0
13.91121809,8.511431685,5.376568187,8,Mandarin,FALSE,0.723445437,3.276554563,0
10.62930794,8.846515583,19.94243141,8,Malay,TRUE,1.179505949,2.820494051,0
10.77511787,6.109541893,19.34547704,8,Malay,TRUE,1.133695832,2.866304168,0
10.19595607,7.677083873,1.960132452,9,Mandarin,TRUE,0.604068148,3.395931852,0
12.32353935,7.958025322,42.2461144,9,Mandarin,FALSE,1.97101946,2.02898054,0
10.62940861,9.4653901,18.45325436,9,Mandarin,FALSE,1.176056466,2.823943534,0
11.74175219,9.382107809,37.98555985,9,Malay,TRUE,1.837423928,2.162576072,0
11.38099654,9.086926007,1.633443486,8,English,FALSE,0.579127342,3.420872658,0
14.88177417,7.58330745,0.098609121,9,English,TRUE,0.587937787,3.412062213,0
13.29131436,5.325415769,10.20041186,9,Malay,TRUE,0.88618103,3.11381897,0
12.0522804,6.672367412,42.17319675,9,Malay,TRUE,1.953019703,2.046980297,0
14.39226866,8.108602406,36.25028724,9,English,TRUE,1.793351619,2.206648381,0
10.31922305,8.188035995,12.0543779,9,Mandarin,FALSE,0.946885187,3.053114813,0
11.67128871,9.245364934,31.40243508,9,Mandarin,TRUE,1.615914373,2.384085627,0
12.57296385,6.89696983,37.1532325,8,Malay,TRUE,1.75314042,2.24685958,0
10.269378,9.68311068,56.33669236,8,Malay,TRUE,2.397414632,1.602585368,0
10.72929391,5.81617634,45.74554505,9,Malay,TRUE,2.050306204,1.949693796,0
14.47523773,5.249329159,8.150002932,8,Malay,FALSE,0.788912433,3.211087567,0
10.89812994,5.88345556,16.21380301,8,English,FALSE,1.028275955,2.971724045,0
14.60828451,7.311615755,24.20917443,9,English,TRUE,1.386171484,2.613828516,0
10.48035031,9.114542423,6.317435997,8,Malay,FALSE,0.726530127,3.273469873,0
14.44107482,5.769181705,33.32140045,8,English,TRUE,1.632815914,2.367184086,0
12.26855814,7.7409323,54.42557102,8,Mandarin,FALSE,2.334280605,1.665719395,0
12.86632697,8.882957042,18.38266214,9,Mandarin,FALSE,1.190248245,2.809751755,0
11.40811152,5.174308079,59.07875357,9,Malay,TRUE,2.495115982,1.504884018,0
11.36669854,5.207600179,14.95904839,8,Mandarin,FALSE,0.984377933,3.015622067,0
12.46066724,7.452955939,28.33598347,9,Malay,FALSE,1.503669014,2.496330986,0
11.77903654,5.913231397,20.58210281,9,English,FALSE,1.222992773,2.777007227,0
10.38848166,7.252844978,18.48688684,9,Malay,TRUE,1.152642828,2.847357172,0
11.76841619,5.219677449,22.67224808,9,Mandarin,TRUE,1.285622539,2.714377461,0
11.27353094,9.884353251,1.944722217,9,Malay,FALSE,0.636402916,3.363597084,0
14.24819751,8.270944271,31.9206204,8,English,TRUE,1.609212098,2.390787902,0
14.19264186,8.433479993,44.48457613,9,English,FALSE,2.069080423,1.930919577,0
10.7073972,7.548643486,51.82754929,8,Malay,TRUE,2.230145383,1.769854617,0
13.65034566,9.124550904,19.46131199,9,Mandarin,TRUE,1.236459365,2.763540635,0
12.25419417,9.167038925,33.02425427,9,Malay,TRUE,1.675020807,2.324979193,0
14.34253223,5.795453357,53.56776165,8,Malay,FALSE,2.306971911,1.693028089,0
11.36994512,8.841976827,47.992334,8,Mandarin,TRUE,2.121863686,1.878136314,0
10.44058349,7.833374159,27.84450036,8,Malay,TRUE,1.430889589,2.569110411,0
14.00248486,8.811925358,9.890775355,8,English,TRUE,0.877836614,3.122163386,0
14.34179156,9.593497757,33.49815379,9,English,TRUE,1.715958019,2.284041981,0
14.20255569,6.675480867,59.38177168,8,Mandarin,TRUE,2.508172755,1.491827245,0
11.64649809,7.854557706,45.45003683,9,English,TRUE,2.070011786,1.929988214,0
10.15432647,8.937414558,50.88135597,9,English,TRUE,2.246962609,1.753037391,0
10.69807765,9.93384296,11.32569833,8,Mandarin,FALSE,0.903842484,3.096157516,0
14.59684436,8.062881382,54.23347402,8,Malay,FALSE,2.354379725,1.645620275,0
11.82034602,8.606140062,0.847356904,8,Malay,TRUE,0.552510091,3.447489909,0
14.40104164,9.231725286,51.73269773,9,Mandarin,TRUE,2.320750927,1.679249073,0
14.90406569,8.756406572,14.34724516,8,Mandarin,TRUE,1.034846228,2.965153772,0
11.9785687,9.711660096,37.36279632,9,Malay,TRUE,1.822328832,2.177671168,0
13.88223023,6.148546524,17.58312353,8,English,FALSE,1.106411885,2.893588115,0
10.84557229,9.538978877,8.11775711,8,Malay,TRUE,0.794437415,3.205562585,0
11.91874392,6.035528731,14.82587816,9,English,TRUE,1.033738665,2.966261335,0
13.52591252,7.825639841,28.3756972,9,English,TRUE,1.519372097,2.480627903,0
11.03555182,7.614482399,55.1796837,8,Mandarin,TRUE,2.345823132,1.654176868,0
11.59897967,9.156658532,23.34023637,9,English,FALSE,1.345564261,2.654435739,0
12.81913687,6.992736116,3.352172577,8,Mandarin,FALSE,0.629857816,3.370142184,0
13.45605835,5.715914305,1.426075268,8,English,FALSE,0.559255569,3.440744431,0
11.78439429,8.53397842,12.59223616,9,Malay,TRUE,0.982924932,3.017075068,0
11.88402021,8.033159995,3.121732091,8,English,TRUE,0.623229538,3.376770462,0
10.54934107,9.135341238,22.26776241,9,Malay,TRUE,1.29910557,2.70089443,0
14.92031033,8.793153798,23.05517834,9,Mandarin,TRUE,1.365640586,2.634359414,0
13.06118065,9.47412607,58.3284473,8,Mandarin,TRUE,2.489634644,1.510365356,0
12.65163783,9.195587913,18.37407456,8,English,TRUE,1.150941409,2.849058591,0
11.05676639,8.430181536,35.93604802,9,Malay,TRUE,1.752737747,2.247262253,0
12.44015153,7.32853672,49.12942219,9,English,FALSE,2.195334289,1.804665711,0
12.23655578,5.101821634,30.78137201,8,Mandarin,TRUE,1.519429508,2.480570492,0
11.29279513,6.537968078,41.79428497,8,Malay,TRUE,1.891450464,2.108549536,0
12.23137243,8.637611693,58.46333056,8,Mandarin,FALSE,2.477467527,1.522532473,0
11.01765121,5.297515137,19.44913945,8,Mandarin,FALSE,1.131456312,2.868543688,0
13.55112568,8.782973294,4.452634584,8,English,FALSE,0.691762143,3.308237857,0
14.54392568,7.581917749,25.81887904,9,English,FALSE,1.441887736,2.558112264,0
10.0129449,9.338929085,32.43801456,9,English,FALSE,1.634785892,2.365214108,0
12.78128212,8.299080299,34.79918512,9,English,FALSE,1.730776462,2.269223538,0
13.6615966,8.992209289,44.31375627,9,Mandarin,FALSE,2.063663268,1.936336732,0
14.535979,5.857524106,53.88510124,9,Mandarin,TRUE,2.360105072,1.639894928,0
11.79210342,5.864570822,30.00991571,9,Malay,FALSE,1.536897266,2.463102734,0
14.53575912,6.055455609,8.604342279,8,English,TRUE,0.812723557,3.187276443,0
14.12776312,6.666558836,24.20450585,9,Malay,FALSE,1.374760081,2.625239919,0
12.62607316,9.522138069,9.322163915,8,English,TRUE,0.852220909,3.147779091,0
11.28471515,8.871537357,10.93818932,9,Malay,FALSE,0.926168836,3.073831164,0
13.26408216,6.823215037,0.10198332,9,Malay,FALSE,0.564272416,3.435727584,0
11.30279227,9.592404928,55.78273006,9,English,TRUE,2.428376307,1.571623693,0
11.7442328,8.894629632,44.71559463,8,English,TRUE,2.016908445,1.983091555,0
12.33494596,8.280287161,6.016562773,9,Mandarin,TRUE,0.766704424,3.233295576,0
12.48987844,7.182833754,55.20638619,9,Mandarin,FALSE,2.396939995,1.603060005,0
10.94573533,8.25829952,52.22150024,8,English,FALSE,2.252757023,1.747242977,0
13.46901136,7.966145306,54.59340107,8,English,FALSE,2.354131602,1.645868398,0
14.95958079,8.909329597,5.838836551,9,English,FALSE,0.793316989,3.206683011,0
11.21935214,6.127897658,4.793585869,9,English,FALSE,0.693258694,3.306741306,0
12.77269927,9.427888851,4.064115823,8,Malay,TRUE,0.677476409,3.322523591,0
12.27357781,7.959349854,58.01533542,9,Malay,TRUE,2.496173791,1.503826209,0
11.53889443,9.033792795,39.62819994,8,Malay,FALSE,1.84666687,2.15333313,0
12.09890123,6.736513849,10.67892493,8,Malay,FALSE,0.864318315,3.135681685,0
13.6636123,6.959571222,55.74956912,8,Mandarin,FALSE,2.384550806,1.615449194,0
12.07369779,9.686440723,26.58990238,8,English,TRUE,1.423931465,2.576068535,0
12.53381195,8.109775462,47.12681859,9,Malay,TRUE,2.137329827,1.862670173,0
12.38619684,6.588686105,38.17129407,9,Malay,TRUE,1.822125298,2.177874702,0
12.77615118,5.410787905,38.9792877,9,English,TRUE,1.841178981,2.158821019,0
11.4559599,7.171764125,26.38374825,9,Malay,TRUE,1.425735515,2.574264485,0
12.54850951,9.245414113,23.69701412,8,Malay,TRUE,1.327839707,2.672160293,0
10.67420627,6.257159031,9.715231481,8,Mandarin,FALSE,0.813154702,3.186845298,0
13.70692113,9.301435181,4.246842178,9,Malay,TRUE,0.731644969,3.268355031,0
10.55462228,5.80823472,55.67949008,8,English,TRUE,2.339611572,1.660388428,0
13.92479612,5.649662406,56.19742188,8,Malay,FALSE,2.388991981,1.611008019,0
14.12770288,8.028460415,38.47787782,9,Mandarin,FALSE,1.86415756,2.13584244,0
10.09531187,9.023189589,23.28367714,9,Mandarin,TRUE,1.327307586,2.672692414,0
14.15419566,8.900264619,1.505400502,9,English,FALSE,0.64072462,3.35927538,0
13.24084537,7.718043328,26.85936852,8,Mandarin,TRUE,1.424901171,2.575098829,0
10.48454743,8.193458664,39.53852031,8,Malay,FALSE,1.824730738,2.175269262,0
14.98960185,6.290996454,18.01721106,9,English,TRUE,1.173379685,2.826620315,0
13.07733402,7.756104553,20.5462357,9,Malay,FALSE,1.253208909,2.746791091,0
12.00428694,6.038507524,28.33940457,8,English,FALSE,1.445074764,2.554925236,0
14.42607222,9.641792526,29.6950653,8,Mandarin,FALSE,1.550514157,2.449485843,0
10.20811556,8.390283678,44.57188844,9,Mandarin,TRUE,2.031713607,1.968286393,0
13.58671433,7.82322008,29.98567428,9,Malay,TRUE,1.57362182,2.42637818,0
10.71863043,6.235711438,50.71648279,8,Mandarin,TRUE,2.180092845,1.819907155,0
12.76250175,7.044890934,28.966592,8,Malay,FALSE,1.483626994,2.516373006,0
10.47970953,8.901083706,1.914715305,8,Mandarin,TRUE,0.577631776,3.422368224,0
13.39572872,6.197041713,8.484366933,9,Mandarin,FALSE,0.838739935,3.161260065,0
12.32464206,5.64428599,43.08970752,8,Malay,FALSE,1.936012865,2.063987135,0
10.03350532,6.536768201,27.11170354,8,Mandarin,FALSE,1.389426186,2.610573814,0
10.35699057,8.972358738,27.673046,8,English,TRUE,1.43572836,2.56427164,0
13.51519522,9.415580418,58.6804082,8,Mandarin,TRUE,2.505321363,1.494678637,0
11.99728902,7.071816659,34.28769561,8,English,TRUE,1.653614244,2.346385756,0
13.36076445,8.906288513,7.015220674,8,English,TRUE,0.776511219,3.223488781,0
11.94921841,6.661120157,26.02526276,8,English,TRUE,1.373612144,2.626387856,0
11.80843992,7.543952897,33.67951756,9,English,FALSE,1.676174513,2.323825487,0
14.27457011,5.100922332,2.24793789,9,English,FALSE,0.628686187,3.371313813,0
14.27403823,8.559979377,21.87659129,9,Mandarin,TRUE,1.317559886,2.682440114,0
14.59891414,8.593554696,58.06908792,9,Mandarin,TRUE,2.527560952,1.472439048,0
14.1151061,5.501018632,45.07819328,9,Malay,FALSE,2.05876769,1.94123231,0
10.63716102,6.794025716,22.32915406,9,Malay,TRUE,1.278617003,2.721382997,0
10.33246393,7.417733382,15.72670613,9,Malay,TRUE,1.061725511,2.938274489,0
10.29208948,8.870532234,16.98914383,9,Malay,TRUE,1.117931012,2.882068988,0
14.90103133,9.118032659,49.70487314,9,English,FALSE,2.257019745,1.742980255,0
12.50575866,8.595793558,24.09761872,8,Mandarin,TRUE,1.334269479,2.665730521,0
10.57584947,6.079234759,50.59048958,8,English,TRUE,2.172900495,1.827099505,0
12.72147637,6.781703634,54.5246193,9,Malay,TRUE,2.37251911,1.62748089,0
13.55148262,6.236514354,27.85195031,8,English,TRUE,1.446278313,2.553721687,0
10.47245153,8.185926546,56.71634566,8,Malay,TRUE,2.397128636,1.602871364,0
11.73201991,8.236747894,17.99708344,8,Malay,TRUE,1.11959046,2.88040954,0
10.93912039,5.080845797,15.60123535,9,Malay,TRUE,1.04024084,2.95975916,0
14.87715485,8.658556362,6.438118506,9,Malay,TRUE,0.809961062,3.190038938,0
11.59114262,6.147552429,14.74824411,9,Mandarin,FALSE,1.028995088,2.971004912,0
13.45252546,9.006879417,46.35922144,8,Malay,FALSE,2.08990143,1.91009857,0
14.59216911,9.164072881,24.22725744,8,Mandarin,FALSE,1.365137668,2.634862332,0
14.31594016,8.98488025,8.889772829,8,Mandarin,FALSE,0.849333965,3.150666035,0
11.96987032,7.040565095,6.421890506,9,Malay,FALSE,0.764167371,3.235832629,0
11.5545601,6.741511259,29.4145012,9,Mandarin,TRUE,1.523444087,2.476555913,0
14.04624025,7.175605423,32.36126515,9,Malay,TRUE,1.650927295,2.349072705,0
11.02579054,7.63618334,47.6733002,8,Malay,FALSE,2.095729745,1.904270255,0
13.58660578,6.249599627,42.88848518,9,Malay,TRUE,1.987978227,2.012021773,0
14.17643251,9.658181967,10.02689778,8,Malay,FALSE,0.892576071,3.107423929,0
14.24610181,7.520324801,16.61323033,8,Mandarin,FALSE,1.09143861,2.90856139,0
10.04458716,5.365985028,41.62585297,9,English,FALSE,1.901634154,2.098365846,0
12.49935363,9.986010454,10.8343673,8,English,TRUE,0.905999218,3.094000782,0
11.78795424,7.420520202,48.19345952,8,Malay,TRUE,2.118533395,1.881466605,0
14.89429958,9.734944347,39.44145678,8,Malay,TRUE,1.881007665,2.118992335,0
12.72037996,6.951418589,32.18053883,8,Malay,TRUE,1.589402613,2.410597387,0
12.13721663,6.123804013,38.65534091,8,English,FALSE,1.79112157,2.20887843,0
11.22181784,8.684400551,5.982938812,8,English,TRUE,0.718493478,3.281506522,0
14.22815091,7.162471568,32.88132249,9,Malay,FALSE,1.669950308,2.330049692,0
11.59685491,9.407293088,27.07798475,8,Mandarin,TRUE,1.432640972,2.567359028,0
14.13376935,7.322455468,30.77789776,9,Mandarin,FALSE,1.600492174,2.399507826,0
14.45803988,6.691703303,20.26001766,8,English,FALSE,1.206831354,2.793168646,0
10.29087257,9.833389798,28.09061693,8,Mandarin,FALSE,1.457596522,2.542403478,0
12.54993284,9.151873076,52.99498537,9,Mandarin,FALSE,2.343517572,1.656482428,0
12.10186943,6.027996537,20.69121654,9,Malay,FALSE,1.231005878,2.768994122,0
11.96553944,7.444276119,2.696137092,9,Mandarin,TRUE,0.643969392,3.356030608,0
11.85733796,5.566582962,15.38889447,9,Malay,FALSE,1.047202358,2.952797642,0
12.65993079,5.538722695,27.26181377,9,Malay,TRUE,1.45071366,2.54928634,0
10.65100633,9.267000345,32.0094337,8,Malay,TRUE,1.58616119,2.41383881,0
14.35643997,9.659129037,25.62888173,9,Malay,TRUE,1.454451748,2.545548252,0
12.7899146,8.69416335,49.59672905,8,Mandarin,FALSE,2.188065081,1.811934919,0
11.73555314,9.946183507,54.91037507,9,English,TRUE,2.407163202,1.592836798,0
11.21514082,5.226394203,29.20804404,9,Mandarin,TRUE,1.498016818,2.501983182,0
13.08281818,6.657547088,4.552787247,8,English,FALSE,0.669163228,3.330836772,0
13.93365809,5.660621551,25.25923988,8,English,FALSE,1.357917459,2.642082541,0
12.20429786,8.910092516,10.87433634,9,Malay,FALSE,0.933621782,3.066378218,0
14.92262164,9.452065124,17.00978405,8,Mandarin,TRUE,1.130739669,2.869260331,0
12.67784071,7.235592697,49.97396308,8,English,TRUE,2.184933103,1.815066897,0
14.89455728,9.146024102,32.11751385,9,English,FALSE,1.670989609,2.329010391,0
14.81300291,9.238108073,49.71550276,8,Mandarin,FALSE,2.217694535,1.782305465,0
12.99872291,5.698452307,59.13758185,9,English,FALSE,2.518224481,1.481775519,0
12.90668133,6.884928156,32.71372308,9,Mandarin,TRUE,1.648373531,2.351626469,0
10.52836542,5.940141156,54.7357358,9,Malay,TRUE,2.349209593,1.650790407,0
14.64639705,8.350254805,41.00795821,9,English,TRUE,1.956898459,2.043101541,0
14.01604832,6.936655474,6.109109569,9,Malay,FALSE,0.773164024,3.226835976,0
12.50231791,8.338874073,25.07393441,9,English,TRUE,1.404209734,2.595790266,0
11.53203985,9.379381389,39.53639293,9,Malay,TRUE,1.886993977,2.113006023,0
14.19273066,7.063761719,42.31569913,8,English,FALSE,1.943088228,2.056911772,0
11.45758796,9.859618793,51.63995875,9,Mandarin,TRUE,2.294504026,1.705495974,0
12.70928817,7.04307037,38.23747791,8,Malay,TRUE,1.792106182,2.207893818,0
10.99413303,6.068673276,5.405628161,8,Mandarin,TRUE,0.670815668,3.329184332,0
14.02256851,7.646364157,8.546579675,9,English,TRUE,0.861575316,3.138424684,0
13.76404396,6.995192669,19.69932805,8,Malay,FALSE,1.184236635,2.815763365,0
11.45887237,5.625007541,17.64262338,8,Malay,FALSE,1.078926245,2.921073755,0
10.5867802,5.115959718,13.29632157,8,English,FALSE,0.920238118,3.079761882,0
10.88534943,8.720020863,37.03777211,8,English,FALSE,1.750646107,2.249353893,0
13.08177307,9.664297434,25.78260445,8,English,TRUE,1.406880853,2.593119147,0
10.75019964,7.202372596,41.09932686,9,Mandarin,FALSE,1.909503284,2.090496716,0
11.60062746,5.327035387,23.21813869,9,Malay,FALSE,1.303214585,2.696785415,0
14.19599358,8.703215547,16.44491213,8,Malay,FALSE,1.097155829,2.902844171,0
10.40886574,9.335359831,33.02827041,9,Mandarin,FALSE,1.658384603,2.341615397,0
12.90590527,6.618265431,5.805604304,9,Malay,TRUE,0.74876185,3.25123815,0
11.99913189,6.110076365,59.31950023,8,Mandarin,TRUE,2.478408757,1.521591243,0
10.60157852,6.685282996,39.33779597,8,Mandarin,TRUE,1.804128481,2.195871519,0
12.54717445,9.541576256,7.329740939,8,English,TRUE,0.785212205,3.214787795,0
12.5832263,7.089805642,37.34451605,9,Mandarin,FALSE,1.801547521,2.198452479,0
11.89043152,8.270789651,4.46593184,8,Malay,FALSE,0.670476606,3.329523394,0
10.27661099,5.371775486,30.37355465,8,Malay,FALSE,1.488935687,2.511064313,0
11.03433588,6.407694542,17.45178174,9,English,FALSE,1.116146362,2.883853638,0
12.02359738,6.140129387,42.04577741,8,Malay,TRUE,1.903163181,2.096836819,0
11.38611899,5.313121206,29.22431971,9,Mandarin,TRUE,1.501136392,2.498863608,0
10.80265164,5.603062056,47.15249344,9,Malay,FALSE,2.095806918,1.904193082,0
12.43483006,7.083021705,13.78548784,9,Mandarin,TRUE,1.014694779,2.985305221,0
11.98800229,7.790024246,39.37074394,8,Malay,FALSE,1.830138397,2.169861603,0
13.32470096,6.559594219,41.27034151,8,Malay,FALSE,1.894521002,2.105478998,0
12.80215655,7.097508375,28.65102306,8,English,FALSE,1.474030751,2.525969249,0
10.84872883,8.797462915,51.49833956,8,Mandarin,TRUE,2.233073236,1.766926764,0
13.43830577,6.235934148,8.798853356,9,English,TRUE,0.850037511,3.149962489,0
12.32690313,5.170611923,45.50481279,9,English,FALSE,2.051802243,1.948197757,0
10.567283,6.284944089,7.91926074,9,English,TRUE,0.792497629,3.207502371,0
10.09226051,9.607006585,9.414266306,9,English,FALSE,0.870801548,3.129198452,0
13.13211634,5.090126166,12.089225,8,Mandarin,TRUE,0.905196592,3.094803408,0
13.09323002,5.644698248,39.66460368,9,Mandarin,FALSE,1.869532739,2.130467261,0
14.10235153,5.325403052,38.34075203,8,Malay,FALSE,1.792302613,2.207697387,0
13.81216728,6.884634774,26.753183,8,Malay,TRUE,1.418740787,2.581259213,0
14.38751826,8.238739372,18.86785167,9,English,TRUE,1.215190965,2.784809035,0
11.46209228,9.551720816,36.76632664,9,Mandarin,FALSE,1.795682352,2.204317648,0
12.06586571,8.970333418,8.651335628,8,Malay,FALSE,0.818739846,3.181260154,0
10.30962302,6.253529565,37.71954129,9,English,FALSE,1.782949569,2.217050431,0
12.05673961,8.174199714,0.717110305,9,English,TRUE,0.58621307,3.41378693,0
11.09882885,8.319223118,8.668136457,8,Malay,TRUE,0.803118402,3.196881598,0
14.02658572,5.45256236,42.47557068,9,Mandarin,FALSE,1.970643837,2.029356163,0
13.28133344,7.135671227,52.43820201,8,Malay,TRUE,2.272110114,1.727889886,0
13.90845252,6.556249686,4.53600224,8,Malay,TRUE,0.675847097,3.324152903,0
12.96241663,5.785569666,38.32602392,8,Mandarin,FALSE,1.785013994,2.214986006,0
12.9896855,5.293358255,3.714353117,9,Malay,FALSE,0.666642208,3.333357792,0
11.17612465,5.135678865,52.73817894,8,English,FALSE,2.241057333,1.758942667,0
13.34910799,9.293643247,23.49989618,9,Malay,FALSE,1.369757385,2.630242615,0
10.71985038,6.653212265,44.47055846,9,Mandarin,FALSE,2.016082575,1.983917425,0
11.37921069,7.465370904,10.36512867,9,Mandarin,TRUE,0.893950105,3.106049895,0
10.89973791,6.458161536,51.68102202,8,Malay,FALSE,2.216279728,1.783720272,0
14.74758183,5.829279316,25.75022353,8,Malay,TRUE,1.384109396,2.615890604,0
14.49043614,6.30650168,12.53143454,9,Malay,FALSE,0.985683863,3.014316137,0
14.37418038,5.849930477,34.34695182,8,English,FALSE,1.667139502,2.332860498,0
14.80086667,8.789387708,17.28968147,8,Mandarin,TRUE,1.132225259,2.867774741,0
13.06297087,9.537568564,17.22301409,8,English,TRUE,1.120105864,2.879894136,0
14.47348928,7.172508197,6.87272294,8,English,TRUE,0.765550739,3.234449261,0
11.45929166,9.114621624,12.83385343,9,English,TRUE,0.993534247,3.006465753,0
11.92378972,7.12893455,47.8718101,8,Mandarin,FALSE,2.106254246,1.893745754,0
12.33483001,7.233909001,31.41471422,8,Mandarin,TRUE,1.562844531,2.437155469,0
10.44702483,7.425578366,21.2963747,8,English,TRUE,1.208605189,2.791394811,0
14.12346634,9.101181609,55.76238786,9,Mandarin,TRUE,2.450992742,1.549007258,0
10.59587881,9.681623542,47.84325401,9,Mandarin,TRUE,2.157550157,1.842449843,0
13.99826637,8.722215558,18.61632993,8,Mandarin,TRUE,1.16774915,2.83225085,0
14.61128374,9.442216524,6.643953079,8,Malay,FALSE,0.782000105,3.217999895,0
12.83915433,8.213628355,11.06050876,9,Mandarin,TRUE,0.939211452,3.060788548,0
10.82950768,9.196286848,40.51011707,9,Mandarin,TRUE,1.910595181,2.089404819,0
12.18353058,7.784118378,33.78400149,9,Mandarin,TRUE,1.685809873,2.314190127,0
10.69426736,8.86352905,58.84666204,9,English,TRUE,2.517133365,1.482866635,0
10.59518966,8.526257619,0.80963896,8,Malay,FALSE,0.538202438,3.461797562,0
13.78039225,8.74631019,52.60759542,8,Malay,FALSE,2.298853539,1.701146461,0
11.96518379,6.171883272,0.856152569,9,English,FALSE,0.56990909,3.43009091,0
10.00064476,5.768755038,25.48555388,8,Mandarin,TRUE,1.327212461,2.672787539,0
10.24232224,8.265147617,54.99532219,9,Mandarin,FALSE,2.378252105,1.621747895,0
14.08876794,7.414436245,39.50492454,9,Malay,FALSE,1.89186286,2.10813714,0
13.09849119,8.82330031,34.99798018,8,Mandarin,FALSE,1.705817254,2.294182746,0
14.22257101,5.732521656,18.80995834,9,Malay,TRUE,1.186549538,2.813450462,0
11.36835737,9.738463093,57.96765061,8,English,TRUE,2.463323225,1.536676775,0
11.57160615,8.52018559,10.09347338,8,Malay,FALSE,0.85736703,3.14263297,0
13.08435851,5.114945251,16.19325132,8,Malay,FALSE,1.041768081,2.958231919,0
13.32576747,7.882669259,27.17734382,8,Malay,TRUE,1.437995828,2.562004172,0
10.13258396,6.563099894,7.577949337,8,Malay,TRUE,0.73955515,3.26044485,0
14.5360747,6.373380479,25.41283558,9,Malay,TRUE,1.416189071,2.583810929,0
13.99581544,9.510823377,2.360578527,8,English,TRUE,0.633752339,3.366247661,0
10.65931587,9.179743064,55.44712593,9,Mandarin,FALSE,2.40662812,1.59337188,0
10.05161303,5.047768019,19.32834816,8,Mandarin,FALSE,1.115272083,2.884727917,0
13.84582382,5.908357051,38.0281549,8,Malay,FALSE,1.785146972,2.214853028,0
14.51439539,8.597659189,52.23162431,9,Mandarin,FALSE,2.332174689,1.667825311,0
11.61052573,9.240953144,49.09957239,8,Malay,FALSE,2.165167202,1.834832798,0
11.60401117,8.588018877,52.40344653,8,Mandarin,FALSE,2.268701852,1.731298148,0
12.57309311,7.626520397,43.21851894,8,Mandarin,TRUE,1.962613433,2.037386567,0
13.3727818,9.92288584,11.62462993,9,Mandarin,FALSE,0.980444341,3.019555659,0
13.23834755,8.986398172,21.9929125,8,Mandarin,FALSE,1.275344541,2.724655459,0
13.76316181,7.339641581,30.72190304,8,English,TRUE,1.555091468,2.444908532,0
10.56992104,7.91738243,20.21702108,9,Malay,FALSE,1.218773737,2.781226263,0
12.59907574,5.224095053,57.31403593,9,Malay,TRUE,2.448699572,1.551300428,0
12.53164679,9.823676701,48.41021711,9,English,FALSE,2.197227139,1.802772861,0
14.74926854,6.813693749,47.93710003,8,English,FALSE,2.133532957,1.866467043,0
14.59125849,8.307595139,21.6663188,8,English,TRUE,1.271199163,2.728800837,0
13.7516109,8.334751128,45.29030993,8,English,TRUE,2.050540618,1.949459382,0
14.38457361,5.284710164,36.84315914,8,English,TRUE,1.744798142,2.255201858,0
13.72810817,6.329264371,22.51286594,8,Malay,FALSE,1.27100259,2.72899741,0
13.60241109,8.280960263,18.49679502,8,English,FALSE,1.155393547,2.844606453,0
11.07854641,9.560787582,47.33011888,8,Malay,TRUE,2.104063969,1.895936031,0
13.08626287,8.893165174,35.80799948,8,Malay,TRUE,1.733394263,2.266605737,0
14.58031101,7.900692118,2.219723172,8,Mandarin,FALSE,0.618800804,3.381199196,0
13.75071978,6.162423062,1.301942638,8,Mandarin,TRUE,0.562529516,3.437470484,0
13.02361382,9.744212724,50.51823985,8,Mandarin,TRUE,2.231619594,1.768380406,0
11.29087781,7.018341909,5.389152544,8,English,TRUE,0.682730615,3.317269385,0
13.3932048,5.74952505,31.16170612,8,English,TRUE,1.550150836,2.449849164,0
11.73529817,5.108194326,36.51982851,9,Mandarin,TRUE,1.745762542,2.254237458,0
10.32616931,9.750754783,54.95772735,8,English,FALSE,2.352693486,1.647306514,0
11.19675733,8.889576939,30.87158218,9,Mandarin,FALSE,1.589916082,2.410083918,0
11.94616538,6.081921597,11.64172777,8,Malay,TRUE,0.888338462,3.111661538,0
14.98333717,5.708885002,15.6402314,9,Malay,TRUE,1.088263268,2.911736732,0
13.80058402,9.797389398,2.931361307,9,Malay,TRUE,0.693691778,3.306308222,0
11.39782927,6.203957405,13.32344227,9,Malay,FALSE,0.980132609,3.019867391,0
13.81194916,7.309684774,48.90841292,8,Mandarin,FALSE,2.16149677,1.83850323,0
11.78820593,8.054267641,45.41271675,9,Malay,FALSE,2.072181961,1.927818039,0
13.03956563,5.311902058,4.916572434,9,Malay,FALSE,0.707400425,3.292599575,0
13.82340364,6.722166227,28.77585054,9,English,FALSE,1.524650717,2.475349283,0
13.70417472,9.718200868,18.10935895,9,Malay,TRUE,1.197869054,2.802130946,0
10.70016588,8.501738275,38.99692599,8,Malay,FALSE,1.811916575,2.188083425,0
14.12769219,6.838926169,57.68043262,9,Mandarin,TRUE,2.492347271,1.507652729,0
14.61468941,8.958650999,37.84120539,8,English,TRUE,1.817106917,2.182893083,0
11.16710318,9.185934065,44.74197296,8,English,TRUE,2.014929471,1.985070529,0
11.64708062,5.758896757,23.88769138,9,English,FALSE,1.330316153,2.669683847,0
14.69098727,7.932972148,1.961267345,8,English,TRUE,0.611615172,3.388384828,0
14.91838037,6.833773003,25.08592578,9,Mandarin,TRUE,1.41371906,2.58628094,0
12.26749931,7.534315368,30.64773518,8,Mandarin,FALSE,1.539609319,2.460390681,0
10.17268749,7.345314868,29.56079779,8,Mandarin,TRUE,1.48053995,2.51946005,0
14.66445582,7.519120135,14.01258524,8,Malay,FALSE,1.008921934,2.991078066,0
10.12696367,7.609740187,28.4995602,9,English,FALSE,1.487352379,2.512647621,0
11.65104715,5.346282092,43.07956968,8,English,TRUE,1.925958948,2.074041052,0
10.44844948,5.888471728,18.68859104,8,Mandarin,TRUE,1.106322247,2.893677753,0
12.55872208,7.830987862,38.04016006,8,English,TRUE,1.791902435,2.208097565,0
10.18786422,9.680174322,9.194046031,9,Malay,TRUE,0.865148586,3.134851414,0
11.12704589,8.732579177,16.68276996,9,English,TRUE,1.114688583,2.885311417,0
12.29421929,6.193215817,53.03567461,9,Malay,FALSE,2.312730171,1.687269829,0
10.37084961,6.808590403,37.59734207,8,English,FALSE,1.745039136,2.254960864,0
12.40211677,6.676900527,5.150370345,9,English,TRUE,0.722469184,3.277530816,0
11.32557007,8.847583376,15.87820915,8,Mandarin,FALSE,1.051005173,2.948994827,0
11.33456781,9.86098417,59.63767286,8,Malay,TRUE,2.519877948,1.480122052,0
14.68517304,6.777028942,16.20629112,8,English,TRUE,1.074831724,2.925168276,0
13.45114619,5.07380348,34.83053756,9,English,TRUE,1.706267415,2.293732585,0
14.64740046,9.68441226,33.0208385,8,Mandarin,FALSE,1.664012744,2.335987256,0
12.87844933,8.76614076,24.14181349,9,Malay,TRUE,1.381173017,2.618826983,0
14.53586157,9.171778459,2.026666683,9,Malay,TRUE,0.664631956,3.335368044,0
14.1871406,6.043403782,17.06021715,8,Mandarin,FALSE,1.090979349,2.909020651,0
14.98921564,8.228286334,57.20095511,8,English,TRUE,2.458873523,1.541126477,0
12.51551751,6.163543489,1.151455431,8,Malay,FALSE,0.545172458,3.454827542,0
13.48063062,5.058086511,42.94101011,8,Mandarin,TRUE,1.936754175,2.063245825,0
10.80334574,5.785332182,53.56497748,8,Mandarin,TRUE,2.271386029,1.728613971,0
14.69746028,9.614035232,45.74319769,9,Mandarin,FALSE,2.127888211,1.872111789,0
11.99373772,6.076598847,19.39497418,9,Mandarin,TRUE,1.187202505,2.812797495,0
14.58316711,7.925710748,31.22807312,9,Mandarin,FALSE,1.626024549,2.373975451,0
10.50356311,9.840066122,52.05285101,8,English,TRUE,2.258531326,1.741468674,0
12.57627244,5.37843162,58.52746367,8,Malay,FALSE,2.450462496,1.549537504,0
10.00700232,9.039685719,5.821744094,8,Mandarin,FALSE,0.704525017,3.295474983,0
12.08009164,7.987784603,7.460987815,9,English,FALSE,0.809378356,3.190621644,0
10.41591927,6.616999069,57.34863583,8,English,TRUE,2.401950378,1.598049622,0
12.24589827,6.821272767,52.35746522,9,Mandarin,TRUE,2.295920551,1.704079449,0
12.77897403,5.135913744,12.66451381,9,Malay,FALSE,0.961299338,3.038700662,0
14.26135784,6.279176185,58.20624322,8,Mandarin,FALSE,2.465613448,1.534386552,0
11.47716235,7.117002726,12.54012192,9,Mandarin,FALSE,0.963945715,3.036054285,0
12.83404251,8.584567848,5.310916036,8,Malay,FALSE,0.711216638,3.288783362,0
10.33228408,6.373892208,40.91314044,8,Mandarin,TRUE,1.850833111,2.149166889,0
14.56752478,7.901550447,32.38776097,9,English,TRUE,1.664282784,2.335717216,0
12.25865379,8.658439091,14.37990168,8,English,FALSE,1.008500985,2.991499015,0
11.26295015,8.492654432,55.69667046,8,Malay,FALSE,2.374111728,1.625888272,0
12.31615425,7.95145757,24.25439272,8,Malay,FALSE,1.331155875,2.668844125,0
12.40752997,7.900956785,24.17439541,8,Mandarin,TRUE,1.328898048,2.671101952,0
13.71648193,8.606054528,37.90955113,8,English,TRUE,1.806877069,2.193122931,0
14.87287026,6.67755881,13.84770268,8,English,TRUE,0.99709438,3.00290562,0
10.93071586,7.251074512,35.21085033,8,Mandarin,FALSE,1.675512915,2.324487085,0
10.27246724,9.830834299,21.83910886,9,Malay,FALSE,1.289003311,2.710996689,0
13.27853624,8.343009268,41.70053005,8,English,TRUE,1.926233123,2.073766877,0
14.42289212,7.599460984,14.86244813,8,English,FALSE,1.035638469,2.964361531,0
12.82520828,7.891560414,11.12771535,9,Mandarin,TRUE,0.938091532,3.061908468,0
10.39934987,5.522143931,14.98882582,9,Malay,TRUE,1.018842465,2.981157535,0
12.10887448,7.959943779,56.15608959,8,Mandarin,TRUE,2.392557836,1.607442164,0
13.27366383,9.182494843,50.95373557,8,English,FALSE,2.243019439,1.756980561,0
11.64023838,7.618078445,49.73390365,8,Mandarin,TRUE,2.170379957,1.829620043,0
14.22453481,5.884488775,46.84167978,9,Mandarin,FALSE,2.122479562,1.877520438,0
11.12346794,7.241049562,38.21704334,8,Malay,FALSE,1.77754662,2.22245338,0
11.82247346,6.390118848,5.903953433,8,Mandarin,TRUE,0.698924371,3.301075629,0
14.58216267,6.798704182,19.47911515,9,English,FALSE,1.223112507,2.776887493,0
12.86774895,6.125044996,33.71212313,9,English,FALSE,1.673665377,2.326334623,0
10.03117518,6.669556529,6.344983607,9,Malay,FALSE,0.738506771,3.261493229,0
11.22010666,9.108491596,1.806983118,8,Mandarin,FALSE,0.583518753,3.416481247,0
13.76658097,8.788530823,5.605713033,8,Malay,FALSE,0.732408219,3.267591781,0
10.26024102,7.452695577,6.484178702,8,Mandarin,FALSE,0.713268656,3.286731344,0
14.96528055,8.912509177,6.572303326,9,Malay,TRUE,0.817854675,3.182145325,0
14.48952985,9.87782592,11.4103335,8,Mandarin,TRUE,0.944018008,3.055981992,0
11.11913408,7.030722533,29.94579912,8,Malay,FALSE,1.49969187,2.50030813,0
14.47752417,9.899935955,17.1270386,8,Mandarin,FALSE,1.134675888,2.865324112,0
13.49736771,6.229530748,51.60795008,9,English,FALSE,2.277533987,1.722466013,0
12.12675403,9.772689091,52.56831485,8,Mandarin,TRUE,2.291271593,1.708728407,0
10.98058744,9.322168942,55.21498525,9,Mandarin,TRUE,2.403527072,1.596472928,0
11.00105714,5.995654797,28.2695483,9,Mandarin,TRUE,1.472285396,2.527714604,0
12.97037189,6.749217515,46.4425079,9,Malay,TRUE,2.105279491,1.894720509,0
12.08030647,8.539605427,35.45896892,9,English,TRUE,1.748164749,2.251835251,0
12.97602921,5.958105416,8.662355638,9,Malay,TRUE,0.838086534,3.161913466,0
11.65127779,7.953532667,38.14191607,9,English,TRUE,1.827445307,2.172554693,0
11.15037258,7.674035645,50.22126214,8,Malay,TRUE,2.182286154,1.817713846,0
14.18277813,6.45937041,20.87644061,9,Mandarin,FALSE,1.262302839,2.737697161,0
14.60021774,6.502667199,44.80051962,9,Mandarin,FALSE,2.064379503,1.935620497,0
13.52628603,7.581541353,46.4710348,8,Malay,FALSE,2.080112767,1.919887233,0
10.80794442,6.499247008,38.61499954,9,Mandarin,TRUE,1.820238566,2.179761434,0
10.4615521,5.901273478,52.99645773,8,Malay,TRUE,2.250176847,1.749823153,0
12.69541849,8.866793485,8.689281642,9,Malay,TRUE,0.865264841,3.134735159,0
12.75176098,7.908807986,50.60499847,8,English,FALSE,2.213438972,1.786561028,0
13.19620815,7.188180203,36.64386414,8,Mandarin,FALSE,1.745306021,2.254693979,0
14.53087711,5.906237924,51.33973783,9,Mandarin,TRUE,2.275695745,1.724304255,0
13.23396923,7.971827389,31.96065728,8,Mandarin,FALSE,1.597413209,2.402586791,0
14.58073225,8.143032949,19.67775218,8,Malay,FALSE,1.203162725,2.796837275,0
10.58848737,7.398778106,53.83161939,8,English,TRUE,2.294259968,1.705740032,0
13.54623764,6.863697063,52.64421558,9,Mandarin,FALSE,2.318906533,1.681093467,0
14.63720646,9.33623366,16.06065942,9,Malay,FALSE,1.135089715,2.864910285,0
12.31402889,8.524049036,44.64649326,8,Mandarin,TRUE,2.016597221,1.983402779,0
14.8376016,6.780857165,5.477682545,9,English,FALSE,0.758774006,3.241225994,0
12.76256626,7.965452245,5.158676059,8,Malay,TRUE,0.699236054,3.300763946,0
14.71487077,6.168655676,30.6842673,9,Malay,TRUE,1.591644174,2.408355826,0
13.74259107,5.05734983,2.145695461,8,Malay,FALSE,0.579522591,3.420477409,0
12.28880483,9.344236522,26.02518514,8,Malay,TRUE,1.403836585,2.596163415,0
10.17145701,9.094445139,47.44485713,9,English,TRUE,2.134154259,1.865845741,0
13.28695872,8.19701598,53.36842042,8,Malay,FALSE,2.313787094,1.686212906,0
11.27139305,9.056568162,15.28688594,8,Malay,TRUE,1.032842477,2.967157523,0
11.44327617,8.904113044,4.618816,8,Malay,FALSE,0.677434425,3.322565575,0
10.09891986,9.301281151,37.8392635,8,English,FALSE,1.775310793,2.224689207,0
12.78826225,9.459320126,15.88997047,9,Mandarin,FALSE,1.112141506,2.887858494,0
11.44647181,9.09401622,1.406890753,9,Mandarin,TRUE,0.612301239,3.387698761,0
14.91194215,9.258743557,7.871878751,9,English,TRUE,0.864102815,3.135897185,0
13.74503838,7.508478978,56.3013449,8,English,TRUE,2.40924667,1.59075333,0
11.7874364,8.540037182,52.5045787,8,Malay,TRUE,2.273427359,1.726572641,0
11.472243,6.666233229,49.77704426,8,English,FALSE,2.160619571,1.839380429,0
13.57486634,9.305659373,20.36841244,9,Mandarin,TRUE,1.267752338,2.732247662,0
11.27103904,9.292953181,42.87136408,8,Mandarin,TRUE,1.954685391,2.045314609,0
12.24002929,5.330712395,57.42088687,8,Mandarin,FALSE,2.409736979,1.590263021,0
10.80192667,6.735099237,34.05486583,8,English,FALSE,1.630532453,2.369467547,0
11.27054162,5.857224016,19.98577254,9,English,FALSE,1.197470074,2.802529926,0
10.49192655,5.678999679,47.95976605,9,Malay,TRUE,2.120368131,1.879631869,0
12.13573923,7.074463869,25.82024868,9,Malay,TRUE,1.412776987,2.587223013,0
14.63391434,8.128306986,34.64062151,8,Malay,TRUE,1.702309597,2.297690403,0
10.50430126,6.718628961,32.47268043,8,Malay,TRUE,1.574651983,2.425348017,0
12.18665327,6.546074846,13.04507128,9,Malay,TRUE,0.982162991,3.017837009,0
11.49161263,5.472287961,0.040044854,8,English,TRUE,0.490973834,3.509026166,0
11.81481974,6.914598946,59.93016309,9,Mandarin,TRUE,2.54496629,1.45503371,0
13.85742912,7.354888534,25.00990638,9,Malay,FALSE,1.405786723,2.594213277,0
12.17521576,6.993529957,17.0289883,9,Malay,FALSE,1.1193204,2.8806796,0
13.25196646,8.400421612,45.95289641,8,Mandarin,TRUE,2.068287094,1.931712906,0
14.86098724,6.440790652,35.55148276,9,Mandarin,TRUE,1.758067204,2.241932796,0
13.08230386,8.580213252,52.8275927,9,Mandarin,FALSE,2.337544928,1.662455072,0
11.68694383,9.413846528,46.86606057,8,Mandarin,TRUE,2.093209923,1.906790077,0
11.9882785,7.956201495,16.90615583,9,English,TRUE,1.122983328,2.877016672,0
13.47954552,6.943388286,35.53465574,9,Mandarin,TRUE,1.748717863,2.251282137,0
13.47167045,5.898464421,30.16211728,8,Malay,TRUE,1.519105258,2.480894742,0
11.84051427,9.662118636,57.30502004,8,Mandarin,TRUE,2.445193664,1.554806336,0
13.62233759,8.759278074,14.37420832,9,Malay,TRUE,1.062956434,2.937043566,0
12.75287927,6.232205574,17.03006927,9,English,FALSE,1.117519824,2.882480176,0
14.90210189,5.753173928,55.22569241,8,Malay,FALSE,2.367409172,1.632590828,0
14.54045539,5.246551064,27.4686514,9,English,TRUE,1.473491778,2.526508222,0
14.11926544,5.952764888,27.43527048,8,Malay,FALSE,1.435229319,2.564770681,0
10.17167222,8.661876101,52.09251594,8,English,TRUE,2.244752681,1.755247319,0
11.90217294,8.147667959,17.76303223,9,Mandarin,FALSE,1.152599483,2.847400517,0
12.86645587,9.837183255,41.81385838,9,English,FALSE,1.980831671,2.019168329,0
12.60808104,6.609854788,43.2913844,8,Mandarin,FALSE,1.955225505,2.044774495,0
13.81782844,8.933000961,26.5439008,9,English,FALSE,1.472304987,2.527695013,0
14.54541918,5.602294773,20.03763103,9,Mandarin,TRUE,1.229398174,2.770601826,0
13.93571476,7.812913489,44.79933828,8,English,FALSE,2.030797559,1.969202441,0
11.10100549,7.333953861,15.3554257,9,Malay,TRUE,1.056197117,2.943802883,0
12.42806089,9.190997248,49.15859425,8,Malay,FALSE,2.17481039,1.82518961,0
11.96805805,8.508016159,24.98468845,9,Malay,FALSE,1.39758369,2.60241631,0
13.83100316,5.971576901,1.102639144,9,Mandarin,TRUE,0.594780439,3.405219561,0
14.47562011,9.919422321,34.15626923,8,Malay,FALSE,1.702492732,2.297507268,0
11.43413879,9.115716732,11.66506651,8,Malay,TRUE,0.914334106,3.085665894,0
12.44454923,6.773151944,27.99391353,9,English,TRUE,1.485307463,2.514692537,0
13.65959209,9.130151274,48.50012828,9,Malay,TRUE,2.204568376,1.795431624,0
10.24976486,9.784553212,11.40078303,8,Mandarin,FALSE,0.900369282,3.099630718,0
14.81535935,9.451409697,12.48676944,8,Mandarin,TRUE,0.978893338,3.021106662,0
13.99981976,7.781049964,28.43075913,9,English,FALSE,1.525500668,2.474499332,0
12.71383222,7.88573914,28.59006808,8,Mandarin,FALSE,1.478997983,2.521002017,0
13.89325246,5.532993897,27.22019569,8,Mandarin,FALSE,1.42160232,2.57839768,0
14.1817899,5.823532635,41.66957867,8,English,TRUE,1.909039181,2.090960819,0
12.46917658,9.913043193,16.14587658,8,Malay,TRUE,1.082018084,2.917981916,0
12.20035841,8.848950856,15.63166809,8,English,TRUE,1.051548696,2.948451304,0
14.18851735,5.127535014,1.34166557,8,English,TRUE,0.557882709,3.442117291,0
14.29835997,7.737713991,22.90408107,8,Malay,TRUE,1.303830109,2.696169891,0
10.61813763,6.726484317,11.74639248,8,English,FALSE,0.884992635,3.115007365,0
14.53921044,6.557564744,35.49589896,9,Mandarin,FALSE,1.754164384,2.245835616,0
11.38396985,7.78301897,10.87024138,8,English,FALSE,0.874011268,3.125988732,0
13.33583698,6.600754067,53.67186312,9,Malay,TRUE,2.348428015,1.651571985,0
13.54655224,6.257772725,50.94085934,9,Malay,FALSE,2.256071894,1.743928106,0
11.39861815,9.689079534,45.91019543,8,English,FALSE,2.061216825,1.938783175,0
11.52088039,5.199286025,48.51145115,9,Malay,FALSE,2.144250036,1.855749964,0
13.53150335,7.180855016,57.57499608,8,English,TRUE,2.44629012,1.55370988,0
10.87537991,7.55593053,19.18853643,9,Mandarin,TRUE,1.183930985,2.816069015,0
14.29206668,7.199758941,58.79155206,9,Mandarin,TRUE,2.534636658,1.465363342,0
11.11447708,8.28625619,53.43135994,8,Malay,TRUE,2.295052664,1.704947336,0
11.75586229,5.128380095,21.71352538,8,Malay,TRUE,1.212626603,2.787373397,0
11.33329219,9.424992208,51.84443406,9,English,TRUE,2.295730646,1.704269354,0
11.22648944,7.501061186,53.83828777,9,Mandarin,TRUE,2.341885099,1.658114901,0
14.89433118,7.768372259,2.165298759,9,Malay,FALSE,0.65880366,3.34119634,0
11.26662236,7.313855426,52.55774216,9,Mandarin,FALSE,2.297729516,1.702270484,0
12.89164517,7.222542607,25.99467646,9,English,TRUE,1.427631093,2.572368907,0
13.72690696,5.933497027,48.68063794,8,Mandarin,FALSE,2.139291971,1.860708029,0
10.20987242,7.521977535,6.669839488,9,English,TRUE,0.759646482,3.240353518,0
14.40785993,7.10673617,10.33122065,8,Malay,FALSE,0.879519983,3.120480017,0
10.76444569,7.340597246,58.72656746,8,Malay,FALSE,2.458602678,1.541397322,0
12.94032884,5.069154404,24.97083087,8,Malay,TRUE,1.332455861,2.667544139,0
13.2056406,5.654467411,47.90732018,8,Malay,FALSE,2.105511753,1.894488247,0
13.1478292,8.815856517,45.01464658,8,English,TRUE,2.040125077,1.959874923,0
13.6672306,7.095519914,47.16295624,9,English,TRUE,2.139726046,1.860273954,0
14.65618779,8.714535048,45.87734285,9,Malay,FALSE,2.12295199,1.87704801,0
14.63444017,5.855556305,54.83757476,9,Malay,TRUE,2.392819123,1.607180877,0
12.89038997,8.491051526,35.55521254,9,Mandarin,FALSE,1.758988166,2.241011834,0
11.84959374,6.44555824,25.52728812,8,English,TRUE,1.353861124,2.646138876,0
11.60752313,8.525608142,55.51379214,8,Mandarin,FALSE,2.371791051,1.628208949,0
14.43343614,5.43391875,21.4171688,8,English,FALSE,1.232579175,2.767420825,0
14.26564338,6.66820735,37.84192732,9,English,FALSE,1.830736085,2.169263915,0
11.47910958,5.596782072,51.31308431,9,Malay,TRUE,2.24119506,1.75880494,0
10.76174896,8.148221039,54.96104452,8,Malay,TRUE,2.341134517,1.658865483,0
14.3057106,6.962990345,56.96580727,8,Mandarin,TRUE,2.431547252,1.568452748,0
13.04174584,5.371384633,39.59596429,9,Malay,TRUE,1.863996781,2.136003219,0
11.56569443,7.631829776,43.21202196,8,Malay,TRUE,1.952375974,2.047624026,0
13.05324425,5.124484999,29.85124179,8,Malay,TRUE,1.496818686,2.503181314,0
10.33098411,9.092388326,17.09354943,9,English,TRUE,1.124018705,2.875981295,0
10.95068378,9.691731508,0.970771531,8,Malay,FALSE,0.558783204,3.441216796,0
12.72894051,9.050353948,13.32244412,8,Malay,TRUE,0.981874415,3.018125585,0
12.69584163,9.757529176,58.79756062,8,English,FALSE,2.504452396,1.495547604,0
11.2333422,9.485558515,48.38290979,8,Mandarin,FALSE,2.139952667,1.860047333,0
14.91044285,9.474652006,28.74215911,8,Malay,FALSE,1.521922919,2.478077081,0
12.06218301,6.227200645,20.61546641,8,Malay,FALSE,1.19007605,2.80992395,0
13.54269054,6.15584415,3.860662314,8,English,FALSE,0.645674091,3.354325909,0
11.29228417,9.047115543,0.608211924,9,Malay,TRUE,0.583667728,3.416332272,0
12.12238687,7.456923363,45.3036345,9,Malay,TRUE,2.065914252,1.934085748,0
14.15611291,9.711562762,59.134402,9,English,FALSE,2.56982349,1.43017651,0
14.24298708,9.486293582,15.22973474,9,Mandarin,FALSE,1.104950631,2.895049369,0
10.67629712,9.465891245,16.47220599,9,English,FALSE,1.110495417,2.889504583,0
11.77334985,6.63059866,56.08049232,9,Malay,TRUE,2.413389229,1.586610771,0
11.01575219,5.664511143,36.1237089,8,Mandarin,TRUE,1.690926263,2.309073737,0
14.45134219,8.389719434,10.42866777,9,English,FALSE,0.936032875,3.063967125,0
13.76930682,7.202884025,2.741190743,8,Malay,FALSE,0.621094933,3.378905067,0
12.8165553,9.669712353,33.81454865,9,Malay,TRUE,1.712014298,2.287985702,0
13.2504203,9.269309536,27.15343662,8,Mandarin,TRUE,1.450311852,2.549688148,0
14.57077394,9.644145184,25.92566351,8,Mandarin,TRUE,1.426337975,2.573662025,0
11.51637738,7.839331309,58.1558582,9,Malay,TRUE,2.492085694,1.507914306,0
10.06837503,7.63113874,15.77265094,9,Mandarin,FALSE,1.062750169,2.937249831,0
10.13177669,9.235417819,29.27943565,8,Malay,TRUE,1.489653133,2.510346867,0
10.23343652,7.559450166,12.80064081,8,Mandarin,FALSE,0.924616894,3.075383106,0
10.64240456,9.500144213,19.30734903,9,English,FALSE,1.205003789,2.794996211,0
12.85437128,5.172141826,45.95360247,9,English,TRUE,2.07205188,1.92794812,0
14.90543247,6.793947459,11.83802959,8,Mandarin,FALSE,0.931594786,3.068405214,0
12.09958673,9.174168194,40.58906892,9,Mandarin,TRUE,1.925706513,2.074293487,0
13.56208252,6.049753113,7.778666404,9,Malay,FALSE,0.815407236,3.184592764,0
13.96088565,6.994834833,11.43436476,8,Malay,FALSE,0.910702697,3.089297303,0
14.00698515,5.050213003,1.385598579,8,Malay,TRUE,0.556758601,3.443241399,0
12.21648123,6.508590563,37.82787523,9,English,TRUE,1.808179892,2.191820108,0
12.74972996,6.593189904,59.41922926,9,English,FALSE,2.534070174,1.465929826,0
11.64376964,8.662729011,39.3885205,9,English,FALSE,1.87601567,2.12398433,0
13.43930506,8.386662674,55.39927356,9,Mandarin,FALSE,2.42490213,1.57509787,0
11.91433733,7.22478716,31.58447437,9,English,FALSE,1.604207057,2.395792943,0
11.5553179,8.642515783,40.81718525,9,Mandarin,FALSE,1.922551178,2.077448822,0
13.13651577,7.141674793,55.53197792,8,Mandarin,TRUE,2.373847836,1.626152164,0
11.70627718,7.173053888,5.173140865,9,Mandarin,TRUE,0.72123134,3.27876866,0
12.03999703,8.227771958,35.84622585,8,English,TRUE,1.717551885,2.282448115,0
13.5543683,8.614415482,34.53173853,9,English,FALSE,1.732745789,2.267254211,0
14.26667254,9.234521593,1.989089312,8,Mandarin,FALSE,0.621314918,3.378685082,0
12.17400811,8.757012673,9.371959263,8,English,TRUE,0.84170885,3.15829115,0
12.61100004,8.351575715,33.14096847,9,Mandarin,FALSE,1.674324706,2.325675294,0
13.73191253,7.807387455,29.86050731,9,Mandarin,FALSE,1.570743244,2.429256756,0
11.1247418,6.540543085,20.6296998,9,English,FALSE,1.224309509,2.775690491,0
12.0750287,6.305419197,41.86305746,8,Mandarin,FALSE,1.899239728,2.100760272,0
14.05728508,9.216255007,21.61391525,9,English,FALSE,1.313199242,2.686800758,0
14.47241536,8.586721258,46.13212567,8,English,TRUE,2.088328889,1.911671111,0
13.22452279,8.327059377,48.55423783,8,Mandarin,TRUE,2.153990416,1.846009584,0
11.9669769,6.294187013,38.67468718,8,Malay,FALSE,1.791767879,2.208232121,0
13.02961368,9.848987976,16.7388579,8,English,FALSE,1.106747947,2.893252053,0
10.89420995,5.406565109,48.15948607,9,Mandarin,FALSE,2.128323953,1.871676047,0
10.14647907,9.19126575,15.10723168,8,Malay,FALSE,1.016951837,2.983048163,0
10.37307622,6.053901052,18.18057116,8,Malay,TRUE,1.090288811,2.909711189,0
10.54086209,6.961314807,36.52832865,9,Malay,TRUE,1.752632724,2.247367276,0
11.12829748,7.139397214,41.34273799,8,Mandarin,FALSE,1.880768213,2.119231787,0
12.30862855,8.313506254,22.27742079,9,Mandarin,FALSE,1.308802041,2.691197959,0
11.16154203,7.733311812,35.48325993,8,Malay,FALSE,1.69172387,2.30827613,0
12.92515906,5.930419918,14.87931684,8,Mandarin,FALSE,1.004533018,2.995466982,0
14.99149914,5.150082433,47.68891157,8,English,TRUE,2.111046201,1.888953799,0
12.49090547,8.586066885,59.52768927,9,Malay,FALSE,2.555026032,1.444973968,0
13.78427677,7.52461484,41.90207836,9,Malay,TRUE,1.969824862,2.030175138,0
11.46200779,6.808929223,19.16191236,9,Malay,FALSE,1.181439782,2.818560218,0
14.81439868,6.422696463,20.9254444,9,Malay,TRUE,1.269885765,2.730114235,0
11.24552738,9.115221584,1.831527589,9,Mandarin,FALSE,0.624658409,3.375341591,0
12.98315502,8.977656337,38.81719317,8,Malay,TRUE,1.833514552,2.166485448,0
14.9166535,9.130251613,36.00126968,8,Malay,FALSE,1.760511374,2.239488626,0
14.04122804,6.09552474,57.27531743,9,Malay,TRUE,2.470544776,1.529455224,0
14.96016653,9.259799581,24.12807212,8,Malay,FALSE,1.366468732,2.633531268,0
11.89868993,9.927699937,55.97544592,9,English,FALSE,2.444112096,1.555887904,0
10.38815749,7.995763443,45.61487177,8,Malay,TRUE,2.024334935,1.975665065,0
11.21745328,5.235855217,17.28018711,8,Mandarin,FALSE,1.060539322,2.939460678,0
14.78806752,8.511326845,0.985972381,9,English,TRUE,0.62585969,3.37414031,0
11.85289011,7.690534398,43.59966955,8,English,FALSE,1.968756563,2.031243437,0
10.62386817,8.560236539,29.7808643,9,Malay,TRUE,1.544536524,2.455463476,0
12.96552401,5.941176999,57.71135987,8,Mandarin,TRUE,2.432779006,1.567220994,0
12.50211809,8.028994144,1.326308909,9,English,TRUE,0.609521419,3.390478581,0
10.31234533,7.695971719,31.31428906,8,English,FALSE,1.543892806,2.456107194,0
12.26472823,8.0124538,47.32938758,9,Mandarin,TRUE,2.140418073,1.859581927,0
13.16434346,8.638737431,47.38636186,8,English,TRUE,2.117576204,1.882423796,0
11.16343982,7.721083867,40.32356846,8,Malay,FALSE,1.852964185,2.147035815,0
10.62220366,6.609052228,23.66234862,8,English,TRUE,1.281057513,2.718942487,0
14.32398375,6.545019052,4.034561896,9,Malay,TRUE,0.703175425,3.296824575,0
13.12724049,8.475267302,18.10554439,9,Mandarin,TRUE,1.179543224,2.820456776,0
10.77628423,8.319259791,39.06914314,8,Mandarin,TRUE,1.813260212,2.186739788,0
13.1455405,7.110013525,46.26353473,8,English,FALSE,2.064673365,1.935326635,0
13.67627949,6.767695142,49.04281157,8,Mandarin,TRUE,2.159200132,1.840799868,0
12.98764014,8.10063917,46.44487443,8,Malay,FALSE,2.079045274,1.920954726,0
10.58078406,6.560803558,19.42750553,9,Malay,TRUE,1.178999394,2.821000606,0
10.62372371,9.816322903,41.64534149,9,Malay,TRUE,1.952578516,2.047421484,0
10.22572436,7.982377638,58.14472533,8,English,FALSE,2.440238531,1.559761469,0
11.17002008,7.959713135,8.190096729,8,Malay,TRUE,0.784300556,3.215699444,0
10.29824542,5.681666834,43.88168295,8,Malay,FALSE,1.942521888,2.057478112,0
14.02651744,8.048239658,24.59886135,9,Mandarin,FALSE,1.400709616,2.599290384,0
10.07702764,6.474625631,13.49961895,9,English,FALSE,0.975503831,3.024496169,0
12.9050848,7.259147062,19.20255214,9,Mandarin,FALSE,1.20172739,2.79827261,0
14.04916704,7.690996951,9.988321015,8,Malay,TRUE,0.870345674,3.129654326,0
14.47431496,7.389758038,48.92054238,8,Malay,TRUE,2.169325476,1.830674524,0
12.04727527,9.046966256,23.24768671,8,Mandarin,TRUE,1.305865306,2.694134694,0
13.10462149,5.497316645,56.25716096,9,Mandarin,FALSE,2.42125808,1.57874192,0
14.7558358,5.836644379,57.98316333,9,Mandarin,TRUE,2.498696913,1.501303087,0
13.35805226,5.784950129,57.94454126,9,Malay,FALSE,2.482914733,1.517085267,0
14.50546184,9.084166859,9.342684281,9,Mandarin,TRUE,0.907319096,3.092680904,0
13.42146005,5.591121414,20.78316348,9,English,TRUE,1.242897931,2.757102069,0
10.33998634,9.857212157,18.62309156,9,English,FALSE,1.182741704,2.817258296,0
10.984415,9.845826452,55.36071887,9,Mandarin,TRUE,2.41365971,1.58634029,0
14.70225519,9.959082795,5.188513061,9,English,FALSE,0.779563815,3.220436185,0
14.22134463,9.898445801,35.31692503,8,English,FALSE,1.738428739,2.261571261,0
12.11360893,5.745098642,29.12234903,8,English,FALSE,1.469332043,2.530667957,0
10.8056283,8.287086766,58.57617243,9,Mandarin,TRUE,2.503466232,1.496533768,0
10.78585207,6.998451728,57.79797751,9,English,FALSE,2.464442288,1.535557712,0
14.52431006,8.659116369,25.43991604,9,English,FALSE,1.439831466,2.560168534,0
10.8310394,7.0295897,26.48244201,9,Malay,FALSE,1.421354358,2.578645642,0
11.93139984,6.91619312,23.07209391,8,Mandarin,TRUE,1.277545727,2.722454273,0
14.5040215,9.519755623,47.3503285,8,Malay,TRUE,2.138582055,1.861417945,0
10.16716435,7.472733566,6.010865868,8,Malay,FALSE,0.696761175,3.303238825,0
13.1537057,8.698790957,6.968814057,9,Mandarin,TRUE,0.810818768,3.189181232,0
11.75297794,8.249585742,42.28156743,9,English,TRUE,1.969411218,2.030588782,0
10.53891656,8.288542349,1.001205728,9,Malay,FALSE,0.581648113,3.418351887,0
12.83761955,6.74558816,40.26178597,8,English,FALSE,1.857891609,2.142108391,0
12.42450593,6.262241707,7.721761821,8,English,TRUE,0.764259537,3.235740463,0
10.49600769,9.427157633,47.17113474,8,English,FALSE,2.091602811,1.908397189,0
11.33605634,5.122949358,44.37830691,9,Mandarin,TRUE,2.003866954,1.996133046,0
13.70178093,5.864627934,10.93561793,9,Malay,TRUE,0.920184686,3.079815314,0
13.77925119,5.663936199,45.41596247,8,Malay,FALSE,2.02829729,1.97170271,0
12.99341366,9.746935615,47.41383491,8,Mandarin,FALSE,2.127864656,1.872135344,0
10.5524359,5.025131864,55.53372691,8,English,FALSE,2.326899908,1.673100092,0
14.26545905,5.0401115,43.46667966,9,English,FALSE,2.001945028,1.998054972,0
10.86351991,6.13364119,52.0560702,9,English,TRUE,2.265173951,1.734826049,0
13.60469193,6.395437245,38.24878429,8,Mandarin,TRUE,1.794960768,2.205039232,0
10.21292131,7.799123257,37.53098213,8,Malay,TRUE,1.751153184,2.248846816,0
11.65914922,9.80614638,40.5206383,9,Malay,TRUE,1.925340899,2.074659101,0
12.39180797,7.325212488,24.38108444,8,Mandarin,FALSE,1.329873019,2.670126981,0
10.13982024,6.443897537,13.71442608,9,Malay,FALSE,0.982984714,3.017015286,0
10.85776811,9.085001584,24.7988817,9,Malay,FALSE,1.386057087,2.613942913,0
11.59455126,6.92891061,35.60341311,8,Mandarin,TRUE,1.692015056,2.307984944,0
14.91253679,5.708734234,41.40032042,9,Malay,FALSE,1.946223391,2.053776609,0
13.89737922,8.972896056,27.40221733,8,English,TRUE,1.462109997,2.537890003,0
14.20348236,5.012071943,19.80662596,9,English,FALSE,1.212376408,2.787623592,0
13.33758445,6.025574234,14.81346372,9,Mandarin,FALSE,1.047413711,2.952586289,0
11.46197254,8.175665672,10.9919404,9,English,TRUE,0.922774396,3.077225604,0
13.54723952,5.512311987,28.58219545,9,English,FALSE,1.503335363,2.496664637,0
13.3687049,6.27909127,42.38345121,9,English,TRUE,1.969259669,2.030740331,0
13.04975591,6.96652177,49.79089053,9,Malay,TRUE,2.219859128,1.780140872,0
11.49160752,6.982093304,20.71871904,9,Malay,FALSE,1.235360976,2.764639024,0
11.31607182,9.864014872,36.66985608,9,English,FALSE,1.794129403,2.205870597,0
11.68149615,8.377728482,28.66248134,9,English,FALSE,1.516008291,2.483991709,0
11.56198525,5.185107093,57.97573059,9,Mandarin,TRUE,2.459995276,1.540004724,0
10.38916308,6.10675121,52.94357247,8,English,FALSE,2.249744892,1.750255108,0
14.01138991,8.082155202,52.936407,9,Mandarin,TRUE,2.345482351,1.654517649,0
11.84628535,8.567114142,34.75206542,9,English,FALSE,1.722536176,2.277463824,0
13.53318407,6.902981252,26.20995538,8,Malay,TRUE,1.398026832,2.601973168,0
11.39962229,9.282858524,39.11142703,8,Mandarin,FALSE,1.830539042,2.169460958,0
13.01008157,9.717139951,9.579146444,8,English,FALSE,0.866577097,3.133422903,0
10.17336801,8.070311559,52.97836435,8,Mandarin,FALSE,2.268382274,1.731617726,0
10.53019181,7.81194828,16.27396581,8,English,TRUE,1.045886928,2.954113072,0
11.82264854,8.754027265,49.61394538,8,Malay,TRUE,2.179564937,1.820435063,0
11.3436839,8.910218941,17.91006231,9,Mandarin,TRUE,1.159541106,2.840458894,0
11.76701584,6.077174841,31.32117285,9,Mandarin,TRUE,1.582481002,2.417518998,0
14.65346078,7.417849247,46.33657974,8,Malay,FALSE,2.085265758,1.914734242,0
10.36950391,7.237163303,23.62433447,8,English,TRUE,1.283544488,2.716455512,0
12.31365412,9.707333941,21.48022652,8,Malay,FALSE,1.256217431,2.743782569,0
10.99128312,5.558829703,53.27233221,8,Malay,FALSE,2.261245535,1.738754465,0
11.77919259,9.717352353,4.134539568,8,Mandarin,FALSE,0.672783435,3.327216565,0
13.38517442,7.862972728,50.49205698,9,English,TRUE,2.255550037,1.744449963,0
14.86469564,6.440264716,55.69190711,9,Mandarin,TRUE,2.429446507,1.570553493,0
13.47363853,9.346717324,33.78965739,8,Mandarin,FALSE,1.674525471,2.325474529,0
14.42422215,5.252124425,41.75823547,8,Mandarin,FALSE,1.908704648,2.091295352,0
10.73629333,6.594700923,51.68686767,8,Mandarin,FALSE,2.216205532,1.783794468,0
10.90695807,8.762683071,26.13167254,8,Malay,TRUE,1.387752163,2.612247837,0
14.3838424,9.138458694,52.72727523,9,English,FALSE,2.352798852,1.647201148,0
13.03761171,5.837489436,22.33568063,8,Malay,FALSE,1.253273699,2.746726301,0
13.96059691,9.708846989,18.38828501,9,Mandarin,TRUE,1.209637273,2.790362727,0
11.11429904,5.26861258,58.99203248,9,Mandarin,FALSE,2.490230199,1.509769801,0
11.74297487,7.167774338,1.868879799,9,Mandarin,FALSE,0.611403485,3.388596515,0
10.40517264,5.487237172,19.17364781,9,Malay,FALSE,1.158045692,2.841954308,0
14.47792725,5.488488749,27.51300377,9,Malay,FALSE,1.476764286,2.523235714,0
14.78177712,9.569493118,18.65305643,9,English,TRUE,1.22528125,2.77471875,0
14.28731924,9.519825217,16.92977347,9,English,FALSE,1.162397227,2.837602773,0
12.18590157,8.076291768,22.24084363,9,Mandarin,TRUE,1.303983388,2.696016612,0
11.70567356,9.831443619,23.88365994,9,Malay,FALSE,1.37149317,2.62850683,0
12.31300387,7.455266416,4.296244248,9,Malay,FALSE,0.700890844,3.299109156,0
13.18808752,8.914277547,46.51451818,8,Mandarin,TRUE,2.09150759,1.90849241,0
12.15753672,5.486346877,10.0948106,8,Mandarin,TRUE,0.832932523,3.167067477,0
12.10810139,6.978087454,2.461292844,9,Mandarin,FALSE,0.632904983,3.367095017,0
12.15519547,7.575459621,35.42274956,8,Mandarin,FALSE,1.698064869,2.301935131,0
13.72288591,8.890747899,40.11561821,8,Malay,TRUE,1.883323612,2.116676388,0
13.93395435,6.672406985,45.61674985,8,Mandarin,FALSE,2.046621942,1.953378058,0
14.35269161,9.901681718,5.267059155,8,English,FALSE,0.738112372,3.261887628,0
11.21493637,8.674150317,10.30349925,9,Mandarin,FALSE,0.902340842,3.097659158,0
10.78752378,7.664839541,10.9390446,9,Mandarin,TRUE,0.909158453,3.090841547,0
11.72563958,6.653824655,35.61841655,9,Mandarin,TRUE,1.731075194,2.268924806,0
12.10224002,8.210243283,53.38328482,8,English,TRUE,2.30256766,1.69743234,0
13.50933829,8.365315185,42.38562298,8,Malay,TRUE,1.951600634,2.048399366,0
13.78965217,8.395910098,18.88244557,8,English,FALSE,1.171270475,2.828729525,0
14.92076433,7.930996189,51.18961113,9,English,TRUE,2.294837976,1.705162024,0
11.89111314,7.002420961,40.18761655,9,Malay,FALSE,1.888522559,2.111477441,0
12.01259914,9.083275769,41.30682269,8,English,FALSE,1.907852839,2.092147161,0
12.71039987,6.291369405,57.44160842,9,Malay,FALSE,2.464737974,1.535262026,0
14.10167739,8.126933559,57.02187848,9,Mandarin,TRUE,2.483015392,1.516984608,0
13.30467004,7.358358958,23.1403614,8,Malay,TRUE,1.29797567,2.70202433,0
12.86329712,9.464188616,38.1500998,8,English,FALSE,1.814944851,2.185055149,0
13.24060981,7.952774458,12.12121779,9,Mandarin,TRUE,0.975974436,3.024025564,0
12.32225196,9.278354592,24.71473524,8,English,FALSE,1.359830573,2.640169427,0
13.79526785,9.766581749,16.40477885,9,Mandarin,FALSE,1.142444458,2.857555542,0
10.37647856,5.635120656,22.04189702,9,English,TRUE,1.254845893,2.745154107,0
12.54511988,7.775962238,40.52438182,9,Mandarin,FALSE,1.914023549,2.085976451,0
14.03288826,9.419878936,12.61471064,8,Mandarin,TRUE,0.975018027,3.024981973,0
11.51259539,9.360368493,10.81973875,8,English,FALSE,0.889387597,3.110612403,0
14.2170802,5.979546594,22.76030422,8,English,TRUE,1.280643075,2.719356925,0
13.9141612,7.406834973,5.888276114,9,Mandarin,FALSE,0.769485832,3.230514168,0
12.90334573,6.115482601,48.83362469,8,English,FALSE,2.137975773,1.862024227,0
11.26074289,9.484088354,57.50991553,8,English,TRUE,2.444445497,1.555554503,0
14.30537108,5.016146715,48.08020499,8,Mandarin,TRUE,2.115888677,1.884111323,0
10.14984438,6.091999878,31.88448368,9,Malay,FALSE,1.585234565,2.414765435,0
12.96256618,7.045169906,40.44819833,9,Mandarin,TRUE,1.908350638,2.091649362,0
13.91282334,6.105682939,48.334703,8,Malay,FALSE,2.131341829,1.868658171,0
12.42701437,9.867906627,4.093703895,8,English,FALSE,0.679406006,3.320593994,0
10.51428063,6.220132973,25.08743993,9,Malay,FALSE,1.363592134,2.636407866,0
14.16990789,6.811574689,8.626826002,8,English,FALSE,0.817375693,3.182624307,0
14.54544036,5.870358237,5.444579002,9,Mandarin,TRUE,0.745643953,3.254356047,0
12.81654847,9.633347043,45.53838356,9,Mandarin,TRUE,2.102445074,1.897554926,0
13.93577327,7.056382538,51.48425117,8,Mandarin,TRUE,2.246063264,1.753936736,0
13.05357393,6.309240206,5.027750003,8,English,FALSE,0.681219808,3.318780192,0
12.86641475,6.230594535,10.72810876,8,English,FALSE,0.868573718,3.131426282,0
10.65385999,7.928079992,13.24926886,9,English,FALSE,0.987461695,3.012538305,0
12.18396307,9.888226778,51.41718586,9,Mandarin,FALSE,2.294628094,1.705371906,0
13.39396875,9.870860441,54.81413789,8,English,FALSE,2.379786222,1.620213778,0
12.27241531,9.908403834,45.89850455,9,Malay,TRUE,2.111758343,1.888241657,0
13.08882272,6.933215841,47.78260534,8,Mandarin,FALSE,2.112973897,1.887026103,0
14.47404342,9.572095902,20.5613492,9,English,FALSE,1.2858397,2.7141603,0
11.83110816,7.22195266,24.49888341,8,English,FALSE,1.327160055,2.672839945,0
14.14243313,7.552835053,16.82935607,8,Malay,FALSE,1.097931218,2.902068782,0
10.14522592,7.599499958,57.50280755,9,Mandarin,FALSE,2.454207511,1.545792489,0
14.26331138,5.3179596,43.65938513,8,Malay,FALSE,1.971125547,2.028874453,0
10.53338648,5.88533915,20.48074485,8,English,FALSE,1.166878751,2.833121249,0
11.60720362,9.430469309,8.140518633,8,English,TRUE,0.80172735,3.19827265,0
12.56722355,9.481782339,11.68858242,8,Malay,TRUE,0.930109473,3.069890527,0
13.2501757,6.009967323,12.24501714,9,Mandarin,TRUE,0.960768668,3.039231332,0
14.76555984,6.513188186,36.88866622,8,English,FALSE,1.762409688,2.237590312,0
11.53515182,9.149044947,54.17738048,9,Malay,FALSE,2.37275465,1.62724535,0
10.42674379,6.020840493,52.12066501,8,Mandarin,TRUE,2.221831343,1.778168657,0
12.29417804,9.404123119,4.183051641,8,English,TRUE,0.676418066,3.323581934,0
11.726341,9.115955252,42.54340643,8,Malay,FALSE,1.94653651,2.05346349,0
13.0005956,9.037751121,10.06116892,8,Malay,TRUE,0.875755765,3.124244235,0
14.61391266,9.458729295,18.62151103,8,Mandarin,FALSE,1.181443454,2.818556546,0
13.21679053,9.434603595,32.62840147,9,English,FALSE,1.674127324,2.325872676,0
12.89007128,9.586039522,50.45509186,8,Mandarin,FALSE,2.226597503,1.773402497,0
11.23042291,9.397711096,14.20473068,9,Mandarin,FALSE,1.039772363,2.960227637,0
11.32382095,8.034611577,52.42981664,8,English,TRUE,2.26124488,1.73875512,0
12.18037947,5.788625819,44.08446657,9,English,FALSE,2.009172272,1.990827728,0
14.45646192,8.045702881,40.4557897,9,Mandarin,FALSE,1.933547971,2.066452029,0
12.8974186,9.711058307,7.974286294,8,Mandarin,TRUE,0.811894312,3.188105688,0
12.47323884,9.838375018,28.45355438,8,English,FALSE,1.491567951,2.508432049,0
12.7127376,8.642317821,16.50773478,8,Malay,TRUE,1.08380838,2.91619162,0
14.16891121,8.469177474,35.28857569,8,Malay,FALSE,1.722666743,2.277333257,0
13.38947165,9.692175198,40.41596351,9,English,FALSE,1.938015252,2.061984748,0
14.63712497,6.456386265,3.922045753,8,Malay,FALSE,0.661669971,3.338330029,0
12.90870442,5.754907619,38.65121869,8,Malay,FALSE,1.795010077,2.204989923,0
10.98014302,6.450003733,29.88691652,9,Mandarin,TRUE,1.530532018,2.469467982,0
10.09362924,9.744742645,50.32149854,9,Mandarin,FALSE,2.235767003,1.764232997,0
11.58556953,6.061537866,47.59580916,9,Mandarin,FALSE,2.122998046,1.877001954,0
10.31368013,6.123689552,24.77832927,9,Malay,FALSE,1.350318006,2.649681994,0
12.03532516,5.96474549,58.57228056,8,Mandarin,FALSE,2.452410058,1.547589942,0
10.93945085,7.423998369,35.21449781,9,Malay,FALSE,1.717451086,2.282548914,0
12.02456632,8.981942213,57.81870802,9,Malay,TRUE,2.497355353,1.502644647,0
11.99601636,6.909260653,43.15583912,9,Mandarin,TRUE,1.987580741,2.012419259,0
11.38134535,5.500604913,24.4530569,9,English,FALSE,1.343921399,2.656078601,0
13.26409714,8.701010617,14.02670465,9,Malay,FALSE,1.047207899,2.952792101,0
12.16716906,8.049146584,27.92452729,9,Malay,FALSE,1.492980733,2.507019267,0
14.46728153,7.395749987,56.16289186,8,English,FALSE,2.410726711,1.589273289,0
10.38040204,9.82049348,7.813610684,9,Mandarin,TRUE,0.822462645,3.177537355,0
12.05311794,7.352121951,27.61901577,8,Malay,FALSE,1.434686258,2.565313742,0
13.87974822,8.662645557,20.81286716,8,English,FALSE,1.239186176,2.760813824,0
12.47267641,5.792501331,52.03640873,9,English,TRUE,2.277198735,1.722801265,0
14.83040636,7.082679005,48.24348633,9,English,TRUE,2.187247065,1.812752935,0
10.87411485,6.061335634,33.12829782,8,Mandarin,FALSE,1.593631099,2.406368901,0
11.58012097,6.740696256,24.90408947,9,English,TRUE,1.373344488,2.626655512,0
10.58077029,7.398584336,41.05081128,8,Mandarin,TRUE,1.868153922,2.131846078,0
11.23364826,5.872483666,57.18494162,8,English,TRUE,2.39722604,1.60277396,0
13.36266126,9.015226595,6.069696427,9,Malay,FALSE,0.786102093,3.213897907,0
12.43472999,6.880055252,53.92964647,8,Malay,TRUE,2.310802735,1.689197265,0
10.81033615,9.482936386,17.6538296,8,English,FALSE,1.111393712,2.888606288,0
12.37347535,8.373283216,0.253008731,9,Malay,TRUE,0.57590121,3.42409879,0
14.23700729,5.883029637,44.46011291,9,Mandarin,FALSE,2.043204133,1.956795867,0
12.19912929,8.209856853,47.30550135,9,English,FALSE,2.140939906,1.859060094,0
10.06607264,5.116238173,18.28552795,9,Malay,FALSE,1.121340706,2.878659294,0
10.27460769,9.0368844,46.70683275,9,English,TRUE,2.110009346,1.889990654,0
12.19060167,9.871121329,47.88110378,8,Malay,TRUE,2.136654023,1.863345977,0
12.96622563,8.388787403,40.5182344,9,Mandarin,TRUE,1.924157944,2.075842056,0
14.43266508,9.632469457,2.318428856,9,English,FALSE,0.677932307,3.322067693,0
14.90980758,6.473995474,40.0451153,9,Malay,FALSE,1.908675207,2.091324793,0
14.90188055,7.11794387,55.94434963,8,English,FALSE,2.405009899,1.594990101,0
12.78946989,7.122986977,37.2189126,8,Malay,TRUE,1.759754989,2.240245011,0
10.17865212,5.560147349,22.01540776,9,English,FALSE,1.25123492,2.74876508,0
11.06741062,8.98221552,33.80888951,8,Mandarin,FALSE,1.647459245,2.352540755,0
12.17165858,7.475332311,59.58875353,8,Mandarin,FALSE,2.502761693,1.497238307,0
14.3983798,7.452139329,28.35492814,8,Malay,FALSE,1.483669463,2.516330537,0
10.10779452,8.342343836,50.49304189,8,Mandarin,FALSE,2.18760278,1.81239722,0
12.54669718,5.854936344,8.312053974,8,Mandarin,FALSE,0.781084801,3.218915199,0
13.26732735,9.050780526,3.388854234,8,Mandarin,FALSE,0.656142887,3.343857113,0
11.44114917,6.829358457,23.40887004,9,English,FALSE,1.323000744,2.676999256,0
11.57839185,5.398204696,8.266354874,9,English,FALSE,0.805311128,3.194688872,0
11.94213514,5.951626115,19.83165172,9,Malay,FALSE,1.19999267,2.80000733,0
11.37297136,6.26426229,42.92566928,8,Mandarin,TRUE,1.927227979,2.072772021,0
12.18594212,5.889727064,26.72927732,9,Mandarin,FALSE,1.431732602,2.568267398,0
10.79046474,6.211129595,19.27285521,9,Malay,TRUE,1.17244445,2.82755555,0
10.99665948,9.979259648,53.49023526,9,Malay,FALSE,2.352767033,1.647232967,0
10.18568078,7.688634046,0.565729523,9,English,TRUE,0.557600799,3.442399201,0
12.05657326,8.014632045,48.84170082,9,Mandarin,TRUE,2.188768747,1.811231253,0
13.53669126,5.830133586,37.27612748,8,Mandarin,FALSE,1.756205831,2.243794169,0
12.53076099,5.220103291,2.787342626,9,Mandarin,FALSE,0.630420064,3.369579936,0
12.65328895,6.551753286,2.049246739,9,English,TRUE,0.620358647,3.379641353,0
12.24973177,8.849075489,10.31403628,8,English,TRUE,0.874789282,3.125210718,0
12.92423352,7.793909118,58.64435237,8,English,TRUE,2.481993172,1.518006828,0
11.14838178,5.053916114,5.142535028,8,Mandarin,TRUE,0.653440813,3.346559187,0
11.037579,8.943846735,44.33134545,9,Malay,FALSE,2.037525772,1.962474228,0
14.70982218,5.519998194,24.09552942,9,English,TRUE,1.365482518,2.634517482,0
12.25204702,7.201904555,14.1987392,9,Mandarin,FALSE,1.027830822,2.972169178,0
14.13587904,9.997368155,34.5002697,9,English,TRUE,1.751341462,2.248658538,0
14.58415876,5.60683492,22.09126863,8,Malay,FALSE,1.258285558,2.741714442,0
13.07441702,9.075131869,18.61093698,8,Mandarin,FALSE,1.161860055,2.838139945,0
11.49396634,8.996040208,14.37733633,8,English,FALSE,1.00414461,2.99585539,0
13.39901606,7.225204911,27.4690407,8,Mandarin,TRUE,1.4418769,2.5581231,0
12.15456947,9.941325949,10.17629913,9,Malay,TRUE,0.920168925,3.079831075,0
14.86534051,6.539841647,51.11686096,9,Malay,FALSE,2.277947187,1.722052813,0
14.05644804,6.578911083,35.50456508,8,Malay,FALSE,1.709839094,2.290160906,0
14.07472412,5.761973186,3.772889413,8,Malay,TRUE,0.644129953,3.355870047,0
12.94344506,6.848771977,27.42261421,8,Mandarin,TRUE,1.432009311,2.567990689,0
10.04207772,6.482069786,37.77542111,8,English,TRUE,1.744422179,2.255577821,0
14.15910361,8.022445392,51.69663091,8,Malay,TRUE,2.26503652,1.73496348,0
10.12685947,5.203663633,1.408779219,9,Mandarin,FALSE,0.560264538,3.439735462,0
10.61179031,6.551293077,27.37652566,8,Malay,TRUE,1.404181689,2.595818311,0
14.1933456,5.023533013,42.35045331,8,Malay,TRUE,1.923850563,2.076149437,0
11.09397486,5.031551489,11.76766982,9,Mandarin,TRUE,0.913510924,3.086489076,0
14.20563073,9.101498087,13.28075287,9,Mandarin,TRUE,1.03576305,2.96423695,0
11.18175444,8.74907946,29.38042577,8,Mandarin,TRUE,1.498655865,2.501344135,0
13.8535416,8.720704068,53.06967788,9,Malay,TRUE,2.354731719,1.645268281,0
12.71088208,6.768174296,23.89627705,9,Malay,TRUE,1.351333132,2.648666868,0
13.35496932,8.4962176,29.06918554,9,English,FALSE,1.54748472,2.45251528,0
14.19040676,6.282677139,38.14549555,8,Malay,TRUE,1.796247357,2.203752643,0
14.92014207,6.547006514,18.64707162,9,English,FALSE,1.19624054,2.80375946,0
10.42845905,7.812421934,52.02515895,8,Malay,FALSE,2.236580775,1.763419225,0
13.42691645,8.498106412,57.71157338,9,English,TRUE,2.502969341,1.497030659,0
14.79362741,6.328634326,39.01844245,8,English,TRUE,1.831837366,2.168162634,0
11.86897812,8.396421864,38.30857123,8,English,FALSE,1.799606374,2.200393626,0
11.66872417,9.812465627,40.41304688,9,Mandarin,FALSE,1.921913461,2.078086539,0
13.39988494,7.469181115,11.63382301,9,Mandarin,FALSE,0.956484761,3.043515239,0
12.00975528,7.035536146,43.94234572,9,English,FALSE,2.015197772,1.984802228,0
11.07230258,6.162496613,20.81863991,8,Mandarin,TRUE,1.186302655,2.813697345,0
10.80733543,6.780743503,59.60115996,8,Malay,FALSE,2.482586121,1.517413879,0
10.96315107,7.644102531,45.13005961,9,Mandarin,TRUE,2.050407856,1.949592144,0
13.52155515,9.720537412,35.0259926,9,Mandarin,FALSE,1.759954012,2.240045988,0
14.59347554,6.303763407,54.73413752,9,Malay,FALSE,2.39344364,1.60655636,0
14.03006849,6.157316352,58.20241309,8,Malay,TRUE,2.461954285,1.538045715,0
12.24100823,9.802929544,49.08446981,8,English,FALSE,2.176588371,1.823411629,0
12.64300576,8.029219561,45.39583532,9,Mandarin,FALSE,2.079916764,1.920083236,0
13.10086718,8.676350315,3.639405804,8,Malay,TRUE,0.659085702,3.340914298,0
12.89973316,9.148478649,42.36096081,9,Malay,FALSE,1.992514145,2.007485855,0
14.84236373,5.408951556,20.14528325,9,Mandarin,FALSE,1.234022594,2.765977406,0
14.43346538,7.424066527,55.79477366,8,Mandarin,TRUE,2.398401108,1.601598892,0
10.21770091,5.700510889,36.70579004,9,English,TRUE,1.742708453,2.257291547,0
14.17882924,8.121569118,22.23920759,9,Mandarin,FALSE,1.324310903,2.675689097,0
10.57030481,9.768660326,20.33868827,9,Malay,FALSE,1.241345927,2.758654073,0
13.45104769,5.281267561,33.28988309,9,Mandarin,TRUE,1.656985922,2.343014078,0
11.42825006,6.370523438,29.48987648,9,English,TRUE,1.520983618,2.479016382,0
13.86691701,9.998407674,23.45250226,8,Mandarin,FALSE,1.340403322,2.659596678,0
10.0430312,5.027437471,12.50722189,9,Mandarin,TRUE,0.927612083,3.072387917,0
11.91135903,5.697779604,47.78834027,9,Mandarin,TRUE,2.129036062,1.870963938,0
10.10761158,5.403856432,26.00465543,8,Malay,FALSE,1.341936528,2.658063472,0
14.76765011,8.820316517,5.933746645,9,Malay,FALSE,0.793671221,3.206328779,0
10.0768246,8.754646725,5.124217996,8,Malay,TRUE,0.67912198,3.32087802,0
10.77644969,8.887924073,14.28698153,9,Malay,TRUE,1.032876455,2.967123545,0
12.69636393,8.874281484,33.13376934,8,English,FALSE,1.640165432,2.359834568,0
13.23075552,9.1761014,8.878697239,8,Malay,TRUE,0.840025144,3.159974856,0
13.6449563,8.864395936,12.90102226,8,Malay,FALSE,0.975127598,3.024872402,0
11.23451176,7.417732193,30.10219305,9,English,TRUE,1.549928875,2.450071125,0
11.50497503,8.727421985,13.06562358,8,Malay,FALSE,0.957844756,3.042155244,0
11.19951451,7.988082464,51.48386083,8,Malay,FALSE,2.228004664,1.771995336,0
11.22036411,6.83261287,35.40051353,8,Malay,FALSE,1.680546888,2.319453112,0
13.90896457,9.182873204,5.149590933,8,Mandarin,FALSE,0.722571409,3.277428591,0
14.73999398,8.940198417,8.393147286,8,English,TRUE,0.8365735,3.1634265,0
12.97901468,5.867457286,11.71044251,9,Malay,TRUE,0.938812803,3.061187197,0
10.78715295,5.1221423,37.79366028,8,English,FALSE,1.738881628,2.261118372,0
10.32716411,6.579874209,6.339024112,9,Malay,FALSE,0.740371187,3.259628813,0
11.19588285,7.018837485,2.597382993,8,Mandarin,TRUE,0.588726636,3.411273364,0
10.88897207,5.871787795,43.70762299,8,Malay,TRUE,1.944528365,2.055471635,0
12.89260583,9.275631364,28.68760045,9,Malay,FALSE,1.53793572,2.46206428,0
13.48965333,5.167902933,50.92758685,9,Mandarin,TRUE,2.244161791,1.755838209,0
10.02295391,7.418094594,47.57146883,9,Mandarin,TRUE,2.120126113,1.879873887,0
12.19810181,5.277387019,16.41046232,9,English,TRUE,1.081770299,2.918229701,0
13.11489628,7.683186192,11.53555633,9,English,FALSE,0.952499369,3.047500631,0
10.96437843,7.318246203,30.97857135,9,Malay,TRUE,1.575445291,2.424554709,0
14.50485417,8.900760973,4.806247704,8,Malay,TRUE,0.714264408,3.285735592,0
12.74506135,8.448375047,37.97170528,9,Mandarin,TRUE,1.837657873,2.162342127,0
11.72698889,9.219776815,0.73076473,9,Malay,FALSE,0.593826481,3.406173519,0
10.09337807,7.721732602,48.18631318,9,English,FALSE,2.144361546,1.855638454,0
12.42153432,9.112185585,53.44183323,8,Mandarin,TRUE,2.31673164,1.68326836,0
11.67973016,8.595677636,59.77202368,9,Mandarin,FALSE,2.555154867,1.444845133,0
14.84773146,8.897504363,20.6464387,8,Mandarin,FALSE,1.245666982,2.754333018,0
11.89377482,8.003385665,33.71557626,8,Malay,FALSE,1.642824147,2.357175853,0
14.60503708,8.597880849,51.77767934,9,English,FALSE,2.317951824,1.682048176,0
13.43027193,7.008574828,27.72834026,9,Mandarin,TRUE,1.488666476,2.511333524,0
10.36981529,5.42491028,19.75552244,9,English,TRUE,1.17646467,2.82353533,0
14.66360239,7.082926907,2.929507992,8,Mandarin,FALSE,0.635115559,3.364884441,0
10.84224212,5.867002008,23.64440489,9,Mandarin,FALSE,1.315239271,2.684760729,0
12.24011784,8.146896371,4.733479812,9,English,FALSE,0.721652802,3.278347198,0
14.61502011,6.316211754,21.77976311,8,Mandarin,FALSE,1.255304422,2.744695578,0
14.14254943,9.790707488,20.58192038,8,Malay,TRUE,1.245396582,2.754603418,0
12.43790898,6.355968328,38.83084509,9,English,FALSE,1.842300276,2.157699724,0
11.03460271,5.490663501,21.96460027,9,English,FALSE,1.257406004,2.742593996,0
12.54630524,9.403117212,23.05023975,8,Mandarin,TRUE,1.30783555,2.69216445,0
12.73817188,7.0720566,17.18103985,8,English,TRUE,1.090803613,2.909196387,0
14.98468309,6.778933118,36.47888627,9,Malay,FALSE,1.793599038,2.206400962,0
14.12015644,9.426941811,23.36100801,8,Mandarin,FALSE,1.33417125,2.66582875,0
14.30658512,8.267273724,56.91528162,8,Malay,FALSE,2.442914643,1.557085357,0
14.93093712,7.660858096,53.51828584,8,Malay,TRUE,2.329860814,1.670139186,0
12.61659674,6.635644051,14.2150177,9,Malay,FALSE,1.026356331,2.973643669,0
12.92613244,6.462470743,24.2383358,9,English,TRUE,1.361830558,2.638169442,0
12.27222108,7.897556226,38.07495378,9,Mandarin,TRUE,1.830862899,2.169137101,0
10.62727022,7.506973135,0.978697825,9,Mandarin,FALSE,0.573965694,3.426034306,0
12.62628362,6.380013862,13.64471346,9,Malay,TRUE,1.004886757,2.995113243,0
12.91294442,5.920240639,17.10178783,9,Malay,TRUE,1.118391445,2.881608555,0
11.18636073,9.090047576,24.14381794,8,Mandarin,TRUE,1.327558014,2.672441986,0
13.91412154,8.438734503,53.35873616,9,Mandarin,TRUE,2.362153099,1.637846901,0
10.62241164,9.966465119,5.779622055,8,Malay,TRUE,0.718542836,3.281457164,0
12.50999625,7.57900053,3.949983923,8,Mandarin,FALSE,0.652556099,3.347443901,0
13.31356542,9.971939626,39.86509514,9,Malay,TRUE,1.921691555,2.078308445,0
10.2746566,7.30413268,21.86965098,8,Malay,TRUE,1.224776259,2.775223741,0
14.02026655,7.674783901,10.66323498,8,Malay,FALSE,0.89239167,3.10760833,0
11.52077097,6.045535206,42.1083493,8,Malay,FALSE,1.899274705,2.100725295,0
13.58874604,5.747545556,14.57643229,8,English,TRUE,0.999243992,3.000756008,0
10.54104626,9.701097473,33.93838659,9,Mandarin,FALSE,1.69370099,2.30629901,0
13.10149305,9.906078445,24.52538885,8,Mandarin,FALSE,1.367588677,2.632411323,0
12.78606062,7.737798499,21.67296796,9,Mandarin,FALSE,1.287670857,2.712329143,0
10.75001296,6.361269743,43.26850038,8,Malay,FALSE,1.933396173,2.066603827,0
13.12372448,9.757014095,36.80453774,9,English,FALSE,1.81562531,2.18437469,0
13.4566209,8.983739583,30.83051667,9,Mandarin,TRUE,1.612087494,2.387912506,0
12.49251173,5.899041832,7.685085741,9,Malay,FALSE,0.80008506,3.19991494,0
12.89288383,6.49170336,35.1384351,9,Malay,FALSE,1.725127042,2.274872958,0
14.43709779,5.021032726,41.56511772,8,English,TRUE,1.900085229,2.099914771,0
13.48851507,7.910012311,48.88796472,8,English,FALSE,2.163584098,1.836415902,0
14.52977332,7.631981128,17.9643045,8,Malay,TRUE,1.140427694,2.859572306,0
12.76171977,5.819444734,15.85867008,8,Mandarin,FALSE,1.034433981,2.965566019,0
10.87426531,6.696632949,44.92635326,8,Malay,TRUE,1.993254091,2.006745909,0
11.23145394,9.696102836,28.04722108,8,English,FALSE,1.464182937,2.535817063,0
10.88205282,8.244967944,24.35132179,9,Malay,TRUE,1.362980934,2.637019066,0
11.67624275,9.31499798,9.63725085,9,Malay,TRUE,0.891154102,3.108845898,0
12.38768075,9.191557846,26.04926129,8,English,TRUE,1.404101096,2.595898904,0
11.27965746,9.603297278,43.56763078,8,English,TRUE,1.981083907,2.018916093,0
12.37817375,5.207703472,27.03315497,8,Malay,FALSE,1.396963938,2.603036062,0
11.82179041,6.312354331,52.36382278,9,English,FALSE,2.286802207,1.713197793,0
12.77673632,7.077865217,0.252547925,8,Mandarin,FALSE,0.52696428,3.47303572,0
12.14256887,8.200488283,10.79798775,8,Mandarin,FALSE,0.883363497,3.116636503,0
12.17046404,8.040633671,36.87699448,8,Mandarin,FALSE,1.751344126,2.248655874,0
12.45310592,6.230530828,40.31890377,8,English,TRUE,1.850799826,2.149200174,0
14.93937615,5.964019727,16.54209384,8,Malay,TRUE,1.080437087,2.919562913,0
12.78274224,7.187058872,56.51348459,8,Malay,FALSE,2.403480831,1.596519169,0
13.61668867,6.253096799,19.83858873,8,Malay,FALSE,1.179984146,2.820015854,0
12.08372796,9.825559256,24.671412,9,Malay,TRUE,1.401473272,2.598526728,0
11.62924529,9.827295944,58.58270315,8,Mandarin,TRUE,2.487322184,1.512677816,0
14.58288599,5.566763596,28.75142274,9,Malay,FALSE,1.519877254,2.480122746,0
13.71180164,8.525468988,36.77201697,8,Malay,FALSE,1.768106605,2.231893395,0
12.91214883,6.14113968,32.41070545,8,English,FALSE,1.590889733,2.409110267,0
11.68215647,8.587160688,10.65030559,9,English,TRUE,0.917703358,3.082296642,0
11.28930137,8.83553324,59.49007126,9,Malay,TRUE,2.544250721,1.455749279,0
11.2603584,5.240834556,3.544386819,8,Mandarin,TRUE,0.603158157,3.396841843,0
12.51865419,8.476741642,59.00973688,9,Mandarin,TRUE,2.536945188,1.463054812,0
14.37410233,9.483984939,28.07974228,9,Mandarin,FALSE,1.534572282,2.465427718,0
14.4052391,6.081512018,11.37638448,8,English,FALSE,0.904080327,3.095919673,0
13.72492632,5.577838329,10.01584766,9,Mandarin,FALSE,0.886889235,3.113110765,0
12.71245584,7.834122691,39.3348094,9,English,FALSE,1.876626099,2.123373901,0
11.17454869,7.587296256,42.64847305,8,Mandarin,TRUE,1.929234218,2.070765782,0
12.39426206,9.428849539,53.92167028,8,English,FALSE,2.335620125,1.664379875,0
13.47361276,7.255429488,14.19114678,8,English,FALSE,1.000328649,2.999671351,0
12.97508325,7.067747591,25.99268572,9,English,TRUE,1.426851166,2.573148834,0
12.57017063,8.569850306,58.27151214,8,Malay,FALSE,2.473783947,1.526216053,0
12.1410581,5.38713991,25.68015788,8,English,TRUE,1.351287243,2.648712757,0
13.76257148,5.285216696,27.5748818,9,English,FALSE,1.469640609,2.530359391,0
14.21117562,7.524588996,17.31184244,8,English,FALSE,1.114419061,2.885580939,0
13.61455619,5.445157875,52.25706769,9,Mandarin,TRUE,2.292499397,1.707500603,0
14.68963769,9.69565715,21.93731302,9,English,TRUE,1.335096716,2.664903284,0
13.89936746,8.271206238,38.13244859,9,Malay,TRUE,1.852787357,2.147212643,0
12.25302426,8.768242616,10.95595999,9,Mandarin,TRUE,0.935411335,3.064588665,0
13.08376743,6.144363819,36.94456133,9,Mandarin,FALSE,1.78376669,2.21623331,0
12.521836,7.470131657,56.0379057,9,Malay,TRUE,2.427849867,1.572150133,0
12.73161648,5.669230981,46.60989052,9,English,FALSE,2.097671492,1.902328508,0
14.47849932,6.015518348,4.061542735,8,English,FALSE,0.660324935,3.339675065,0
11.50429258,7.841044175,38.03782335,9,Mandarin,FALSE,1.821380813,2.178619187,0
10.06547397,6.399562672,33.52039232,8,Malay,TRUE,1.601996777,2.398003223,0
13.478234,9.585640882,20.31447361,9,Mandarin,FALSE,1.267787869,2.732212131,0
10.90506841,9.976214828,50.56215179,8,Mandarin,TRUE,2.214217892,1.785782108,0
10.77116208,5.019633431,47.50246258,9,English,TRUE,2.101323374,1.898676626,0
14.96238104,8.795494097,38.91636592,8,English,FALSE,1.854790949,2.145209051,0
11.33387628,5.576679131,44.65090598,8,Malay,FALSE,1.977469087,2.022530913,0
11.0188388,7.873114723,11.58974633,9,Mandarin,FALSE,0.935244413,3.064755587,0
10.95491638,6.14241774,55.22192629,8,Malay,FALSE,2.331704217,1.668295783,0
12.0617677,9.824369647,40.08193384,9,Mandarin,FALSE,1.914925835,2.085074165,0
12.04708913,9.379034944,28.06904017,9,Malay,FALSE,1.509895913,2.490104087,0
13.16249751,7.976989593,11.58649604,9,Malay,TRUE,0.957611406,3.042388594,0
10.51819345,5.880082998,40.96580161,8,Malay,FALSE,1.849509485,2.150490515,0
13.17722455,8.913406371,5.803020446,8,Malay,TRUE,0.734340324,3.265659676,0
12.2681645,7.601490099,19.18486211,9,Mandarin,FALSE,1.198191949,2.801808051,0
11.03827047,8.057815765,34.42689549,8,Malay,FALSE,1.658524045,2.341475955,0
13.89110528,8.589716108,38.76570933,9,Mandarin,TRUE,1.876998525,2.123001475,0
12.37031454,7.081660011,1.039810771,8,Malay,FALSE,0.549180105,3.450819895,0
13.58530621,5.03869492,0.528599219,9,English,TRUE,0.563859985,3.436140015,0
14.60284787,6.820858205,6.687694021,9,Mandarin,TRUE,0.797160195,3.202839805,0
11.76702392,7.068130862,46.09974148,9,Mandarin,FALSE,2.085009597,1.914990403,0
14.48952224,6.834627171,34.02615088,8,Mandarin,FALSE,1.667446524,2.332553476,0
11.00170742,9.155274533,36.50483207,8,Malay,FALSE,1.738397555,2.261602445,0
11.11065214,6.661761084,36.20574766,8,Mandarin,TRUE,1.704582388,2.295417612,0
13.31848781,7.08168662,2.209036329,9,Malay,TRUE,0.637636289,3.362363711,0
10.51315837,5.308016696,10.33676876,8,Malay,TRUE,0.82277071,3.17722929,0
12.27390005,8.584289204,43.67197968,8,English,FALSE,1.984314548,2.015685452,0
11.06916137,6.077093817,38.74308447,8,English,FALSE,1.782898701,2.217101299,0
12.85428172,6.175057734,26.71740851,8,English,FALSE,1.400873678,2.599126322,0
14.0341125,7.934270823,1.223972463,8,Malay,TRUE,0.580482915,3.419517085,0
10.2121223,9.917767306,25.01066624,9,Mandarin,FALSE,1.394987771,2.605012229,0
12.06655009,7.050723396,14.87725036,8,Mandarin,TRUE,1.00708108,2.99291892,0
13.65336307,6.635787657,41.83615454,8,English,FALSE,1.917429992,2.082570008,0
11.71127151,5.181031349,49.48061518,9,Mandarin,TRUE,2.178276868,1.821723132,0
10.20853026,8.93686935,30.22839464,9,English,FALSE,1.559067151,2.440932849,0
12.95690157,6.306437323,24.21153561,9,English,TRUE,1.359684576,2.640315424,0
10.60082261,8.844199892,16.38254283,8,Mandarin,FALSE,1.060534986,2.939465014,0
11.84959851,6.41132727,5.556645397,9,Mandarin,TRUE,0.727830771,3.272169229,0
14.95266594,5.149444802,22.30489906,8,Malay,FALSE,1.264517743,2.735482257,0
11.99009984,7.491058049,40.68192112,9,Mandarin,TRUE,1.910875616,2.089124384,0
14.21428473,9.530290192,39.96465775,8,Mandarin,TRUE,1.889601008,2.110398992,0
14.29903117,6.05295514,24.76665099,9,English,TRUE,1.389074896,2.610925104,0
11.31415585,5.769600664,57.95870286,8,Malay,TRUE,2.422794327,1.577205673,0
12.9775249,5.923923201,56.40448602,9,Mandarin,FALSE,2.429164015,1.570835985,0
14.73729332,8.451382757,52.53904634,9,Malay,TRUE,2.343188305,1.656811695,0
13.03166315,6.836985216,26.14789221,8,Malay,TRUE,1.390282891,2.609717109,0
14.06627167,6.280304146,44.79192725,8,English,FALSE,2.01653,1.98347,0
12.31281462,6.688487716,55.73998898,8,English,FALSE,2.368012656,1.631987344,0
13.596637,6.545479445,44.25821854,9,Mandarin,FALSE,2.036695116,1.963304884,0
10.10925997,7.718885419,18.94563741,8,English,FALSE,1.129802701,2.870197299,0
13.93736729,5.666667696,4.080479533,9,Malay,TRUE,0.692056334,3.307943666,0
13.35924717,7.543606923,57.48074629,8,English,TRUE,2.445053417,1.554946583,0
11.79424371,6.558741442,59.54557054,8,English,FALSE,2.488382203,1.511617797,0
12.08492955,9.663157426,41.61846396,9,Malay,FALSE,1.964763002,2.035236998,0
11.63306953,7.109082344,18.92117935,8,Malay,TRUE,1.138127497,2.861872503,0
12.62143293,5.500047423,51.90172319,9,English,FALSE,2.271272243,1.728727757,0
10.54337817,9.668044475,57.20726682,8,English,FALSE,2.42902312,1.57097688,0
14.22457469,9.687500681,30.38657479,8,English,FALSE,1.57200658,2.42799342,0
12.39026839,5.877471588,18.69895639,8,Malay,TRUE,1.125975946,2.874024054,0
10.21551089,9.08212239,24.38158464,9,Malay,FALSE,1.365695821,2.634304179,0
12.7648087,9.309704174,4.430884387,8,English,TRUE,0.688441275,3.311558725,0
14.65258568,6.777982175,33.9400826,8,Mandarin,TRUE,1.665641765,2.334358235,0
10.43730253,5.797502585,22.73120943,9,Malay,FALSE,1.280055032,2.719944968,0
10.61596283,8.992243073,53.07243844,8,English,FALSE,2.28516334,1.71483666,0
11.93591642,5.141530446,16.53314042,8,Malay,FALSE,1.041879149,2.958120851,0
13.6781213,8.097037395,0.502220011,9,English,TRUE,0.594492254,3.405507746,0
13.02310969,6.709875476,44.22975441,9,English,FALSE,2.031654999,1.968345001,0
12.28979745,7.980133726,0.444501071,8,English,FALSE,0.537516014,3.462483986,0
14.96372945,8.944237553,32.75826628,9,Mandarin,TRUE,1.691021879,2.308978121,0
10.92896642,9.143691075,10.87553736,9,Mandarin,TRUE,0.923244487,3.076755513,0
14.10878397,9.992336543,36.62874996,9,Malay,FALSE,1.821969537,2.178030463,0
10.61918475,8.20112674,11.87305632,8,Malay,TRUE,0.903971659,3.096028341,0
10.89803513,6.117320355,30.11262694,8,Mandarin,FALSE,1.493907786,2.506092214,0
11.47722133,6.380511643,20.1041322,9,English,TRUE,1.20871507,2.79128493,0
14.36547859,7.180725399,10.9532939,8,Mandarin,TRUE,0.900571837,3.099428163,0
12.22102865,9.242353121,36.38895204,9,Mandarin,FALSE,1.787598886,2.212401114,0
11.97892706,6.834275131,4.933118429,9,English,FALSE,0.712569303,3.287430697,0
12.45362896,8.441349764,56.46817433,9,Malay,FALSE,2.451222265,1.548777735,0
13.15453166,5.225438776,46.68777377,8,Mandarin,FALSE,2.06005883,1.93994117,0
12.11747084,7.150289875,54.95205748,9,Malay,TRUE,2.384412856,1.615587144,0
14.81265844,5.835130627,2.548035381,9,Mandarin,TRUE,0.651412403,3.348587597,0
10.67670955,9.692214762,0.128382356,9,Mandarin,FALSE,0.567968655,3.432031345,0
12.37833152,8.957177404,21.47570065,9,Malay,FALSE,1.289211778,2.710788222,0
12.07716529,5.693703734,37.0008323,9,Malay,FALSE,1.771069767,2.228930233,0
13.46353409,7.009256702,14.66373328,9,English,TRUE,1.053519017,2.946480983,0
14.8154168,5.402958597,32.9595467,9,English,TRUE,1.660835311,2.339164689,0
11.44206437,8.732793408,36.36009772,8,Mandarin,FALSE,1.733751835,2.266248165,0
14.77663252,5.956827648,9.097619686,8,Mandarin,TRUE,0.830588591,3.169411409,0
14.13849816,9.021669896,46.13234494,9,English,FALSE,2.129346512,1.870653488,0
14.05238956,5.37011326,56.18154872,9,English,FALSE,2.426943319,1.573056681,0
10.36537975,7.864787264,38.407664,9,Mandarin,TRUE,1.822557137,2.177442863,0
14.70291726,8.041006042,56.87092685,9,English,TRUE,2.483136795,1.516863205,0
14.19463923,6.671673683,14.76802759,8,Malay,FALSE,1.020930716,2.979069284,0
13.42291562,5.821041114,2.190872454,9,Mandarin,FALSE,0.625468649,3.374531351,0
10.63929619,6.619145976,14.84613541,8,Mandarin,FALSE,0.987455602,3.012544398,0
12.1001863,7.477558779,38.88667472,8,Mandarin,TRUE,1.811999941,2.188000059,0
14.20114128,9.845538223,35.85809525,9,Mandarin,FALSE,1.795736637,2.204263363,0
12.18765688,7.234709172,16.0443406,9,Malay,FALSE,1.089035014,2.910964986,0
12.18227584,5.946909185,24.48283768,9,English,TRUE,1.35738644,2.64261356,0
11.35062904,5.129431144,22.05811356,8,Mandarin,FALSE,1.220071054,2.779928946,0
10.25594125,5.041147161,57.02554488,8,Mandarin,TRUE,2.37382238,1.62617762,0
12.56501907,7.083689927,18.86028367,8,Mandarin,FALSE,1.145163212,2.854836788,0
13.87234747,6.481546522,11.58677189,8,Mandarin,FALSE,0.90976467,3.09023533,0
10.73035678,5.575409651,33.93675882,9,Malay,FALSE,1.654282958,2.345717042,0
14.46888784,5.860877022,7.489431097,9,English,FALSE,0.812945352,3.187054648,0
12.77641993,6.749529931,30.47219325,9,Malay,TRUE,1.570999273,2.429000727,0
14.0614944,8.433150775,41.2166804,9,Mandarin,TRUE,1.958835798,2.041164202,0
13.33519936,8.047939758,56.59578531,8,Mandarin,TRUE,2.420357568,1.579642432,0
10.67472812,5.399776654,53.53546179,9,Malay,TRUE,2.305260441,1.694739559,0
14.53296108,5.715132768,50.4729545,8,Mandarin,TRUE,2.204912755,1.795087245,0
13.59074876,9.542014934,23.63236657,9,Malay,TRUE,1.379073189,2.620926811,0
10.17789495,5.355406263,53.63845998,9,Malay,FALSE,2.303281678,1.696718322,0
12.90022119,5.994363919,42.99833381,8,English,TRUE,1.942223645,2.057776355,0
12.40063103,6.589710897,26.49162282,8,English,FALSE,1.392957513,2.607042487,0
14.29577038,6.150595339,33.84470469,8,English,FALSE,1.65262048,2.34737952,0
10.61392456,6.454191685,26.16665184,9,English,TRUE,1.402902891,2.597097109,0
12.95422023,8.63870212,11.80726105,8,Malay,TRUE,0.929504592,3.070495408,0
11.5514002,5.475065703,27.10124515,9,Mandarin,TRUE,1.433639497,2.566360503,0
11.22809433,6.761167006,48.44458075,9,Malay,TRUE,2.154711972,1.845288028,0
10.11267675,8.058646452,15.99528341,9,Mandarin,FALSE,1.074889346,2.925110654,0
11.66114182,5.244204764,38.42042964,9,English,TRUE,1.809734454,2.190265546,0
11.98047941,5.221473387,33.19639253,8,Mandarin,TRUE,1.598565946,2.401434054,0
12.23893353,7.492837438,55.20653374,8,Mandarin,FALSE,2.357535501,1.642464499,0
13.67360835,9.499122742,44.77017688,8,Malay,FALSE,2.04406654,1.95593346,0
12.01771216,7.223842245,21.68348509,9,English,TRUE,1.27519838,2.72480162,0
10.97619941,7.033223301,33.70358403,9,Malay,TRUE,1.663547028,2.336452972,0
11.99073117,5.050788967,54.67272005,8,Mandarin,TRUE,2.312839203,1.687160797,0
10.34782503,8.663556913,13.58883521,9,Mandarin,FALSE,1.003074993,2.996925007,0
14.86037115,5.820425727,28.46899909,9,Mandarin,FALSE,1.515774605,2.484225395,0
10.33116704,8.49246825,13.30083736,8,Malay,TRUE,0.951597598,3.048402402,0
11.00945427,6.742531301,25.10546583,9,Malay,FALSE,1.374368717,2.625631283,0
12.14015818,5.224942612,3.493393937,8,Malay,TRUE,0.610097473,3.389902527,0
14.66702915,6.639503554,52.55822672,9,English,FALSE,2.325006218,1.674993782,0
10.89368582,8.297801684,58.69474509,8,Mandarin,TRUE,2.468406378,1.531593622,0
11.99889245,8.841693273,34.0685063,8,Malay,TRUE,1.664022734,2.335977266,0
14.94658529,8.177720507,33.2444366,8,Malay,TRUE,1.659390945,2.340609055,0
13.01023813,8.555303912,57.34940342,9,Malay,TRUE,2.487302201,1.512697799,0
13.07291637,6.179570616,23.59450118,8,Malay,FALSE,1.299008242,2.700991758,0
14.87064684,9.826240896,37.26544818,9,Malay,FALSE,1.849150483,2.150849517,0
12.53049095,6.134552486,50.23566681,9,Malay,TRUE,2.221172661,1.778827339,0
10.01280372,5.850495401,30.34464813,8,Malay,FALSE,1.490121262,2.509878738,0
10.15489822,6.249058717,13.28988622,8,English,TRUE,0.927035777,3.072964223,0
13.40699067,9.860275888,48.76209114,9,Malay,TRUE,2.218075704,1.781924296,0
11.05755614,5.324768105,16.26812677,8,English,FALSE,1.026094135,2.973905865,0
12.39240368,8.867226475,50.62655516,8,English,TRUE,2.22014814,1.77985186,0
12.75686128,5.526432516,56.67678343,8,Mandarin,FALSE,2.392059052,1.607940948,0
13.33675056,8.866457223,32.76298086,9,Mandarin,FALSE,1.67413144,2.32586856,0
10.41873326,6.385120246,2.957855737,9,English,TRUE,0.626633726,3.373366274,0
13.80021841,8.633115743,57.33706884,8,English,TRUE,2.45556897,1.54443103,0
14.60084007,5.245002994,49.87945845,9,Malay,TRUE,2.221107046,1.778892954,0
11.27872768,6.672977068,7.041558096,8,English,FALSE,0.734235651,3.265764349,0
11.90223038,7.323122415,37.76325795,8,Malay,FALSE,1.771028793,2.228971207,0
13.71909078,5.103375339,18.93673203,8,Malay,FALSE,1.139449062,2.860550938,0
11.24220331,5.904241731,19.81980091,8,Mandarin,TRUE,1.152124481,2.847875519,0
12.71122282,5.843990648,34.818452,9,English,TRUE,1.706167201,2.293832799,0
13.29973418,7.407008561,42.71280049,8,Malay,FALSE,1.950827444,2.049172556,0
14.3963698,5.665865058,0.674029637,9,English,FALSE,0.583090003,3.416909997,0
11.72682871,9.88584991,9.160366982,8,Malay,FALSE,0.841472352,3.158527648,0
12.46324116,9.434649038,54.16808926,9,Mandarin,FALSE,2.384581877,1.615418123,0
10.92299703,6.121681399,29.69952023,8,Malay,TRUE,1.480430792,2.519569208,0
11.53805239,6.171050004,29.51261426,9,Mandarin,FALSE,1.520844833,2.479155167,0
10.47468196,9.737137456,50.41889173,9,Mandarin,FALSE,2.242747919,1.757252081,0
10.98818873,6.497721167,7.762496827,8,Mandarin,TRUE,0.753608993,3.246391007,0
11.73105664,7.116444545,42.81985862,8,Mandarin,FALSE,1.935803632,2.064196368,0
12.12135911,8.507396859,30.37353785,9,Mandarin,TRUE,1.578738821,2.421261179,0
13.53438754,6.720183065,44.49533284,8,English,TRUE,2.005723467,1.994276533,0
12.29224461,9.51228392,40.75603941,9,English,FALSE,1.936579932,2.063420068,0
10.24524571,7.945181149,39.98906481,8,Malay,TRUE,1.834873096,2.165126904,0
13.77872689,7.836179205,51.3622726,8,Mandarin,FALSE,2.248224814,1.751775186,0
12.66398415,7.771477197,33.04679674,8,Mandarin,FALSE,1.625914505,2.374085495,0
14.6970423,5.560236096,24.47097858,8,English,FALSE,1.33827207,2.66172793,0
13.17620032,8.952209332,11.90972181,8,English,TRUE,0.938274823,3.061725177,0
12.66965902,7.860568194,20.63861105,8,Mandarin,TRUE,1.213255974,2.786744026,0
11.47214431,5.267595877,52.19571721,9,English,FALSE,2.267254642,1.732745358,0
11.18230197,9.251802287,20.248381,9,English,FALSE,1.239287076,2.760712924,0
11.15016891,8.647290802,59.12542451,9,Mandarin,FALSE,2.528822081,1.471177919,0
12.03561413,6.4444459,36.47929118,9,Mandarin,FALSE,1.760776973,2.239223027,0
10.85685708,6.430196354,48.89806714,9,Mandarin,FALSE,2.162806106,1.837193894,0
14.22104903,7.523580143,29.59567833,8,Malay,TRUE,1.523968903,2.476031097,0
14.025987,5.03615901,39.27326616,8,Mandarin,TRUE,1.819730332,2.180269668,0
13.64423822,9.048103325,59.37181056,9,Malay,FALSE,2.565983768,1.434016232,0
10.24375384,9.710227402,30.01619462,8,English,FALSE,1.520079633,2.479920367,0
10.35952935,7.233011617,15.80155149,9,Mandarin,TRUE,1.062643793,2.937356207,0
13.18212641,7.682870621,38.99263565,8,English,TRUE,1.828404492,2.171595508,0
13.74484139,9.048923803,55.17643581,9,English,TRUE,2.427152179,1.572847821,0
10.1335797,6.387994824,1.031916936,9,Malay,TRUE,0.559612976,3.440387024,0
11.4525011,7.458652403,59.55333625,9,Mandarin,TRUE,2.534222743,1.465777257,0
10.68141595,5.554970267,32.67290307,8,Malay,TRUE,1.571460631,2.428539369,0
11.15639492,8.509538712,47.96666324,8,English,TRUE,2.115548111,1.884451889,0
12.59188502,8.964274901,7.093309278,9,Malay,TRUE,0.812005242,3.187994758,0
10.54622351,5.33452819,17.49013515,9,Mandarin,TRUE,1.101812022,2.898187978,0
11.14917066,9.412097498,58.6295522,8,Mandarin,FALSE,2.479931088,1.520068912,0
12.82454197,6.872597348,17.27427919,8,English,TRUE,1.0927807,2.9072193,0
12.54054537,9.611033063,24.73290518,9,Mandarin,FALSE,1.405945957,2.594054043,0
14.28795508,9.500862621,16.84206892,8,Malay,TRUE,1.119290474,2.880709526,0
10.75289862,8.95449846,28.10805501,8,Malay,TRUE,1.454009138,2.545990862,0
11.84942368,9.150747998,9.543211896,9,English,TRUE,0.88810878,3.11189122,0
14.62179853,6.446867009,30.53086392,8,English,FALSE,1.54838212,2.45161788,0
13.97899128,6.83643356,17.90638126,9,Malay,TRUE,1.165033624,2.834966376,0
12.98678666,6.200306998,48.90753322,9,English,FALSE,2.182122044,1.817877956,0
13.84496265,6.772523611,23.38582438,8,Malay,TRUE,1.305702342,2.694297658,0
12.24190391,7.809525789,47.56321733,9,Malay,TRUE,2.145954875,1.854045125,0
14.55343588,9.320152256,38.50527737,8,Malay,FALSE,1.842245127,2.157754873,0
12.9982822,7.735917019,54.90565433,8,Malay,TRUE,2.35753047,1.64246953,0
13.47817881,8.483430747,48.63744068,8,English,FALSE,2.160864118,1.839135882,0
13.25993041,5.678953292,54.06711505,8,Malay,TRUE,2.311626005,1.688373995,0
13.36382266,9.697840106,31.53852535,8,Mandarin,FALSE,1.601900806,2.398099194,0
13.2053152,7.915885546,54.80670187,9,English,TRUE,2.39810207,1.60189793,0
10.36882198,8.879048084,9.284372696,8,Malay,TRUE,0.82195779,3.17804221,0
13.01924585,9.992829596,5.066371163,9,English,FALSE,0.758999793,3.241000207,0
13.91699713,9.298627988,31.56131038,9,Mandarin,FALSE,1.64419993,2.35580007,0
10.00197923,7.521843878,49.56288949,9,Mandarin,FALSE,2.187334547,1.812665453,0
14.45837889,9.340203443,12.73051741,9,Malay,TRUE,1.022336404,2.977663596,0
14.76116858,8.294627716,58.11689689,8,Mandarin,TRUE,2.487787859,1.512212141,0
10.64095161,8.65009069,11.11450283,9,Malay,FALSE,0.923393851,3.076606149,0
12.67526102,8.186474001,42.52197985,8,Malay,FALSE,1.946016679,2.053983321,0
10.55298245,6.438168876,54.90719955,9,English,TRUE,2.360151498,1.639848502,0
11.41503929,6.672386245,57.9215917,9,Malay,TRUE,2.471593979,1.528406021,0
13.10746274,7.791694731,39.68471714,8,Malay,FALSE,1.851815479,2.148184521,0
11.51426296,9.370380635,34.45248091,8,Malay,FALSE,1.677262466,2.322737534,0
11.82775076,7.262714654,5.451663956,8,Malay,TRUE,0.692626786,3.307373214,0
13.73067444,7.702837291,1.18846722,9,Malay,TRUE,0.613950691,3.386049309,0
12.87491579,6.845482841,59.14555116,8,Malay,FALSE,2.488722358,1.511277642,0
12.59022391,5.090677331,16.46203037,8,Malay,FALSE,1.045543358,2.954456642,0
11.62086754,8.217697193,4.334406908,8,English,TRUE,0.662865878,3.337134122,0
13.52075515,7.829678455,32.3087555,9,English,FALSE,1.650462853,2.349537147,0
12.11983309,9.891281852,18.75585166,9,Malay,TRUE,1.205306205,2.794693795,0
14.49406888,7.539833917,21.45562546,9,English,FALSE,1.295526543,2.704473457,0
13.00799358,7.674738875,21.2258049,8,Malay,TRUE,1.234354155,2.765645845,0
12.691563,6.411309832,14.9213623,9,Malay,FALSE,1.048407472,2.951592528,0
14.01567246,5.497995442,58.06078808,9,Mandarin,TRUE,2.490496282,1.509503718,0
12.4272059,8.537863739,15.91324761,8,English,FALSE,1.060092283,2.939907717,0
11.39644165,9.042078184,33.42298224,8,Mandarin,TRUE,1.638484606,2.361515394,0
10.77548505,9.348492565,14.31746655,8,Malay,TRUE,0.998488661,3.001511339,0
12.80909232,7.021358781,45.71160993,8,Malay,FALSE,2.042024842,1.957975158,0
12.124283,8.517824885,13.74108915,9,Malay,TRUE,1.024457384,2.975542616,0
11.98688002,6.313460503,36.87930182,8,English,TRUE,1.732313466,2.267686534,0
11.74703595,6.263955842,50.03759029,8,English,FALSE,2.168029594,1.831970406,0
13.35806108,9.978626292,16.29792952,8,English,FALSE,1.096631191,2.903368809,0
12.59498218,9.247196677,48.19452335,9,English,TRUE,2.1849059,1.8150941,0
12.68619329,6.281065869,5.549246764,9,Mandarin,FALSE,0.734647484,3.265352516,0
11.54062401,7.166996501,6.984313655,8,Mandarin,FALSE,0.73988666,3.26011334,0
13.06825489,7.824842016,24.03502753,8,English,TRUE,1.330098553,2.669901447,0
12.01758037,5.064858845,24.41558043,9,English,FALSE,1.344677073,2.655322927,0
13.8473997,9.796368074,30.98883055,8,Mandarin,TRUE,1.589398696,2.410601304,0
12.64765277,5.543857349,1.421286828,8,English,TRUE,0.549291329,3.450708671,0
11.4472625,9.086197396,7.028414107,8,Malay,TRUE,0.759615069,3.240384931,0
10.73864833,9.879651104,0.616498618,8,Malay,TRUE,0.546732948,3.453267052,0
13.49967999,8.521145577,57.27133202,8,English,FALSE,2.449252656,1.550747344,0
11.85552851,9.833451676,18.80097179,9,English,TRUE,1.203588862,2.796411138,0
10.32755592,5.098449777,41.28420271,9,Malay,TRUE,1.890400147,2.109599853,0
14.57459351,6.772742217,36.50643775,9,English,TRUE,1.790354616,2.209645384,0
11.93322616,7.382260024,43.4825234,9,Malay,TRUE,2.002572309,1.997427691,0
13.7297163,8.914699699,52.97113316,8,Malay,FALSE,2.312148599,1.687851401,0
12.29457594,8.272659483,13.98887705,9,English,FALSE,1.031968256,2.968031744,0
14.45463045,8.680045519,25.54512106,9,English,TRUE,1.442850795,2.557149205,0
10.14536124,5.723309054,19.70666041,9,Malay,FALSE,1.175575383,2.824424617,0
11.29703411,9.223827279,4.947899098,8,English,FALSE,0.690138584,3.309861416,0
12.7288798,9.111129274,1.915532604,9,English,FALSE,0.642251178,3.357748822,0
11.61614562,8.844562385,45.88735706,8,Mandarin,TRUE,2.054185649,1.945814351,0
13.71344277,9.08974958,7.753648789,8,Mandarin,FALSE,0.806486883,3.193513117,0
13.44209073,6.067974269,0.921840576,9,Malay,TRUE,0.585828669,3.414171331,0
10.12762151,5.701334659,26.30459233,9,Malay,FALSE,1.395109306,2.604890694,0
13.002565,9.475307784,19.33602783,8,Malay,TRUE,1.189312989,2.810687011,0
14.17943196,9.785051631,3.966442408,9,Mandarin,FALSE,0.731859583,3.268140417,0
11.57811004,7.121332219,3.095494189,9,Malay,FALSE,0.650177562,3.349822438,0
10.69679473,7.234999086,54.78936898,8,Malay,FALSE,2.325630238,1.674369762,0
13.69148543,8.704885336,56.3804086,9,Mandarin,TRUE,2.463310661,1.536689339,0
14.50213731,7.474995349,28.9374329,9,Malay,TRUE,1.544352423,2.455647577,0
13.28452111,6.567777316,50.8970846,8,English,FALSE,2.215092471,1.784907529,0
14.23021827,5.950480327,48.00557231,9,Mandarin,TRUE,2.16199273,1.83800727,0
14.99332502,5.113256145,34.76118585,9,Malay,TRUE,1.719772007,2.280227993,0
12.49693044,7.93849329,45.04818208,9,Malay,TRUE,2.065960307,1.934039693,0
14.67644354,5.710769674,55.83248306,9,English,FALSE,2.424954901,1.575045099,0
11.72181093,9.291754815,33.97832101,8,Mandarin,TRUE,1.662746358,2.337253642,0
13.72824223,9.914343265,30.70015243,8,English,TRUE,1.579764269,2.420235731,0
14.50733071,7.288700772,0.21261692,9,English,FALSE,0.585047545,3.414952455,0
12.60437632,5.577850019,32.52853503,9,Malay,TRUE,1.626106764,2.373893236,0
13.13233665,7.915087152,49.05005617,8,Malay,TRUE,2.16547611,1.83452389,0
14.85246919,7.869393017,45.72620729,9,Malay,TRUE,2.111425532,1.888574468,0
11.25589987,5.666768719,38.74778757,9,English,FALSE,1.820819605,2.179180395,0
11.77988943,8.234651319,1.475084425,9,Mandarin,FALSE,0.609314888,3.390685112,0
13.86138346,6.580314227,55.52186828,9,Malay,TRUE,2.41514592,1.58485408,0
11.70485165,9.227459521,25.74635872,9,English,TRUE,1.427535069,2.572464931,0
12.50387707,7.939589677,34.29209585,9,Malay,FALSE,1.707504529,2.292495471,0
10.25228856,7.16475471,23.86372015,8,English,FALSE,1.289627771,2.710372229,0
12.8274202,9.816589633,20.93276791,9,Mandarin,FALSE,1.284199029,2.715800971,0
13.13392406,7.456121083,30.63563132,8,English,FALSE,1.547088162,2.452911838,0
10.4130225,9.43647182,29.68192777,9,Mandarin,FALSE,1.547892536,2.452107464,0
11.21951085,6.321550622,21.3848743,8,English,TRUE,1.208239758,2.791760242,0
12.16593378,7.208876209,48.23124995,9,Mandarin,FALSE,2.161456432,1.838543568,0
13.90620531,5.419441011,3.036918994,8,Mandarin,TRUE,0.614487096,3.385512904,0
10.10828494,7.113788483,7.021355198,9,Mandarin,TRUE,0.766265907,3.233734093,0
11.65674751,9.472464107,4.952380164,9,Mandarin,FALSE,0.736371455,3.263628545,0
10.02446296,9.147311064,33.89957274,9,Malay,TRUE,1.681703498,2.318296502,0
12.60641195,9.87853042,24.75099272,9,Malay,FALSE,1.409882514,2.590117486,0
12.49387855,8.748669429,27.12264532,9,English,FALSE,1.476513657,2.523486343,0
13.77685882,6.357441306,34.6048572,8,Malay,FALSE,1.674838241,2.325161759,0
10.01959793,5.804156718,19.43808832,9,Mandarin,TRUE,1.166173824,2.833826176,0
13.79356809,5.897582538,10.98758409,8,Malay,TRUE,0.883164309,3.116835691,0
14.45613533,8.306913402,18.40992843,9,Mandarin,FALSE,1.201294768,2.798705232,0
11.58710059,6.911235547,59.63929132,9,Malay,TRUE,2.532959739,1.467040261,0
11.66845168,7.070185529,57.1613266,8,English,TRUE,2.412763925,1.587236075,0
10.00534581,9.302870153,57.3981109,9,English,TRUE,2.466352523,1.533647477,0
12.14556439,8.633325622,1.657830829,8,Mandarin,TRUE,0.583049928,3.416950072,0
13.06507031,6.046369036,5.367066698,8,Mandarin,FALSE,0.690016617,3.309983383,0
10.61347431,5.855506433,2.74256904,9,Malay,FALSE,0.616108775,3.383891225,0
13.2858245,9.109663397,48.92828856,8,Malay,FALSE,2.174897831,1.825102169,0
11.82871335,9.768043435,59.4821037,8,Mandarin,FALSE,2.518704358,1.481295642,0
13.36498945,5.925712181,32.5792949,8,English,TRUE,1.598883513,2.401116487,0
11.2554864,9.758807062,42.04989361,8,English,FALSE,1.931806055,2.068193945,0
13.87323192,7.14868619,21.13338233,9,Mandarin,TRUE,1.274665259,2.725334741,0
12.74426431,9.528295373,45.92408305,9,English,TRUE,2.113528365,1.886471635,0
12.6659747,8.754285753,39.36499479,9,Mandarin,TRUE,1.886369097,2.113630903,0
12.44079341,9.52555346,48.05764125,8,Malay,FALSE,2.141584844,1.858415156,0
14.20987428,8.225737387,30.00143816,8,English,TRUE,1.544404056,2.455595944,0
12.77127351,5.785049048,11.64106291,9,English,FALSE,0.933598656,3.066401344,0
10.79799623,5.30183069,28.54339819,9,Mandarin,FALSE,1.472444875,2.527555125,0
13.12903045,8.135561634,18.72556324,8,Malay,TRUE,1.156831362,2.843168638,0
12.57043319,5.291778751,41.6464159,9,English,TRUE,1.926835983,2.073164017,0
10.34466409,6.179932875,8.210983198,8,English,TRUE,0.75894541,3.24105459,0
12.90540488,6.031152205,19.9146608,9,Malay,FALSE,1.213187598,2.786812402,0
10.39692353,7.135518691,0.394628965,9,Malay,TRUE,0.548478721,3.451521279,0
13.62415928,7.98690162,48.93152433,9,Mandarin,TRUE,2.20716142,1.79283858,0
13.27390382,9.55582247,24.39757864,9,English,TRUE,1.401549884,2.598450116,0
12.46628214,9.680960016,46.57123237,8,English,FALSE,2.093846834,1.906153166,0
13.74392149,9.911868776,5.855937114,8,Malay,FALSE,0.751755806,3.248244194,0
11.40371299,8.81911716,11.62775185,9,Malay,TRUE,0.94982003,3.05017997,0
12.23213079,9.606485104,51.02809663,8,English,FALSE,2.239322713,1.760677287,0
10.07644181,8.953128301,35.72760472,8,Malay,FALSE,1.701215859,2.298784141,0
14.94146658,9.553005893,0.354016595,8,Mandarin,TRUE,0.576745278,3.423254722,0
10.28127305,5.520876089,54.30770464,8,Mandarin,TRUE,2.288278313,1.711721687,0
10.52227636,9.807874671,59.00987417,9,Malay,TRUE,2.530297316,1.469702684,0
12.47442796,6.172815471,39.67110247,8,English,TRUE,1.828842517,2.171157483,0
11.87951637,7.842349826,43.66949623,9,Malay,FALSE,2.012868536,1.987131464,0
12.66174338,7.584137493,8.016050601,9,English,FALSE,0.829660495,3.170339505,0
14.17505709,7.822310479,45.97495785,8,Mandarin,FALSE,2.072472271,1.927527729,0
10.7931033,8.51014775,5.939669809,9,Mandarin,FALSE,0.751021504,3.248978496,0
13.19765812,7.697987766,53.38490632,9,Mandarin,TRUE,2.348453336,1.651546664,0
10.09017696,8.443739876,30.28836063,9,English,FALSE,1.554951189,2.445048811,0
13.95022297,7.671942648,8.470713393,9,Malay,FALSE,0.858578769,3.141421231,0
14.07814761,5.060215729,5.322744745,8,English,FALSE,0.688808458,3.311191542,0
11.89688899,8.136832597,26.40687972,9,English,FALSE,1.44056654,2.55943346,0
10.86666625,7.776006411,0.320323442,8,Mandarin,TRUE,0.517104175,3.482895825,0
14.05530537,7.929220962,57.67360272,8,Malay,TRUE,2.462298687,1.537701313,0
14.54604518,5.007802273,10.24106039,9,English,TRUE,0.896907154,3.103092846,0
10.37653354,7.34373397,25.17109505,9,Malay,TRUE,1.376239177,2.623760823,0
12.89903387,9.374886035,36.40026244,8,English,FALSE,1.75608128,2.24391872,0
14.6907717,6.662777115,40.48897105,8,English,TRUE,1.883167856,2.116832144,0
13.21867932,7.224410181,33.88856955,9,Mandarin,FALSE,1.69404988,2.30595012,0
14.10160101,5.61222105,10.71541157,8,Mandarin,FALSE,0.874318606,3.125681394,0
11.14910974,7.251171437,28.30799987,9,Mandarin,TRUE,1.487602807,2.512397193,0
10.51167687,6.978891993,19.3557876,8,Malay,FALSE,1.140098609,2.859901391,0
11.88093969,9.415202969,5.362791312,8,English,TRUE,0.711721137,3.288278863,0
11.97555079,5.177202312,23.2514519,9,Mandarin,TRUE,1.306575928,2.693424072,0
13.93101845,9.756080936,36.52998898,8,Malay,TRUE,1.774537293,2.225462707,0
12.03147241,7.882015925,6.12306513,8,Malay,FALSE,0.723237054,3.276762946,0
11.18301127,7.648171882,9.898644963,8,English,FALSE,0.838266664,3.161733336,0
14.43170257,9.431010715,5.17647533,9,Mandarin,TRUE,0.77117631,3.22882369,0
13.91327167,5.95504723,0.06709391,9,Mandarin,FALSE,0.560919653,3.439080347,0
13.33650818,6.045067217,56.18608086,8,Mandarin,FALSE,2.386685116,1.613314884,0
11.03556323,9.372129448,50.29693829,8,Mandarin,FALSE,2.200641536,1.799358464,0
11.02406014,9.647221324,13.8927137,8,Malay,FALSE,0.989803271,3.010196729,0
12.4567761,9.1890565,34.65798309,9,Mandarin,FALSE,1.731724429,2.268275571,0
12.65460413,5.206324882,48.09613562,8,Mandarin,FALSE,2.101813811,1.898186189,0
11.28047657,8.260346048,21.99224136,9,Malay,TRUE,1.288482938,2.711517062,0
10.616852,7.255687105,44.34304172,8,English,TRUE,1.976826782,2.023173218,0
11.81601857,9.039123747,52.11950141,9,English,FALSE,2.305868137,1.694131863,0
12.1454161,5.790669405,29.91923093,9,Malay,TRUE,1.536668553,2.463331447,0
10.2627089,9.601663324,53.2825663,9,Malay,TRUE,2.334729266,1.665270734,0
12.8231992,6.6770038,12.59831627,8,Mandarin,TRUE,0.934945906,3.065054094,0
10.01005333,6.616146354,54.0866159,9,English,FALSE,2.329149194,1.670850806,0
10.75586477,5.89213679,48.32930198,8,English,FALSE,2.097456748,1.902543252,0
10.73479799,5.03475165,50.40392603,8,Mandarin,TRUE,2.157826364,1.842173636,0
13.43777297,6.563715973,0.269891815,8,Mandarin,FALSE,0.529011283,3.470988717,0
12.42945868,5.741620509,39.81748236,8,Mandarin,TRUE,1.828960204,2.171039796,0
14.18018155,8.690698076,24.03912893,9,Mandarin,FALSE,1.390013094,2.609986906,0
11.32424322,8.783188822,36.27385001,9,Malay,FALSE,1.770202654,2.229797346,0
11.0528719,9.139662415,5.019487022,9,Malay,TRUE,0.729241577,3.270758423,0
14.01447545,5.027208319,14.18851527,9,Mandarin,TRUE,1.023367347,2.976632653,0
12.22102043,6.757417314,21.07697538,8,English,TRUE,1.212350223,2.787649777,0
11.37115317,5.029038703,43.10576186,9,English,FALSE,1.960860647,2.039139353,0
12.09129898,7.538575062,33.17485502,9,English,FALSE,1.662127241,2.337872759,0
12.12636762,9.545038674,0.877721033,8,English,TRUE,0.565971431,3.434028569,0
12.86053829,7.039451298,20.08653932,8,English,TRUE,1.188551207,2.811448793,0
10.18833165,9.368316957,56.39763857,8,Mandarin,TRUE,2.395487772,1.604512228,0
11.23974519,9.737893994,10.79103222,8,English,TRUE,0.889477466,3.110522534,0
12.33447042,6.189332324,14.20663335,8,Malay,TRUE,0.978792472,3.021207528,0
12.71146533,5.050775233,18.44309495,9,Malay,TRUE,1.152392237,2.847607763,0
10.79377803,8.697845903,16.07927813,8,English,TRUE,1.050892177,2.949107823,0
10.96811214,7.895051474,7.303508525,9,Malay,FALSE,0.79208192,3.20791808,0
13.63801461,6.735744731,18.75961266,8,Mandarin,FALSE,1.149058016,2.850941984,0
13.92778581,6.838018989,32.36586603,9,English,FALSE,1.646520249,2.353479751,0
10.37571248,5.404886262,40.51677883,8,Mandarin,FALSE,1.828365282,2.171634718,0
14.95040034,9.355336791,38.57136973,9,Malay,FALSE,1.888769696,2.111230304,0
12.16561926,6.210322803,9.760551638,9,English,FALSE,0.869111142,3.130888858,0
12.92875469,5.48552227,36.87145075,8,Mandarin,FALSE,1.733191128,2.266808872,0
12.96825432,8.897670566,21.49948046,8,Mandarin,FALSE,1.255308598,2.744691402,0
11.7301088,7.425372635,49.31015373,9,Mandarin,FALSE,2.195226606,1.804773394,0
12.72395305,8.814484322,21.74468267,8,Mandarin,FALSE,1.260207129,2.739792871,0
12.9170104,9.509374304,58.59412496,8,Mandarin,FALSE,2.497401346,1.502598654,0
13.80381407,6.910634926,36.88929021,9,Malay,FALSE,1.796787497,2.203212503,0
13.30896215,5.272356068,25.73874369,9,English,TRUE,1.403771305,2.596228695,0
12.23338559,6.266197233,30.18673408,8,Mandarin,TRUE,1.511220298,2.488779702,0
10.95665306,5.255349922,10.5571866,9,Mandarin,TRUE,0.87402625,3.12597375,0
10.1258001,5.745773821,40.80827414,9,Malay,TRUE,1.878991544,2.121008456,0
13.2592695,9.244735253,57.78405915,8,English,TRUE,2.471175352,1.528824648,0
12.38852434,9.707101054,30.89749811,8,English,TRUE,1.570872857,2.429127143,0
14.82762379,8.384565315,59.54108994,8,English,FALSE,2.536824889,1.463175111,0
10.49158433,8.65911093,9.027742348,8,English,FALSE,0.812431698,3.187568302,0
10.363116,8.657428353,38.26102957,8,English,TRUE,1.785573096,2.214426904,0
10.90639239,5.61677872,40.6748686,8,Malay,TRUE,1.841060664,2.158939336,0
11.88416938,5.235562632,18.70335336,8,Mandarin,TRUE,1.114642432,2.885357568,0
10.87587337,8.491996712,21.09389702,8,English,TRUE,1.216808601,2.783191399,0
12.31923044,5.18708361,56.72821652,8,English,TRUE,2.386003691,1.613996309,0
11.69853963,9.058774064,36.71635313,9,Mandarin,FALSE,1.791451574,2.208548426,0
14.99746491,7.955689576,46.89154492,9,Mandarin,TRUE,2.152583042,1.847416958,0
14.83351578,5.567551634,43.55910092,9,English,TRUE,2.015980705,1.984019295,0
11.82407945,8.296464938,36.65893138,8,Malay,FALSE,1.743169823,2.256830177,0
13.96049727,8.031535212,2.872295156,9,Mandarin,TRUE,0.675663497,3.324336503,0
11.20823832,6.881547688,39.76146378,9,Mandarin,TRUE,1.866279986,2.133720014,0
10.2887332,9.088600563,20.69477354,8,Malay,TRUE,1.203599122,2.796400878,0
10.20244023,6.523041609,28.14140638,8,Mandarin,FALSE,1.425301698,2.574698302,0
10.14588543,6.889548518,51.08724264,9,Mandarin,TRUE,2.233262428,1.766737572,0
13.67967571,8.483114979,58.12245184,8,English,TRUE,2.479042968,1.520957032,0
11.71111337,8.760156041,41.65691742,8,Mandarin,FALSE,1.913276608,2.086723392,0
14.11917453,6.367805533,13.91882947,9,Mandarin,FALSE,1.028830783,2.971169217,0
14.36916968,5.083930997,19.0613185,8,Malay,TRUE,1.14990829,2.85009171,0
11.52752645,5.881518818,8.286635296,9,Mandarin,FALSE,0.810311629,3.189688371,0
11.44571803,6.315982824,34.84215311,9,Malay,FALSE,1.699022112,2.300977888,0
11.53964026,9.52503627,55.79498663,8,Malay,FALSE,2.390479653,1.609520347,0
12.37724349,9.468052734,48.65610556,8,Malay,FALSE,2.160323147,1.839676853,0
10.07972377,8.303488277,32.61830752,9,Mandarin,FALSE,1.631109038,2.368890962,0
10.05421341,8.546598556,56.48395338,9,Malay,TRUE,2.428806566,1.571193434,0
13.67738,8.1062644,53.80497829,8,English,TRUE,2.33133572,1.66866428,0
14.04104186,8.895925379,21.66453637,9,Mandarin,TRUE,1.311520885,2.688479115,0
11.02063606,6.75600127,32.98677174,8,Mandarin,FALSE,1.597325431,2.402674569,0
12.96938532,7.733530322,17.75771261,9,Malay,TRUE,1.15895291,2.84104709,0
11.08003899,8.353294939,0.526306292,8,Malay,TRUE,0.531876882,3.468123118,0
13.67106706,7.342145103,27.07130472,9,Malay,TRUE,1.472508946,2.527491054,0
12.10258607,8.863344432,45.00662537,8,Malay,TRUE,2.029880151,1.970119849,0
14.11377407,9.662937693,38.05020009,8,English,FALSE,1.826107121,2.173892879,0
14.74269753,8.319001851,55.6091274,8,Mandarin,TRUE,2.404254574,1.595745426,0
12.77725978,5.373353771,41.14645202,9,Malay,TRUE,1.913054536,2.086945464,0
14.50333759,8.051182508,8.475433239,8,English,TRUE,0.828059642,3.171940358,0
10.16895609,8.481577173,16.0090929,9,Malay,TRUE,1.080141763,2.919858237,0
12.31345637,6.416256897,7.520482707,9,English,TRUE,0.79797989,3.20202011,0
12.51747836,6.608839007,47.68412821,8,Mandarin,FALSE,2.100734114,1.899265886,0
12.0790629,7.976919626,57.04173669,8,English,FALSE,2.421951048,1.578048952,0
11.57421136,8.535567186,13.57590633,9,Malay,TRUE,1.013627996,2.986372004,0
13.61481065,9.357150239,45.93141071,9,Mandarin,FALSE,2.120766633,1.879233367,0
12.7634111,8.812609935,26.22015059,9,Malay,TRUE,1.44976523,2.55023477,0
10.41208195,5.669853632,21.31287378,9,Mandarin,TRUE,1.231248482,2.768751518,0
14.75356251,6.740457186,59.21309009,8,Malay,FALSE,2.508709867,1.491290133,0
14.43758647,5.743827932,20.75276995,9,English,TRUE,1.253573142,2.746426858,0
11.76734175,8.784706337,39.66178292,8,Mandarin,TRUE,1.847579911,2.152420089,0
11.23098446,6.332243571,42.76788531,8,English,TRUE,1.921228457,2.078771543,0
13.14236005,5.617537505,46.38174725,9,English,FALSE,2.093657217,1.906342783,0
10.21653805,5.48114999,51.7204399,9,Malay,TRUE,2.240991544,1.759008456,0
12.47996803,5.572479037,33.97120016,9,Mandarin,TRUE,1.672897809,2.327102191,0
13.3631267,6.235593059,36.26381029,9,English,TRUE,1.764780874,2.235219126,0
12.03342631,8.911774489,42.66824173,9,Malay,TRUE,1.991726732,2.008273268,0
14.86145773,6.18863918,8.9332454,9,Malay,TRUE,0.868275816,3.131724184,0
13.59432465,6.406822913,12.00302535,8,English,TRUE,0.920112321,3.079887679,0
14.67033377,9.403468594,45.85860035,8,English,TRUE,2.089358035,1.910641965,0
14.53945598,7.211575123,8.097920463,9,English,TRUE,0.847440993,3.152559007,0
10.6584858,7.544139256,41.30805931,9,Malay,TRUE,1.918961561,2.081038439,0
13.34314608,5.013611552,1.944844444,9,Mandarin,FALSE,0.608395724,3.391604276,0
12.98343617,5.410537905,20.25285791,9,Malay,TRUE,1.219035005,2.780964995,0
10.27415365,8.702982226,39.73466387,9,English,TRUE,1.874260154,2.125739846,0
11.58943551,6.667315541,42.40283894,8,Malay,FALSE,1.915995475,2.084004525,0
12.67289258,5.747691439,37.80701201,8,Mandarin,FALSE,1.764439574,2.235560426,0
12.74077256,7.144030943,26.4923813,8,Malay,TRUE,1.401927412,2.598072588,0
14.07038823,5.225488465,15.2802939,9,Malay,FALSE,1.062301897,2.937698103,0
12.9381874,8.546881304,36.79786193,9,Malay,TRUE,1.801446085,2.198553915,0
12.33253244,5.400961835,11.09836607,9,Malay,FALSE,0.907280478,3.092719522,0
13.759797,5.274373348,3.615969931,8,Malay,FALSE,0.630874035,3.369125965,0
12.85444984,7.098504887,1.176156757,9,English,TRUE,0.598734773,3.401265227,0
14.418783,7.935371996,16.06396103,9,Mandarin,TRUE,1.119006917,2.880993083,0
14.52732906,8.819488302,1.797978185,8,English,FALSE,0.61340078,3.38659922,0
13.02193902,5.354805862,14.95252033,9,Malay,TRUE,1.042184793,2.957815207,0
12.82167797,6.674098746,17.36433216,8,Malay,TRUE,1.093768839,2.906231161,0
13.50640055,6.342829218,20.69599799,8,Malay,FALSE,1.208358897,2.791641103,0
13.62756309,8.718791974,42.80881262,9,Mandarin,TRUE,2.010423971,1.989576029,0
13.63584356,6.847129921,26.47872201,9,English,FALSE,1.447453802,2.552546198,0
13.1035325,8.139269299,59.11805682,9,English,TRUE,2.543029912,1.456970088,0
13.81406804,7.44689149,56.84141145,8,Malay,TRUE,2.42732331,1.57267669,0
10.72057792,7.84829196,58.89223718,8,English,TRUE,2.468763272,1.531236728,0
14.10736871,6.828137423,24.73377571,8,Mandarin,TRUE,1.353814252,2.646185748,0
11.55216206,6.196298021,2.652155414,9,English,FALSE,0.625889781,3.374110219,0
14.42843875,5.298700269,51.61785945,8,Malay,TRUE,2.237866705,1.762133295,0
10.65913123,5.867346176,26.09318196,9,English,TRUE,1.395037506,2.604962494,0
10.01801553,5.863002313,38.46969334,8,English,FALSE,1.76113329,2.23886671,0
10.07836311,9.674206453,50.60564192,8,English,FALSE,2.204380426,1.795619574,0
11.05079953,9.686903719,36.43838571,8,English,TRUE,1.741989889,2.258010111,0
10.56887312,6.279006414,44.21417341,9,Mandarin,TRUE,2.002284576,1.997715424,0
12.76956401,5.528208986,14.92489798,9,Malay,TRUE,1.040474329,2.959525671,0
12.24207067,6.408590977,11.7032919,8,English,TRUE,0.896616347,3.103383653,0
13.03026383,8.982236925,33.31615506,9,English,TRUE,1.69066351,2.30933649,0
10.96328536,9.353830667,38.27674935,9,English,TRUE,1.839062805,2.160937195,0
13.76919506,7.505508502,52.30689698,9,Mandarin,TRUE,2.316310268,1.683689732,0
13.05234467,7.700595224,49.28391859,8,Malay,FALSE,2.170326685,1.829673315,0
11.10597151,7.293518018,59.34317819,8,Mandarin,FALSE,2.482100835,1.517899165,0
11.9946249,5.914027791,57.98120347,9,Malay,FALSE,2.471793309,1.528206691,0
13.59102737,5.248868847,37.41058665,8,English,FALSE,1.755418517,2.244581483,0
13.40185337,8.106984741,30.20826905,9,Malay,FALSE,1.582030683,2.417969317,0
12.81169174,8.993649455,45.6385625,8,Malay,TRUE,2.059338828,1.940661172,0
14.89508959,8.74673643,15.68235501,9,Malay,FALSE,1.119163427,2.880836573,0
10.65911298,9.501477324,21.14256566,9,English,FALSE,1.266358092,2.733641908,0
12.44139527,9.068239716,46.0275549,8,Mandarin,FALSE,2.06934818,1.93065182,0
13.12017396,6.437880613,56.99824274,9,English,TRUE,2.45552197,1.54447803,0
14.97012973,5.584068493,53.72143289,9,Mandarin,TRUE,2.356256412,1.643743588,0
12.71295247,7.153669162,4.371431936,9,Mandarin,TRUE,0.704380614,3.295619386,0
12.21185223,6.741539579,13.91499043,9,Mandarin,FALSE,1.013366932,2.986633068,0
14.61145925,8.642913569,16.39787372,9,Mandarin,TRUE,1.139139519,2.860860481,0
12.5319152,5.339867524,22.99133767,9,Mandarin,TRUE,1.30509575,2.69490425,0
14.69613794,9.715050645,4.243546075,8,English,TRUE,0.705563422,3.294436578,0
13.75204632,9.785840827,13.85298095,8,English,TRUE,1.017144903,2.982855097,0
10.83944872,5.441723804,42.96857318,8,Mandarin,TRUE,1.915097498,2.084902502,0
10.83732832,7.169818276,14.66707516,9,Malay,TRUE,1.028973971,2.971026029,0
11.58986884,9.495729226,56.55250823,8,English,TRUE,2.415939588,1.584060412,0
10.33833007,5.936406541,25.38203508,9,Mandarin,TRUE,1.368815202,2.631184798,0
12.71270425,8.461069495,5.981145447,9,Mandarin,TRUE,0.771109252,3.228890748,0
14.29871175,8.556070777,50.56034158,9,Malay,FALSE,2.273892545,1.726107455,0
12.00012314,6.167985474,54.93005656,8,Malay,FALSE,2.332682971,1.667317029,0
13.24158319,5.030831696,55.68678653,9,Mandarin,TRUE,2.398950366,1.601049634,0
14.90741154,8.322344648,29.63575135,8,Malay,TRUE,1.54015594,2.45984406,0
10.9686717,8.086282724,55.23065769,9,English,FALSE,2.391571467,1.608428533,0
11.79032898,8.248545322,42.55134125,8,Mandarin,FALSE,1.938766785,2.061233215,0
10.124949,5.782217698,11.73694466,9,English,TRUE,0.910303156,3.089696844,0
11.15946996,8.018671276,31.99154518,9,Mandarin,TRUE,1.618166252,2.381833748,0
13.89709747,7.708372968,25.97061406,8,English,FALSE,1.40174184,2.59825816,0
13.28295113,7.262776093,27.06320428,9,Mandarin,FALSE,1.467564082,2.532435918,0
13.91904153,8.884613749,24.79974444,8,English,FALSE,1.374694701,2.625305299,0
12.12656762,6.941490607,10.51645148,8,Malay,TRUE,0.861228965,3.138771035,0
13.67816759,6.766335878,23.40196639,9,Mandarin,FALSE,1.344510581,2.655489419,0
12.99778543,7.705027846,30.72008158,8,Mandarin,FALSE,1.551030852,2.448969148,0
11.64209149,9.720961369,17.14045835,8,Mandarin,TRUE,1.10497914,2.89502086,0
12.06201869,6.721286864,10.61103974,9,Mandarin,FALSE,0.90153438,3.09846562,0
12.70665236,7.226650101,11.89412463,9,English,TRUE,0.955803846,3.044196154,0
14.78217395,6.331614559,11.57821851,8,Mandarin,TRUE,0.917078502,3.082921498,0
14.65681049,8.39806226,26.80502064,9,Malay,TRUE,1.484049415,2.515950585,0
14.93238708,6.82042594,12.54477061,9,English,FALSE,0.995687151,3.004312849,0
10.08205863,8.46348375,43.03962164,9,Mandarin,TRUE,1.980109479,2.019890521,0
13.58589917,5.728551027,20.13766368,9,Mandarin,FALSE,1.224399958,2.775600042,0
14.47327726,6.31882176,56.36305791,8,English,FALSE,2.406689587,1.593310413,0
13.69642813,6.031534044,3.763752015,9,English,FALSE,0.682738022,3.317261978,0
12.08200406,8.887013325,18.59716141,9,Mandarin,FALSE,1.189595554,2.810404446,0
13.62395868,5.447838818,44.30102441,8,English,TRUE,1.987418789,2.012581211,0
12.22066642,6.259729831,41.08700256,8,Malay,TRUE,1.874370715,2.125629285,0
13.57097819,7.536951406,25.23793283,8,Mandarin,FALSE,1.372343724,2.627656276,0
13.90175412,5.439124948,52.21186264,8,Mandarin,TRUE,2.253804212,1.746195788,0
14.21596153,5.055276147,4.282322387,8,English,TRUE,0.655456456,3.344543544,0
13.64012203,8.455712108,30.54588225,8,Malay,FALSE,1.559154416,2.440845584,0
10.80009421,8.067895494,12.0248282,8,Malay,TRUE,0.909507504,3.090492496,0
14.6813892,5.042074481,22.43660539,8,Mandarin,TRUE,1.265121483,2.734878517,0
11.06694935,5.242678028,41.94372796,9,Malay,FALSE,1.921220539,2.078779461,0
11.78784345,6.096853869,5.938339824,9,Malay,FALSE,0.736791634,3.263208366,0
12.14554141,9.530894491,2.626300043,9,Malay,TRUE,0.664307694,3.335692306,0
13.56206552,8.263634742,25.24981542,9,Mandarin,TRUE,1.419917517,2.580082483,0
13.50618258,9.025001288,16.28529891,8,Mandarin,FALSE,1.088155136,2.911844864,0
14.80862235,8.797390759,43.23120019,8,Malay,FALSE,1.997100137,2.002899863,0
10.94256052,9.915125243,3.933035663,8,Malay,TRUE,0.659678046,3.340321954,0
12.25364774,9.75078561,57.99032627,9,Mandarin,TRUE,2.513055209,1.486944791,0
11.01866247,5.33653121,37.24513115,8,Mandarin,FALSE,1.725056309,2.274943691,0
13.36281315,5.113441656,30.07594235,8,English,FALSE,1.50729396,2.49270604,0
11.06515434,7.485343182,24.7529796,9,English,FALSE,1.370604295,2.629395705,0
14.33946585,6.358626948,44.94031437,9,Malay,FALSE,2.064991407,1.935008593,0
14.91370269,7.522832382,21.37942715,8,Mandarin,FALSE,1.257012922,2.742987078,0
11.58420097,5.453366493,46.61687475,9,Mandarin,FALSE,2.0842715,1.9157285,0
13.69680944,9.544312673,42.64155085,9,Mandarin,TRUE,2.013796249,1.986203751,0
12.66400374,8.870499008,33.08093764,9,Malay,TRUE,1.678042949,2.321957051,0
11.79639566,7.7605826,53.32034957,8,English,TRUE,2.292914768,1.707085232,0
10.95613244,7.325354915,20.75914742,8,Mandarin,FALSE,1.194786454,2.805213546,0
13.59604047,7.342470394,3.471009983,9,Mandarin,FALSE,0.685085441,3.314914559,0
10.7937153,8.082339444,22.57206925,8,English,FALSE,1.261162856,2.738837144,0
11.40318757,7.726705235,52.52009489,9,Mandarin,TRUE,2.301968758,1.698031242,0
14.59805768,7.411189846,4.638938769,8,Mandarin,TRUE,0.694723768,3.305276232,0
12.54182288,8.396283861,45.78917846,9,English,FALSE,2.095687016,1.904312984,0
14.27042302,8.824904657,49.51553742,9,English,FALSE,2.241471191,1.758528809,0
13.83772023,8.21476874,25.67716236,8,Mandarin,FALSE,1.396430302,2.603569698,0
11.88119468,6.956936694,11.67116155,9,Mandarin,TRUE,0.937420032,3.062579968,0
11.09012227,7.07161987,21.33093709,8,Mandarin,FALSE,1.212648658,2.787351342,0
10.49955382,5.492658839,23.90829933,8,English,FALSE,1.276865438,2.723134562,0
14.80313921,7.072727042,55.93553243,9,Mandarin,FALSE,2.44327641,1.55672359,0
11.62350648,8.928961475,17.07734836,8,English,FALSE,1.094769625,2.905230375,0
13.36557362,5.332352584,58.35675716,9,Mandarin,TRUE,2.492204501,1.507795499,0
13.6514912,5.877596817,6.529226423,8,Malay,FALSE,0.732931761,3.267068239,0
10.9884152,9.21308296,58.44176531,8,Mandarin,FALSE,2.470073825,1.529926175,0
13.46901457,7.83973742,13.39915662,9,Mandarin,TRUE,1.019726074,2.980273926,0
10.04655548,8.355994791,10.06558368,9,Mandarin,FALSE,0.879544959,3.120455041,0
12.09101433,6.607795184,7.206026121,8,Malay,TRUE,0.747188966,3.252811034,0
11.75203528,7.443995937,18.97552545,9,English,FALSE,1.184477827,2.815522173,0
14.66406875,8.807881638,36.99369671,8,Mandarin,FALSE,1.787842727,2.212157273,0
14.9301256,9.380216919,39.979801,8,English,TRUE,1.895763458,2.104236542,0
11.43968792,9.871032588,22.19730622,9,English,FALSE,1.313017412,2.686982588,0
13.05001677,9.255127708,13.84548603,9,Malay,TRUE,1.044567646,2.955432354,0
13.72609704,5.337415914,59.70173055,8,Malay,TRUE,2.500692815,1.499307185,0
10.955508,6.716784096,16.23522862,8,Mandarin,TRUE,1.037897208,2.962102792,0
13.43305243,8.744448049,22.69743118,8,Mandarin,TRUE,1.298356044,2.701643956,0
11.28850264,7.089766161,28.85877175,9,Malay,FALSE,1.505741746,2.494258254,0
10.8442945,7.181854493,44.37528347,8,Malay,FALSE,1.979437605,2.020562395,0
14.2533806,8.971568274,9.125683951,8,Mandarin,FALSE,0.856438954,3.143561046,0
12.51239576,9.167094377,15.96804969,8,Mandarin,TRUE,1.069063224,2.930936776,0
11.48481909,8.957041611,59.8143408,9,English,TRUE,2.558229967,1.441770033,0
12.02348153,6.77312301,49.50954302,9,Mandarin,TRUE,2.198284146,1.801715854,0
12.06585421,6.140068029,26.63239828,9,Malay,TRUE,1.429805832,2.570194168,0
13.85017196,6.793713449,6.521348265,8,English,TRUE,0.74381713,3.25618287,0
14.43379042,8.506917665,52.00251998,8,English,TRUE,2.282824413,1.717175587,0
12.3783141,6.823572952,46.98025291,9,English,TRUE,2.118027301,1.881972699,0
11.6144309,5.276911628,34.84126235,8,English,TRUE,1.650288837,2.349711163,0
13.63632326,9.003784716,24.26742643,8,English,TRUE,1.355315294,2.644684706,0
14.5265563,5.317136044,56.13688516,8,English,TRUE,2.389666429,1.610333571,0
10.57042539,9.980667987,17.73965295,9,Malay,TRUE,1.156832699,2.843167301,0
13.9840591,9.307835807,19.25484759,9,Malay,TRUE,1.234747202,2.765252798,0
12.78585911,9.781686747,52.53206896,8,Mandarin,FALSE,2.296744424,1.703255576,0
14.33802553,9.166281306,37.58054724,9,Malay,FALSE,1.847727976,2.152272024,0
12.5705247,5.505346987,57.05402613,9,Malay,TRUE,2.442559588,1.557440412,0
14.31287893,7.093775777,38.70067248,9,Mandarin,FALSE,1.864088963,2.135911037,0
12.77242005,9.539674215,1.979453297,9,English,FALSE,0.649102719,3.350897281,0
10.72441131,5.454396971,10.60776566,8,Malay,FALSE,0.835380272,3.164619728,0
10.02472885,6.526228623,16.90851609,8,Malay,FALSE,1.049126778,2.950873222,0
13.10006869,7.335493348,52.03564789,8,English,FALSE,2.258877217,1.741122783,0
12.96055721,7.249572266,49.85132963,8,English,TRUE,2.183812283,1.816187717,0
11.05111929,9.719506728,47.41962371,9,Malay,FALSE,2.148360384,1.851639616,0
14.25315799,6.975592941,33.21225723,8,English,TRUE,1.63936275,2.36063725,0
14.33880128,6.194806197,8.337596965,9,Malay,TRUE,0.843255974,3.156744026,0
14.02089271,7.22467262,7.87204597,8,English,FALSE,0.794857186,3.205142814,0
14.68293348,6.979968726,7.565517011,9,Mandarin,TRUE,0.828812922,3.171187078,0
12.53331642,8.116513578,51.27671939,8,Malay,FALSE,2.235722279,1.764277721,0
13.51153238,9.970735864,8.493425289,9,English,TRUE,0.877936859,3.122063141,0
14.5223342,7.757086231,48.51164485,8,English,TRUE,2.159849033,1.840150967,0
12.28124032,7.311133941,50.68497375,8,Mandarin,TRUE,2.205422868,1.794577132,0
13.0921386,7.969260558,6.302048658,9,English,FALSE,0.78068228,3.21931772,0
12.56395002,9.898995615,54.12018968,9,English,FALSE,2.388635779,1.611364221,0
14.91626094,8.123999551,53.85228963,8,English,FALSE,2.345478926,1.654521074,0
12.18814648,5.614673013,38.29270617,8,Malay,TRUE,1.774451734,2.225548266,0
11.5851592,9.563439767,30.78057676,9,Mandarin,FALSE,1.597505215,2.402494785,0
13.14815655,7.954108891,38.83833563,8,Mandarin,TRUE,1.825633842,2.174366158,0
11.40347855,5.790526961,24.28896994,9,Mandarin,TRUE,1.341572386,2.658427614,0
14.28783458,6.152459605,35.3196164,9,Malay,FALSE,1.741723488,2.258276512,0
14.46118564,5.602676923,58.17151596,9,English,TRUE,2.499689158,1.500310842,0
11.72535201,9.803801291,6.797386324,8,Malay,FALSE,0.761871077,3.238128923,0
11.79184881,5.354249532,14.02745121,8,Mandarin,FALSE,0.95904269,3.04095731,0
10.43313153,8.822137972,31.44541484,9,Mandarin,TRUE,1.60073319,2.39926681,0
11.27944584,6.688292477,15.51651302,8,Mandarin,FALSE,1.016894484,2.983105516,0
10.3394982,5.405563236,59.56616628,9,Malay,FALSE,2.50298949,1.49701051,0
13.78616199,7.169236195,43.21622249,9,Malay,FALSE,2.010094732,1.989905268,0
10.90159484,5.001348827,26.03858527,9,English,TRUE,1.386982279,2.613017721,0
10.39468042,9.086363232,54.16450661,9,Malay,TRUE,2.36029399,1.63970601,0
10.82161625,7.70957356,8.66681601,8,English,TRUE,0.794205765,3.205794235,0
11.88666638,7.258732758,17.27429881,9,English,TRUE,1.127263952,2.872736048,0
12.11246691,9.146137519,57.35599572,8,English,TRUE,2.444452568,1.555547432,0
14.49289342,7.596601474,33.41831644,9,Mandarin,FALSE,1.69483883,2.30516117,0
11.39805385,7.976491242,55.239784,9,English,FALSE,2.395071584,1.604928416,0
13.58863514,9.074087193,59.05244727,8,Malay,FALSE,2.515042132,1.484957868,0
14.47455175,8.60285341,21.61356517,9,Malay,FALSE,1.311226224,2.688773776,0
14.28350299,8.295196206,34.58909874,8,Mandarin,FALSE,1.69875695,2.30124305,0
10.99484555,8.520705133,50.80167887,8,Mandarin,FALSE,2.208544803,1.791455197,0
11.39860001,6.31484834,16.36446534,9,Mandarin,TRUE,1.082616662,2.917383338,0
10.27223795,5.586239237,26.80525438,8,Malay,TRUE,1.372093251,2.627906749,0
12.41645349,8.113335932,9.199181312,9,Malay,FALSE,0.871937271,3.128062729,0
12.02639676,6.120082663,39.15222111,9,English,TRUE,1.846538831,2.153461169,0
12.72651878,5.238101195,0.251664325,9,Malay,TRUE,0.548035011,3.451964989,0
12.28938755,6.271610326,26.95849716,8,Mandarin,TRUE,1.404226551,2.595773449,0
13.67899681,8.601347936,55.74869952,9,English,TRUE,2.441093431,1.558906569,0
13.34918181,8.542107806,53.8381477,8,English,FALSE,2.333517819,1.666482181,0
12.14301574,9.516298208,48.22618714,9,Mandarin,TRUE,2.184132711,1.815867289,0
10.1892166,8.37613767,8.46954639,9,English,TRUE,0.827971756,3.172028244,0
11.71901745,7.198633761,31.21560333,8,Mandarin,TRUE,1.549696623,2.450303377,0
11.62090876,6.30249679,43.14834652,9,Mandarin,FALSE,1.977512273,2.022487727,0
10.44679002,8.792001662,6.070414844,8,Mandarin,TRUE,0.714735078,3.285264922,0
11.52117366,7.059854596,8.82023709,8,Malay,TRUE,0.799818186,3.200181814,0
14.93682712,9.077442937,2.403941048,9,Mandarin,TRUE,0.680274069,3.319725931,0
14.10625728,9.258126432,19.38441723,8,Mandarin,TRUE,1.199791078,2.800208922,0
14.00819147,6.7578379,52.63934011,8,English,FALSE,2.282304964,1.717695036,0
14.21652219,6.719122005,30.4485465,8,English,FALSE,1.544307992,2.455692008,0
14.32525535,9.568166712,51.19624262,9,Mandarin,FALSE,2.305475641,1.694524359,0
11.62677808,6.986298133,5.019010309,9,English,TRUE,0.713431106,3.286568894,0
11.61130429,8.534026497,3.36616386,9,Malay,TRUE,0.67365877,3.32634123,0
11.68224346,6.889085248,48.23406415,9,Malay,FALSE,2.153515425,1.846484575,0
14.09272487,8.656405579,29.86500952,8,English,TRUE,1.542991622,2.457008378,0
13.98656506,5.867998527,28.25574266,8,English,FALSE,1.460403725,2.539596275,0
10.08451399,9.179427429,28.5389566,9,English,FALSE,1.503937968,2.496062032,0
14.74588691,9.915797621,22.86427537,9,English,FALSE,1.368759358,2.631240642,0
11.42782977,8.828862757,53.1843059,8,English,TRUE,2.295377122,1.704622878,0
13.1307008,6.795623133,31.2598278,8,Malay,FALSE,1.561257499,2.438742501,0
13.19957472,7.776019355,58.43324224,8,Mandarin,FALSE,2.477530682,1.522469318,0
10.56692089,8.348001237,50.79155687,8,English,TRUE,2.202201117,1.797798883,0
13.47874711,5.964362249,44.254261,9,Mandarin,TRUE,2.029573127,1.970426873,0
12.66789479,6.414510827,38.1724789,8,English,TRUE,1.78324002,2.21675998,0
13.05452696,9.00885388,50.11021331,8,Mandarin,FALSE,2.210974252,1.789025748,0
12.23462701,9.72642571,52.9038425,9,English,FALSE,2.343071944,1.656928056,0
14.02181292,6.361416046,7.994451888,8,English,TRUE,0.790314019,3.209685981,0
13.17580324,5.737915916,21.58445888,9,Malay,TRUE,1.268619154,2.731380846,0
10.96463957,9.908109008,48.32693746,9,Malay,TRUE,2.179625401,1.820374599,0
13.7636265,6.599842936,13.27833973,9,Malay,FALSE,1.006246019,2.993753981,0
12.51281193,8.892374996,35.17188389,8,Malay,FALSE,1.706447999,2.293552001,0
10.18637361,6.89505588,46.82703059,8,English,TRUE,2.051715315,1.948284685,0
11.97421988,9.745390533,13.43627299,9,Malay,FALSE,1.02507187,2.97492813,0
12.00863631,7.997681624,24.12084503,9,Mandarin,TRUE,1.364091347,2.635908653,0
14.00716762,7.075570928,54.90694047,8,Malay,FALSE,2.361058735,1.638941265,0
11.16983347,5.891665522,21.36014155,8,Mandarin,FALSE,1.202619708,2.797380292,0
12.26267604,6.277905067,36.28319588,8,Mandarin,TRUE,1.714845674,2.285154326,0
10.27203403,9.284846922,26.03069171,8,English,TRUE,1.383258533,2.616741467,0
14.40719904,5.284731889,52.62204143,9,Malay,FALSE,2.310987357,1.689012643,0
12.21912397,5.784214599,25.44885678,8,Malay,FALSE,1.348328612,2.651671388,0
14.28296674,5.963145425,21.55365616,8,Mandarin,TRUE,1.240916327,2.759083673,0
13.38618437,5.353398476,10.39635225,8,Mandarin,FALSE,0.853940904,3.146059096,0
11.59926559,8.428199493,20.95453297,9,Malay,TRUE,1.258759083,2.741240917,0
13.56353416,9.906359384,40.17326341,8,Mandarin,TRUE,1.893807716,2.106192284,0
12.34424959,5.695998875,10.5486499,9,English,TRUE,0.892024148,3.107975852,0
11.70617311,8.994663039,42.32245172,9,Malay,TRUE,1.977756752,2.022243248,0
13.3396396,5.882526983,0.638821839,9,English,TRUE,0.573515727,3.426484273,0
13.87168062,9.868902942,22.01718032,8,English,FALSE,1.291311846,2.708688154,0
13.44306191,7.535255812,27.95608984,9,Malay,TRUE,1.501652838,2.498347162,0
12.31430116,9.237580487,5.767220285,9,Malay,FALSE,0.767759493,3.232240507,0
11.29654213,5.85277972,41.04584399,9,Mandarin,TRUE,1.899688018,2.100311982,0
14.05197927,9.426283269,6.165414561,8,English,TRUE,0.760296444,3.239703556,0
11.73323706,5.408195984,5.397707447,9,Malay,FALSE,0.711337912,3.288662088,0
13.06477684,5.114461083,22.07598579,9,Malay,TRUE,1.277658572,2.722341428,0
10.57674337,8.544802479,44.29790429,8,English,TRUE,1.987812268,2.012187732,0
13.70139063,5.532605522,57.82049758,9,Mandarin,TRUE,2.479689881,1.520310119,0
14.7645642,9.329009775,46.56107,9,Malay,TRUE,2.152971406,1.847028594,0
12.24644149,8.10637101,27.96028143,9,English,FALSE,1.495537506,2.504462494,0
12.74178843,6.654908216,16.35584135,8,English,FALSE,1.059161678,2.940838322,0
14.49744968,6.386373992,18.08482397,8,Mandarin,FALSE,1.131665702,2.868334298,0
13.97649104,5.40964018,17.02191757,9,Malay,FALSE,1.121258565,2.878741435,0
14.81140029,8.433584608,16.69936681,8,English,FALSE,1.109095409,2.890904591,0
11.33032473,9.585138015,4.145759264,8,Mandarin,FALSE,0.667346603,3.332653397,0
12.34996514,8.783859765,13.22675448,9,Malay,FALSE,1.012230065,2.987769935,0
12.27821559,8.096972241,6.475648985,9,Malay,TRUE,0.779606844,3.220393156,0
12.36550927,5.593541188,0.442426591,9,Malay,TRUE,0.554338058,3.445661942,0
14.56562884,9.138146589,17.13610175,9,Malay,TRUE,1.168241146,2.831758854,0
11.02757494,9.826919571,21.13148204,9,Malay,FALSE,1.27292768,2.72707232,0
14.474487,6.31408659,55.64600504,9,Mandarin,FALSE,2.422752571,1.577247429,0
12.85563399,7.10181652,59.689302,9,English,TRUE,2.549217905,1.450782095,0
12.68421275,5.070255469,34.76625323,8,Mandarin,FALSE,1.65641979,2.34358021,0
12.08249913,9.159523486,54.05901069,9,English,TRUE,2.374387249,1.625612751,0
12.69822032,5.103728035,37.09356204,9,Mandarin,FALSE,1.774471552,2.225528448,0
14.01645119,7.432541604,29.85467451,8,Malay,FALSE,1.529645745,2.470354255,0
12.46117049,7.882347344,2.560994873,9,Mandarin,TRUE,0.648801674,3.351198326,0
13.88011347,5.277709606,2.675767379,9,English,FALSE,0.640770477,3.359229523,0
12.08318423,5.878339488,1.847846958,9,Malay,TRUE,0.601210136,3.398789864,0
10.91447938,8.954169874,9.004819133,9,English,TRUE,0.85884713,3.14115287,0
12.07331334,6.262668439,4.614120627,9,Malay,FALSE,0.697163839,3.302836161,0
13.61672041,8.623610824,11.68071861,9,Malay,TRUE,0.971760599,3.028239401,0
14.25875929,8.745936191,31.15259108,8,Malay,FALSE,1.588466658,2.411533342,0
13.85812598,7.036591869,30.19205184,8,English,FALSE,1.535348907,2.464651093,0
11.87227141,5.318755447,20.6509674,8,English,TRUE,1.180275849,2.819724151,0
12.89574421,5.054033222,39.9585042,8,Mandarin,TRUE,1.831447914,2.168552086,0
11.80226332,7.46256816,23.51541362,9,English,FALSE,1.336495436,2.663504564,0
13.52248593,5.357271593,13.21441265,8,Mandarin,FALSE,0.949277997,3.050722003,0
12.182261,8.632362482,41.52918563,9,English,TRUE,1.952452422,2.047547578,0
13.82418638,6.904119705,58.81224285,9,Malay,FALSE,2.527691156,1.472308844,0
10.06398079,8.416449242,48.64231017,8,Mandarin,TRUE,2.126214639,1.873785361,0
11.70076774,7.040808507,24.84309611,8,Mandarin,FALSE,1.335518966,2.664481034,0
14.39111223,8.141680084,22.54009642,9,Mandarin,TRUE,1.336664471,2.663335529,0
11.61772444,9.165089348,2.318922865,9,Mandarin,TRUE,0.645125567,3.354874433,0
11.97382187,9.422264888,39.42435907,8,English,FALSE,1.84810617,2.15189383,0
13.95365781,5.084414206,13.35743752,9,Mandarin,TRUE,0.995628638,3.004371362,0
10.47307897,8.227528563,41.0110811,9,Malay,FALSE,1.914042112,2.085957888,0
11.55946263,7.820673122,45.61016329,9,English,FALSE,2.074140134,1.925859866,0
13.87233688,8.185191006,52.7877639,9,Malay,TRUE,2.340167409,1.659832591,0
14.78508742,5.290474689,32.89500051,9,English,TRUE,1.657255638,2.342744362,0
13.9141819,5.3494812,49.79865634,9,English,FALSE,2.212591842,1.787408158,0
10.86206219,7.484900506,43.39111822,8,Mandarin,TRUE,1.949840234,2.050159766,0
14.17509604,5.285574559,21.17887028,9,Malay,TRUE,1.260569049,2.739430951,0
12.37887504,8.882053926,6.385730485,9,Malay,FALSE,0.785466972,3.214533028,0
13.91502734,8.862383873,14.53019679,8,Malay,TRUE,1.032114005,2.967885995,0
11.19677285,5.586620254,50.67467116,9,English,FALSE,2.216989636,1.783010364,0
11.70566289,7.275289473,32.06530627,9,Mandarin,TRUE,1.618653066,2.381346934,0
14.50818645,7.974904721,39.93375165,8,English,TRUE,1.875955967,2.124044033,0
14.5539989,9.297228676,48.36445045,8,Mandarin,TRUE,2.170660624,1.829339376,0
11.42587789,9.942149816,40.02257052,8,Malay,FALSE,1.867765961,2.132234039,0
10.41776048,5.086106797,51.36327614,9,Malay,TRUE,2.227147878,1.772852122,0
14.6450747,7.381695468,5.181574718,9,Malay,TRUE,0.752986859,3.247013141,0
11.50202027,9.01642393,54.21881266,8,Malay,FALSE,2.332478197,1.667521803,0
10.60059692,8.979325528,48.75731401,9,English,FALSE,2.181043025,1.818956975,0
11.74057015,7.709168978,54.18045194,9,Mandarin,FALSE,2.360512456,1.639487544,0
11.40999512,5.911288085,43.85148096,8,Malay,TRUE,1.954928864,2.045071136,0
10.40278459,7.795481645,16.4636141,8,Mandarin,FALSE,1.050769799,2.949230201,0
14.91869596,6.957771255,6.832760819,8,Mandarin,FALSE,0.766523366,3.233476634,0
11.46885387,7.045582765,7.778288277,8,English,FALSE,0.764420642,3.235579358,0
11.36189732,6.643342099,29.93428544,8,English,TRUE,1.497861909,2.502138091,0
12.09965263,5.722434743,23.45618458,8,English,FALSE,1.280093693,2.719906307,0
12.07410871,8.691195177,39.25304563,8,English,FALSE,1.836087893,2.163912107,0
12.16913777,8.542440395,30.19665843,9,Mandarin,FALSE,1.573671062,2.426328938,0
14.53314984,7.714160815,7.519199844,9,Malay,FALSE,0.833113101,3.166886899,0
10.30118197,6.773978277,0.134730682,9,Malay,TRUE,0.535242625,3.464757375,0
14.70822523,9.113424823,7.698788764,9,Mandarin,FALSE,0.854842793,3.145157207,0
13.3296024,5.799502391,8.804336609,8,Malay,FALSE,0.804768935,3.195231065,0
13.48755382,7.172850414,43.19511148,8,Mandarin,TRUE,1.966441092,2.033558908,0
10.7892602,8.267558343,17.11686249,9,Mandarin,FALSE,1.121130268,2.878869732,0
11.64562799,9.107490805,5.618216289,8,Malay,FALSE,0.714805064,3.285194936,0
10.26109693,8.248051506,45.32273997,8,English,FALSE,2.015849483,1.984150517,0
13.26539519,5.588521187,56.4291606,8,English,FALSE,2.389511184,1.610488816,0
11.69924568,5.506464068,6.028936975,9,Malay,FALSE,0.733021663,3.266978337,0
12.75626744,5.252161708,57.78354441,9,English,TRUE,2.466202439,1.533797561,0
13.76364155,7.799883704,57.01588544,9,Malay,FALSE,2.476164767,1.523835233,0
12.76767052,6.214697134,31.38705786,9,Malay,FALSE,1.596058939,2.403941061,0
10.35747479,5.797651411,17.74592849,8,Malay,TRUE,1.073082212,2.926917788,0
10.30820069,5.42486341,8.285530443,8,English,TRUE,0.753514989,3.246485011,0
14.33578879,8.208936654,49.43121209,9,Mandarin,TRUE,2.233154324,1.766845676,0
11.31074733,8.767069913,36.28439613,9,Mandarin,FALSE,1.770258043,2.229741957,0
11.81105367,9.288825949,39.07791705,8,English,FALSE,1.833596031,2.166403969,0
11.09198196,7.977064164,51.65260949,9,English,TRUE,2.272444111,1.727555889,0
13.49440479,6.771180371,26.63665177,9,Mandarin,FALSE,1.450544244,2.549455756,0
11.93049313,7.352070667,22.08650451,9,Mandarin,TRUE,1.289042455,2.710957545,0
12.28162716,8.180752785,45.73828182,9,Mandarin,TRUE,2.089233193,1.910766807,0
13.37231904,8.565012513,17.83321168,8,Mandarin,FALSE,1.133813705,2.866186295,0
13.11532233,8.224206049,19.67555035,9,Malay,TRUE,1.229246962,2.770753038,0
13.87172042,9.809520796,22.86547416,9,Malay,FALSE,1.358994884,2.641005116,0
13.74410197,8.751044206,51.38148021,8,Mandarin,TRUE,2.257667469,1.742332531,0
12.19947253,8.753105421,46.74692602,8,Malay,FALSE,2.087756647,1.912243353,0
10.95927372,9.099027729,17.48507266,8,Mandarin,TRUE,1.10341877,2.89658123,0
11.11609848,7.301891956,8.616741686,8,English,FALSE,0.791404627,3.208595373,0
13.53369086,6.319732658,23.56759086,8,Malay,TRUE,1.304120597,2.695879403,0
11.30644768,9.081194841,37.47310477,8,Malay,FALSE,1.772979917,2.227020083,0
12.2022726,7.320900124,40.5748177,8,English,FALSE,1.867725651,2.132274349,0
10.53952804,8.035879856,12.02580714,8,Mandarin,FALSE,0.906614317,3.093385683,0
10.61129467,7.14795708,14.96411413,8,Malay,FALSE,0.996396322,3.003603678,0
11.24973798,6.980292053,55.80607314,8,Malay,FALSE,2.362502738,1.637497262,0
10.42416596,8.356302437,23.10358889,9,Malay,FALSE,1.317924314,2.682075686,0
11.37280205,8.326718916,18.84855812,8,Mandarin,TRUE,1.14528048,2.85471952,0
12.84096313,6.545120809,41.7426145,8,Malay,FALSE,1.905281323,2.094718677,0
13.7238439,5.944924534,28.07262532,8,English,FALSE,1.452441862,2.547558138,0
10.16351353,5.656621792,14.80811663,9,Malay,FALSE,1.011805241,2.988194759,0
13.00308391,5.568893138,24.5578293,8,English,TRUE,1.324314081,2.675685919,0
11.81593225,9.088499021,8.651716594,8,English,TRUE,0.817434866,3.182565134,0
11.13320649,6.430748167,16.77382203,9,Mandarin,TRUE,1.094766948,2.905233052,0
10.15928881,8.392709579,25.10775291,8,Mandarin,FALSE,1.342445081,2.657554919,0
11.62968606,6.43712243,31.07963289,8,Malay,TRUE,1.536655848,2.463344152,0
13.948391,8.333782508,44.49944126,9,English,TRUE,2.066136444,1.933863556,0
12.6501145,9.920704432,23.09661549,8,English,FALSE,1.315595372,2.684404628,0
13.87822232,5.329784205,32.74227942,8,Mandarin,FALSE,1.603489379,2.396510621,0
12.06177898,8.268779938,57.06037793,8,Malay,FALSE,2.425318187,1.574681813,0
14.21627133,6.412913268,49.09897751,8,Malay,TRUE,2.16292443,1.83707557,0
10.751772,5.414466772,14.2205295,8,English,TRUE,0.955680038,3.044319962,0
14.10016837,5.394879971,12.80899991,8,Malay,TRUE,0.941917147,3.058082853,0
12.38000143,6.858320438,39.7617899,8,Malay,TRUE,1.837776215,2.162223785,0
13.73001836,7.703056248,35.71979609,9,English,TRUE,1.764990616,2.235009384,0
11.20211069,8.236470112,32.81237759,9,Mandarin,TRUE,1.648131728,2.351868272,0
12.43078504,7.83763815,9.250246858,8,Malay,TRUE,0.831025794,3.168974206,0
13.66396139,9.489776402,21.75705892,8,Mandarin,TRUE,1.276772675,2.723227325,0
12.41877605,5.767670468,45.56223217,8,Malay,TRUE,2.020605538,1.979394462,0
12.29051066,9.14503283,43.41528441,8,Mandarin,TRUE,1.981531582,2.018468418,0
14.05330559,7.641136377,9.910428664,9,Malay,FALSE,0.907292042,3.092707958,0
10.8117451,9.302818466,25.61159298,8,Malay,TRUE,1.374865402,2.625134598,0
12.37550843,7.133316692,26.56281058,9,Malay,FALSE,1.44051527,2.55948473,0
14.11187291,7.409000998,30.51490973,9,Malay,FALSE,1.592372397,2.407627603,0
14.22626744,7.111586789,27.66950803,9,Malay,TRUE,1.495695476,2.504304524,0
10.59136724,5.4823294,30.10293914,8,English,TRUE,1.484168271,2.515831729,0
14.25076457,5.725029401,48.7886675,8,Malay,TRUE,2.146046856,1.853953144,0
10.06076703,7.58764824,23.36805989,8,English,TRUE,1.275419482,2.724580518,0
14.27779386,7.666044841,33.12151673,9,Malay,TRUE,1.683488945,2.316511055,0
11.32384163,7.338990835,36.40601638,8,Mandarin,FALSE,1.720162204,2.279837796,0
12.89084298,5.064225156,56.53830283,8,Mandarin,FALSE,2.384160776,1.615839224,0
10.04814652,7.527887027,39.28417527,8,Mandarin,FALSE,1.805232845,2.194767155,0
13.65746346,5.668623542,7.840992709,8,English,FALSE,0.774627294,3.225372706,0
12.1578077,7.831867187,34.9474597,8,English,FALSE,1.684812072,2.315187928,0
14.22900051,6.441367263,39.71513579,8,Mandarin,FALSE,1.850541537,2.149458463,0
12.77760001,9.957491315,0.570098906,9,English,TRUE,0.60635421,3.39364579,0
14.17328406,6.796242651,4.518354102,9,Mandarin,FALSE,0.720307071,3.279692929,0
13.05832309,9.104034546,1.139885706,8,Malay,TRUE,0.579619767,3.420380233,0
13.72934852,6.227973098,2.895176875,9,Malay,FALSE,0.656079112,3.343920888,0
13.73988267,5.947424291,5.379903212,9,Malay,FALSE,0.736203177,3.263796823,0
11.2332951,6.105439419,57.46892952,8,Malay,FALSE,2.409018329,1.590981671,0
12.88625329,6.665585177,12.40325334,8,English,FALSE,0.928960163,3.071039837,0
14.36931659,9.244334696,12.27346397,9,Mandarin,TRUE,1.005251978,2.994748022,0
14.39438241,8.819800872,51.4451688,9,English,TRUE,2.306980793,1.693019207,0
11.92353823,7.177139317,45.16539283,9,Mandarin,FALSE,2.05651987,1.94348013,0
11.62447051,5.940446057,40.54892208,9,Malay,TRUE,1.887279902,2.112720098,0
13.26983753,5.243535223,25.30412075,9,Mandarin,FALSE,1.388604419,2.611395581,0
13.89247176,8.09270869,1.870619888,9,English,FALSE,0.642205801,3.357794199,0
10.17734436,8.533761162,49.59238767,9,Mandarin,TRUE,2.200190644,1.799809356,0
10.46716028,8.030694011,51.64777568,9,Malay,FALSE,2.266571066,1.733428934,0
13.89365998,7.506271222,28.90758433,9,English,FALSE,1.537585456,2.462414544,0
12.18399626,9.86431323,38.69304557,8,English,FALSE,1.83025128,2.16974872,0
13.33824081,5.123317887,28.65925868,9,Mandarin,TRUE,1.499924209,2.500075791,0
14.10181752,9.942041241,17.76952813,9,Malay,TRUE,1.192756192,2.807243808,0
13.78401293,6.381572808,32.41772819,8,Mandarin,TRUE,1.602246797,2.397753203,0
14.04858915,6.915723879,41.31593038,9,English,TRUE,1.94684081,2.05315919,0
12.56940017,8.762669724,9.273389677,8,Mandarin,FALSE,0.842433688,3.157566312,0
10.7888621,6.135574482,31.84292964,9,Mandarin,TRUE,1.590675354,2.409324646,0
12.36754116,8.54924809,46.55758294,9,Malay,FALSE,2.121087324,1.878912676,0
14.81644245,6.662754656,28.53544723,8,Mandarin,TRUE,1.485973545,2.514026455,0
11.52726769,9.702790832,9.413667538,8,Malay,FALSE,0.846089503,3.153910497,0
12.09635461,5.858536512,52.18350149,9,Mandarin,TRUE,2.278998961,1.721001039,0
13.82717396,9.658919693,40.43153113,8,Malay,TRUE,1.902578641,2.097421359,0
10.37986698,8.955366907,37.95167115,9,English,TRUE,1.818408044,2.181591956,0
13.78523588,5.851181669,39.10027786,9,Malay,TRUE,1.859706771,2.140293229,0
11.37106335,6.938150284,14.70361767,8,Malay,TRUE,0.993212725,3.006787275,0
11.33663687,5.521481806,29.53881438,8,Mandarin,TRUE,1.473208333,2.526791667,0
12.91211644,7.99860283,19.55924635,8,Mandarin,FALSE,1.181082071,2.818917929,0
11.2764357,9.802639077,50.0116495,9,English,TRUE,2.237845731,1.762154269,0
13.2057748,5.396154537,35.32582831,9,Malay,TRUE,1.723546904,2.276453096,0
14.54425809,6.290567318,43.03762847,8,English,FALSE,1.96293587,2.03706413,0
12.0231712,8.776783902,39.61808417,8,Mandarin,TRUE,1.848602357,2.151397643,0
14.71776706,7.291578044,29.02322467,9,Malay,FALSE,1.547534273,2.452465727,0
14.71131374,6.694778292,48.29131644,8,English,TRUE,2.143771468,1.856228532,0
11.03784539,8.005952906,36.92200899,9,Mandarin,FALSE,1.781171616,2.218828384,0
12.158933,6.469855259,13.60712775,9,Mandarin,TRUE,0.999858808,3.000141192,0
14.95056977,6.644286582,17.44487436,8,English,FALSE,1.117444375,2.882555625,0
10.64245446,9.030557662,49.61804595,9,Malay,FALSE,2.210664986,1.789335014,0
12.37676611,6.957919411,56.47388158,8,English,FALSE,2.395809575,1.604190425,0
12.1593918,8.502786687,32.88021823,9,Mandarin,TRUE,1.662629059,2.337370941,0
14.04997234,5.753813719,23.13243963,8,Malay,FALSE,1.289119182,2.710880818,0
10.81042847,6.99410543,37.50071277,9,Malay,FALSE,1.788069098,2.211930902,0
11.10755034,7.759603396,29.01040022,8,English,FALSE,1.475684878,2.524315122,0
10.87776643,6.336485759,50.50167949,8,Mandarin,TRUE,2.175531838,1.824468162,0
10.8331493,7.10800735,49.97967677,9,English,TRUE,2.205400792,1.794599208,0
11.28893509,8.799118824,27.36921674,8,English,TRUE,1.433187764,2.566812236,0
12.64110435,5.807523581,48.27493318,8,Mandarin,TRUE,2.113650719,1.886349281,0
13.53446163,7.503756029,11.57738034,9,Malay,FALSE,0.956294855,3.043705145,0
11.90154566,6.308909471,22.43484204,8,Malay,TRUE,1.249932619,2.750067381,0
12.23114666,7.051191295,4.776107627,8,English,TRUE,0.672026967,3.327973033,0
13.9619674,6.876937974,48.46765489,9,Malay,TRUE,2.18397755,1.81602245,0
12.6260923,8.276702005,58.51458794,8,Mandarin,FALSE,2.479514208,1.520485792,0
12.94888865,8.835839559,34.60585918,9,Malay,TRUE,1.731375921,2.268624079,0
12.58986782,7.498688447,45.98977769,8,Mandarin,FALSE,2.053878152,1.946121848,0
13.94861688,5.832927214,24.09564593,9,Malay,TRUE,1.361003639,2.638996361,0
10.91740932,9.343123515,33.69317997,8,English,TRUE,1.645711327,2.354288673,0
14.90625923,5.931010057,20.84134275,8,Mandarin,FALSE,1.223084118,2.776915882,0
14.39714146,7.892253007,41.81084207,9,Mandarin,TRUE,1.97658868,2.02341132,0
12.00130087,7.63651043,14.77469554,8,Mandarin,TRUE,1.008867964,2.991132036,0
12.07545954,6.433302954,9.194535059,8,Malay,TRUE,0.811572127,3.188427873,0
14.24496931,9.764733539,53.91354595,9,English,TRUE,2.397215227,1.602784773,0
12.22782316,8.383322715,51.8568911,9,Malay,TRUE,2.294674495,1.705325505,0
12.54081658,7.349905458,50.09760495,9,English,TRUE,2.228827385,1.771172615,0
13.72987974,7.217431872,49.29255573,8,Mandarin,FALSE,2.172558307,1.827441693,0
11.93994928,5.462274532,43.77029871,8,Malay,TRUE,1.953032195,2.046967805,0
12.27009457,8.903404417,52.48558427,9,Mandarin,TRUE,2.321254466,1.678745534,0
10.18559462,5.418217698,12.61285936,8,Malay,TRUE,0.896466768,3.103533232,0
10.66590048,6.003603905,52.22416245,9,English,FALSE,2.267500459,1.732499541,0
12.29329702,5.822474603,55.06749861,9,English,TRUE,2.376741003,1.623258997,0
10.22832244,5.340779104,42.96022757,9,Mandarin,FALSE,1.947698601,2.052301399,0
11.53506593,9.147923614,35.96108598,8,English,TRUE,1.725532761,2.274467239,0
12.18622031,9.531473482,14.16421844,8,Malay,TRUE,1.009317552,2.990682448,0
10.50808678,8.12758783,51.96964187,8,Malay,TRUE,2.238678142,1.761321858,0
10.32662768,9.388775657,34.6096445,9,Mandarin,FALSE,1.71080885,2.28919115,0
10.08140201,8.375316112,36.64015771,8,Mandarin,FALSE,1.725905772,2.274094228,0
12.42661315,8.425028278,36.39367953,8,Mandarin,TRUE,1.741639065,2.258360935,0
10.73417556,9.44735617,52.00676867,9,Mandarin,FALSE,2.295374273,1.704625727,0
13.44298286,5.459643212,8.218630157,8,Malay,TRUE,0.782980599,3.217019401,0
12.46470252,5.273657992,3.700339934,9,Mandarin,TRUE,0.66072827,3.33927173,0
10.09468539,5.267957878,13.43902535,9,English,FALSE,0.961593944,3.038406056,0
10.29517399,7.08952432,29.50558542,9,English,FALSE,1.517366497,2.482633503,0
14.58891753,9.731970034,28.16495158,8,English,FALSE,1.502040595,2.497959405,0
10.6216738,9.349662228,30.72185975,8,English,FALSE,1.543775352,2.456224648,0
13.78662006,8.909817525,6.860114925,9,Mandarin,TRUE,0.815634873,3.184365127,0
11.23135716,7.019576085,47.57354412,9,Malay,TRUE,2.128294136,1.871705864,0
11.60783184,9.120912314,18.12743662,9,English,TRUE,1.171535329,2.828464671,0
10.12395447,6.092450666,54.7937993,8,English,FALSE,2.308624028,1.691375972,0
12.78074287,7.926759036,50.39780206,8,English,TRUE,2.207001754,1.792998246,0
12.33522252,8.729614143,3.807739491,8,English,FALSE,0.657573016,3.342426984,0
13.72477271,5.462205345,3.21383506,8,Mandarin,FALSE,0.618997616,3.381002384,0
14.5284465,9.370678579,37.73871203,9,English,FALSE,1.856948319,2.143051681,0
12.738544,8.636594892,4.636564633,9,English,TRUE,0.728303543,3.271696457,0
14.76133379,7.666394063,34.31027756,9,English,TRUE,1.727953197,2.272046803,0
10.74073631,5.312041707,4.749818027,9,Malay,FALSE,0.678855048,3.321144952,0
11.72322814,8.472593813,28.76090515,8,Malay,FALSE,1.480655058,2.519344942,0
14.14920886,7.2362531,25.14639803,9,English,TRUE,1.412067887,2.587932113,0
12.76657218,8.683386058,35.45604086,8,Malay,FALSE,1.716367611,2.283632389,0
12.73485747,5.181851918,21.37169953,8,English,FALSE,1.211557078,2.788442922,0
12.30192914,7.873797446,8.402831438,9,English,FALSE,0.841851647,3.158148353,0
10.09333117,7.235101288,50.52696491,8,English,FALSE,2.177516488,1.822483512,0
10.40170152,7.149076673,17.95804935,9,English,FALSE,1.134109427,2.865890573,0
10.44757329,7.587860396,4.04777518,8,Mandarin,FALSE,0.635280176,3.364719824,0
10.94729141,5.618344203,30.03568943,9,English,FALSE,1.526846004,2.473153996,0
10.47138007,9.677258314,52.66050036,9,Malay,FALSE,2.316836396,1.683163604,0
10.53301909,8.523510548,16.8432135,8,Mandarin,TRUE,1.072005746,2.927994254,0
13.18445298,5.424246426,27.04517623,9,Malay,FALSE,1.447592868,2.552407132,0
10.59173591,5.39729807,24.15407245,8,Mandarin,FALSE,1.285026088,2.714973912,0
12.32516408,6.053309344,2.903279337,9,English,FALSE,0.640560712,3.359439288,0
10.31564598,6.198612508,52.10081798,8,English,TRUE,2.221836518,1.778163482,0
11.34703525,7.460751466,45.53287907,9,English,FALSE,2.065840503,1.934159497,0
14.62174645,7.682277059,5.746133563,8,English,FALSE,0.73457802,3.26542198,0
10.15503412,5.729038986,7.929952807,8,Mandarin,TRUE,0.743172491,3.256827509,0
14.38480887,9.867659801,0.634911722,9,Malay,TRUE,0.623688411,3.376311589,0
13.79804629,9.123844698,59.14309327,8,English,TRUE,2.520655352,1.479344648,0
14.60458061,8.167438669,24.97081176,9,English,FALSE,1.420080585,2.579919415,0
13.9343579,6.389527511,55.82338841,9,English,FALSE,2.424018468,1.575981532,0
14.13089513,9.551699817,25.20859626,8,English,TRUE,1.397112491,2.602887509,0
10.5386194,6.576219273,6.228021786,9,Malay,FALSE,0.738749113,3.261250887,0
14.17773083,6.596186056,20.59945082,8,Mandarin,TRUE,1.214387529,2.785612471,0
12.38560502,6.764630117,25.09389776,9,English,FALSE,1.38796561,2.61203439,0
11.75789539,5.239675433,10.59686138,8,English,FALSE,0.843204421,3.156795579,0
10.76929019,5.309270089,3.210471402,8,Malay,TRUE,0.587801316,3.412198684,0
10.00334834,7.379016279,18.99109548,9,Malay,TRUE,1.166860162,2.833139838,0
13.21314551,9.408767039,32.35759629,8,Malay,TRUE,1.624805668,2.375194332,0
13.63011058,9.711873821,15.3195655,8,Mandarin,FALSE,1.064072027,2.935927973,0
11.94044372,8.878590851,57.52103824,9,English,FALSE,2.485558287,1.514441713,0
10.82122185,7.022108963,28.88548747,8,Malay,TRUE,1.46128289,2.53871711,0
10.72282917,6.552457742,7.816303271,9,Mandarin,TRUE,0.793296311,3.206703689,0
10.8411889,6.078522836,24.8095992,8,Mandarin,FALSE,1.316183758,2.683816242,0
10.28104153,7.69225023,42.4620051,9,Malay,FALSE,1.955133087,2.044866913,0
11.79823965,7.41230258,29.22890464,8,English,FALSE,1.486402244,2.513597756,0
13.08080696,7.334483711,19.87403356,9,Malay,FALSE,1.226620692,2.773379308,0
12.23553608,6.581114795,6.377999634,9,Malay,TRUE,0.760766497,3.239233503,0
10.62740557,7.909634423,27.57334399,9,Malay,TRUE,1.464481866,2.535518134,0
14.08074758,8.039659025,5.843173974,8,Mandarin,TRUE,0.735976532,3.264023468,0
11.4352811,9.375972971,22.25293621,8,Mandarin,TRUE,1.269877081,2.730122919,0
13.01339946,8.807016219,6.973456004,8,Mandarin,FALSE,0.77065269,3.22934731,0
11.22841918,6.649445884,40.5696179,9,Mandarin,TRUE,1.891099247,2.108900753,0
12.9749521,6.897684482,46.35620967,8,Malay,FALSE,2.063933355,1.936066645,0
10.64828544,6.197499521,14.60911413,9,English,TRUE,1.015428321,2.984571679,0
13.27749934,5.854261081,4.482954614,8,Mandarin,FALSE,0.660749425,3.339250575,0
12.86582048,5.544457812,20.82182645,8,Malay,TRUE,1.198163665,2.801836335,0
12.59646475,5.170602269,33.63165716,8,Mandarin,FALSE,1.618725909,2.381274091,0
11.08544216,7.088408491,46.07628517,9,English,TRUE,2.077614679,1.922385321,0
12.64579336,9.795609232,24.1738702,8,Malay,TRUE,1.350209699,2.649790301,0
14.48552269,7.690058329,21.95672412,8,English,FALSE,1.273646614,2.726353386,0
10.62632536,8.71078441,54.50020358,8,Malay,TRUE,2.33004455,1.66995545,0
13.51863123,6.988611471,26.98118142,8,Mandarin,FALSE,1.424445141,2.575554859,0
10.5685629,6.92202679,26.83308376,8,Mandarin,TRUE,1.389342022,2.610657978,0
11.69077091,5.626012239,24.59994668,9,Mandarin,FALSE,1.353166054,2.646833946,0
13.4191541,6.499256771,21.79317573,8,Mandarin,FALSE,1.2456233,2.7543767,0
12.80115534,9.643359786,43.7089686,9,English,FALSE,2.041410771,1.958589229,0
13.39131819,7.451007618,16.90695649,9,Malay,TRUE,1.131988475,2.868011525,0
14.81678994,6.021713415,22.7265474,9,Mandarin,FALSE,1.325936613,2.674063387,0
14.84804996,8.318768729,16.93742114,9,Mandarin,FALSE,1.156248892,2.843751108,0
14.57434453,7.027239579,34.21913263,8,English,TRUE,1.676653595,2.323346405,0
12.47415058,9.136669878,57.62347501,8,English,TRUE,2.456890705,1.543109295,0
11.70520837,5.464137712,23.41769374,9,Mandarin,FALSE,1.312283252,2.687716748,0
11.39796154,7.609037746,58.09221924,9,English,FALSE,2.486477301,1.513522699,0
12.87844628,9.006060655,39.40152222,8,English,TRUE,1.852229143,2.147770857,0
12.26789532,9.268915326,47.72673742,9,Mandarin,FALSE,2.166259354,1.833740646,0
14.97262346,6.981729056,19.9801945,9,Mandarin,TRUE,1.245550008,2.754449992,0
12.67787613,8.705205114,13.46532635,9,Mandarin,FALSE,1.022675024,2.977324976,0
11.64492133,9.828549159,34.60861401,8,Mandarin,TRUE,1.688355172,2.311644828,0
13.17979023,8.109639296,59.44506719,8,Malay,FALSE,2.514396535,1.485603465,0
10.21858757,9.057950019,42.61138461,9,Malay,FALSE,1.973144863,2.026855137,0
10.55393261,7.868747737,40.89747951,8,Malay,FALSE,1.867476121,2.132523879,0
13.31831487,8.951063068,27.00614517,8,English,FALSE,1.442898618,2.557101382,0
10.61670338,9.703492638,52.76908851,8,English,TRUE,2.282171577,1.717828423,0
13.77705546,8.55730962,41.81806921,8,English,TRUE,1.937279291,2.062720709,0
10.30954127,5.772143288,40.49298939,8,Malay,FALSE,1.830583159,2.169416841,0
12.96944795,5.409600492,17.55195486,8,English,FALSE,1.088855646,2.911144354,0
13.3924103,9.060432723,57.46400392,9,Malay,TRUE,2.499995228,1.500004772,0
13.89797259,6.291831812,15.02327498,9,Malay,TRUE,1.062673877,2.937326123,0
14.42849482,9.376325665,31.42122301,8,Malay,FALSE,1.605422305,2.394577695,0
11.56118114,5.980779037,20.37334079,8,Malay,FALSE,1.174530961,2.825469039,0
13.59582228,9.555233508,10.84651527,8,English,FALSE,0.913061067,3.086938933,0
10.40364817,9.026077268,8.645602632,8,Mandarin,TRUE,0.802484009,3.197515991,0
14.14897345,9.406314563,17.57339572,9,English,FALSE,1.181332737,2.818667263,0
14.45114512,6.163537028,41.33876548,9,English,FALSE,1.944105671,2.055894329,0
13.7432887,9.392668241,58.48692421,8,Mandarin,FALSE,2.50092371,1.49907629,0
11.40664723,7.937799072,51.19602105,8,Malay,TRUE,2.219978498,1.780021502,0
10.3117177,5.420041174,13.08164095,9,English,FALSE,0.953372287,3.046627713,0
12.10802826,9.655202706,4.704768303,9,Malay,TRUE,0.73445792,3.26554208,0
11.35317808,5.973208891,41.20083747,8,Malay,TRUE,1.866625119,2.133374881,0
12.65095667,6.067493926,1.802069707,9,Malay,FALSE,0.607253496,3.392746504,0
11.96930659,8.520154751,51.54736532,8,English,FALSE,2.243140124,1.756859876,0
10.6799476,7.915321338,49.53286464,8,Mandarin,TRUE,2.157048177,1.842951823,0
14.1834196,9.51495718,47.62201896,8,English,FALSE,2.1443844,1.8556156,0
14.3233342,6.53477098,33.14522207,8,Mandarin,FALSE,1.633421788,2.366578212,0
14.06572619,5.208607218,58.41204205,8,Mandarin,FALSE,2.459811402,1.540188598,0
11.05178511,9.974996774,27.50198417,9,Mandarin,TRUE,1.487000624,2.512999376,0
12.14246245,6.563719347,59.19194789,9,English,TRUE,2.520126748,1.479873252,0
10.85732998,5.809633944,52.91229,9,Malay,FALSE,2.290412639,1.709587361,0
13.32602239,9.921905559,7.592518434,9,Mandarin,TRUE,0.845563227,3.154436773,0
14.02489921,7.814468451,53.69385267,9,Malay,TRUE,2.368188766,1.631811234,0
12.90767965,5.74429051,18.29203754,9,Mandarin,FALSE,1.156254286,2.843745714,0
12.73054899,9.179107475,46.09502795,8,English,TRUE,2.075597496,1.924402504,0
13.57489432,9.727094899,0.01254958,9,English,FALSE,0.593438211,3.406561789,0
10.56778799,9.406400115,16.55084258,8,English,TRUE,1.071436634,2.928563366,0
11.23828502,5.99309668,45.5069025,8,Malay,FALSE,2.009210567,1.990789433,0
11.5683938,5.263439821,58.34083894,9,English,TRUE,2.473012968,1.526987032,0
12.66252867,6.856498408,10.25775547,9,English,FALSE,0.897115453,3.102884547,0
14.88013463,6.774225103,27.56470447,8,Malay,TRUE,1.45536708,2.54463292,0
14.3150622,7.029595486,35.23018162,9,Mandarin,TRUE,1.747785964,2.252214036,0
11.23522551,8.994903264,57.15375324,8,Malay,FALSE,2.427426396,1.572573604,0
11.16492327,5.048232753,27.19613737,8,Mandarin,TRUE,1.388669472,2.611330528,0
12.17824058,8.374067307,56.01208379,8,English,TRUE,2.392592539,1.607407461,0
14.87323796,9.925770157,58.69127805,8,Mandarin,FALSE,2.524366016,1.475633984,0
10.76226903,6.995765983,56.49791722,9,English,FALSE,2.420844257,1.579155743,0
14.78471515,7.425287184,44.92382786,8,English,FALSE,2.039560952,1.960439048,0
10.9520955,8.139875615,7.573836631,8,English,FALSE,0.763380932,3.236619068,0
14.43217789,6.427919689,36.14480197,8,Malay,TRUE,1.733427708,2.266572292,0
14.15143466,8.592585361,45.21160698,8,Malay,TRUE,2.054493766,1.945506234,0
14.41160343,6.014984875,57.29435586,9,Malay,TRUE,2.474077745,1.525922255,0
14.4588187,5.323960038,46.67759685,8,Malay,FALSE,2.073747682,1.926252318,0
11.09068088,9.006644181,32.33609939,8,Malay,FALSE,1.59884323,2.40115677,0
13.89350856,5.882592953,12.30982012,8,English,TRUE,0.928088352,3.071911648,0
13.41035805,8.657467788,27.42336441,8,English,TRUE,1.454790405,2.545209595,0
14.39460641,9.356538442,38.29805134,8,English,TRUE,1.83411316,2.16588684,0
12.45156566,5.228873315,19.4759499,8,English,FALSE,1.14600272,2.85399728,0
12.06726727,8.533479099,27.3870272,9,Mandarin,FALSE,1.47890837,2.52109163,0
13.6311132,8.231177917,1.041622954,9,Malay,FALSE,0.613343676,3.386656324,0
11.34921827,8.119397322,52.74150234,9,Mandarin,FALSE,2.312736234,1.687263766,0
14.10027458,6.47679127,2.085953972,8,Mandarin,FALSE,0.595302458,3.404697542,0
11.42989773,5.228148069,24.55741353,9,Mandarin,FALSE,1.345160909,2.654839091,0
10.21606711,5.492430463,30.65844011,9,Malay,TRUE,1.539032979,2.460967021,0
12.75739283,6.364573235,58.34508165,9,English,FALSE,2.496055715,1.503944285,0
14.17986776,7.030942257,56.10981044,9,English,TRUE,2.442435115,1.557564885,0
13.45234635,9.590483443,38.7816046,9,Mandarin,FALSE,1.883148451,2.116851549,0
14.94646116,8.420377281,35.04321964,9,English,FALSE,1.761775706,2.238224294,0
10.70364385,5.130591256,21.99335466,8,Malay,TRUE,1.211454173,2.788545827,0
11.72283187,9.598570619,2.465242684,8,English,FALSE,0.615388781,3.384611219,0
11.89971503,8.601749937,16.06243196,9,English,FALSE,1.100429048,2.899570952,0
10.29074783,7.462867324,50.86336553,8,Malay,TRUE,2.192981669,1.807018331,0
10.21502327,7.315076639,38.89615082,9,Mandarin,FALSE,1.83183936,2.16816064,0
10.14722545,9.665915807,48.8655694,9,Mandarin,FALSE,2.186983726,1.813016274,0
12.04439695,7.750040812,50.21839681,8,Malay,TRUE,2.191890938,1.808109062,0
14.22380446,7.513881673,3.732442391,9,Mandarin,FALSE,0.701791608,3.298208392,0
13.54821765,8.873122474,20.22857661,9,Mandarin,TRUE,1.258499288,2.741500712,0
12.23381705,7.965578621,40.55924364,8,Mandarin,TRUE,1.873968745,2.126031255,0
11.32008491,6.244303923,51.18530104,8,Mandarin,FALSE,2.20182059,1.79817941,0
10.07785019,9.994395395,48.08598304,8,Malay,FALSE,2.123588557,1.876411443,0
10.87689902,6.403897964,25.328768,8,Mandarin,TRUE,1.337100236,2.662899764,0
11.93594522,8.415632428,55.92617096,9,Mandarin,TRUE,2.427721475,1.572278525,0
11.85228666,7.448679592,18.04302553,9,Malay,TRUE,1.154443847,2.845556153,0
11.29680631,5.609169466,22.54657742,8,English,TRUE,1.240612338,2.759387662,0
14.98564623,9.794894408,10.88524994,8,Malay,FALSE,0.930647071,3.069352929,0
12.23690116,6.678650036,13.61523158,9,Mandarin,FALSE,1.002996565,2.997003435,0
11.33916004,8.285084978,0.522787337,9,Malay,FALSE,0.573668695,3.426331305,0
12.03532596,8.688535343,18.50944333,9,Malay,TRUE,1.184220057,2.815779943,0
11.39706641,6.973579152,18.39421093,9,Malay,FALSE,1.15684682,2.84315318,0
11.7604649,6.303688097,4.036505083,8,Malay,FALSE,0.635191699,3.364808301,0
10.62937709,5.294514772,20.42867318,9,English,FALSE,1.200194691,2.799805309,0
10.00423509,9.757822154,18.08299618,8,Malay,FALSE,1.120387112,2.879612888,0
12.45812192,7.910405691,47.94327563,9,Mandarin,FALSE,2.161794464,1.838205536,0
12.44571064,8.582058092,9.374800973,8,English,FALSE,0.842771053,3.157228947,0
10.78480869,7.344260548,43.50494913,9,Malay,TRUE,1.991455663,2.008544337,0
14.16339818,6.16604063,7.799178556,8,Mandarin,TRUE,0.783267007,3.216732993,0
10.95902798,9.977063518,29.77403019,8,Mandarin,TRUE,1.521828588,2.478171412,0
13.85094782,9.836979937,44.18303633,8,Mandarin,FALSE,2.029647155,1.970352845,0
10.95135263,9.299969413,36.38734118,8,Mandarin,FALSE,1.735424593,2.264575407,0
11.40631671,9.580645674,38.75262493,8,English,FALSE,1.821623788,2.178376212,0
11.34943381,7.875203816,12.38224424,9,Mandarin,FALSE,0.964987851,3.035012149,0
11.14794314,6.838941148,49.64416348,9,Mandarin,TRUE,2.194674292,1.805325708,0
14.76286995,6.715762271,57.12686873,9,Mandarin,TRUE,2.47901528,1.52098472,0
11.31730682,9.66862384,9.262166484,9,Mandarin,FALSE,0.878598189,3.121401811,0
12.42482345,9.794327932,53.29602937,9,English,FALSE,2.358725826,1.641274174,0
13.67586985,7.202424895,23.86149633,9,Malay,TRUE,1.364166159,2.635833841,0
11.59566782,8.03545034,41.93011269,9,Malay,FALSE,1.953981605,2.046018395,0
10.05850368,9.026348408,30.40323413,8,Malay,TRUE,1.524289658,2.475710342,0
13.80845292,8.512540334,47.60035784,8,English,FALSE,2.129888527,1.870111473,0
11.4201619,9.348392581,2.716953061,9,Malay,TRUE,0.658250647,3.341749353,0
14.36590956,8.043162067,19.42120688,8,Mandarin,TRUE,1.191464279,2.808535721,0
12.45576731,7.91240794,2.849201328,8,English,FALSE,0.61865513,3.38134487,0
13.12204394,6.878904892,56.50198598,8,Malay,TRUE,2.403409021,1.596590979,0
14.75479965,5.366390282,10.20906411,8,Malay,FALSE,0.861514036,3.138485964,0
14.34980365,5.277710694,25.47389788,9,Malay,FALSE,1.405405073,2.594594927,0
13.96319294,5.758754592,38.48676887,9,English,FALSE,1.840111771,2.159888229,0
12.65365388,5.288865437,27.69007491,9,English,TRUE,1.46242769,2.53757231,0
10.84644897,7.675720279,32.19253946,9,Mandarin,TRUE,1.618306341,2.381693659,0
14.20522993,7.017885589,12.24105353,8,English,TRUE,0.940266273,3.059733727,0
10.46973529,5.131377466,4.02174297,9,English,TRUE,0.650069227,3.349930773,0
14.43729343,5.109467071,15.44330318,8,Mandarin,FALSE,1.030244378,2.969755622,0
13.83128201,7.615077969,19.02939054,9,Malay,FALSE,1.208776618,2.791223382,0
14.01727516,7.745566114,24.94883282,8,Malay,FALSE,1.369256173,2.630743827,0
11.8859846,5.18642853,17.7570102,8,English,TRUE,1.082624471,2.917375529,0
10.42480937,8.349938669,2.148658068,8,Mandarin,FALSE,0.579369416,3.420630584,0
13.63477158,5.629340358,5.676477909,8,Malay,FALSE,0.70185705,3.29814295,0
14.89033255,7.472586603,40.42910157,9,Mandarin,TRUE,1.93126591,2.06873409,0
14.2920382,5.794065142,3.789200522,9,Mandarin,TRUE,0.687167718,3.312832282,0
14.20694109,5.195308036,2.772816099,8,English,TRUE,0.606449695,3.393550305,0
13.16153286,6.06182601,48.70717427,9,Malay,TRUE,2.175806064,1.824193936,0
10.58133843,7.320728863,2.474608241,9,Mandarin,FALSE,0.621507614,3.378492386,0
14.31638242,8.719546396,4.124001745,9,Malay,TRUE,0.727826013,3.272173987,0
11.11019212,6.327789149,32.97076007,8,Malay,FALSE,1.593405148,2.406594852,0
11.32247992,8.425322729,26.57066531,8,Malay,TRUE,1.40316687,2.59683313,0
13.77928983,9.313468098,57.86711332,8,Malay,TRUE,2.479831357,1.520168643,0
13.58453023,6.348889031,56.2107993,8,Mandarin,TRUE,2.393027503,1.606972497,0
10.36281326,7.611130173,39.61311982,8,Malay,FALSE,1.820176762,2.179823238,0
11.25979499,7.04717575,4.312045665,8,Mandarin,TRUE,0.646804563,3.353195437,0
14.08842861,5.137332128,30.19140502,8,English,FALSE,1.518637775,2.481362225,0
14.74791522,6.959366447,2.704006906,8,English,FALSE,0.62720638,3.37279362,0
11.3315555,6.886001888,54.47622739,8,Mandarin,FALSE,2.31804982,1.68195018,0
13.80325069,8.109483819,39.598981,9,English,TRUE,1.899093378,2.100906622,0
12.52817761,9.33215673,34.43377917,8,English,FALSE,1.686395982,2.313604018,0
11.90030615,8.359342921,25.67423123,9,Malay,TRUE,1.418404198,2.581595802,0
14.49058637,6.776916564,30.58301187,8,Mandarin,FALSE,1.552108758,2.447891242,0
12.74101728,7.244352684,24.01767781,8,Mandarin,FALSE,1.32044296,2.67955704,0
13.45880306,9.435794168,5.976841977,9,Malay,FALSE,0.788174038,3.211825962,0
12.96222699,8.195010899,39.6591871,8,English,TRUE,1.853545282,2.146454718,0
13.21790374,6.949206403,59.78465044,8,Malay,TRUE,2.514492783,1.485507217,0
12.58641246,8.0008226,6.749584969,8,Mandarin,TRUE,0.750858516,3.249141484,0
12.66721074,8.221661732,59.65090864,8,Malay,TRUE,2.517252346,1.482747654,0
14.26084831,7.411376937,53.97674102,8,Mandarin,FALSE,2.335946953,1.664053047,0
11.51329165,9.32690403,53.65107742,9,Mandarin,TRUE,2.356771204,1.643228796,0
13.68189053,9.063613598,49.87496774,9,English,TRUE,2.249953966,1.750046034,0
11.34287677,7.622054162,55.41320896,9,Mandarin,FALSE,2.396756274,1.603243726,0
10.35364891,9.791769144,14.78547087,9,English,TRUE,1.05430321,2.94569679,0
14.51618304,9.766077512,26.22908789,9,Malay,FALSE,1.477125535,2.522874465,0
12.05330783,9.830315929,28.78889442,9,English,TRUE,1.538466051,2.461533949,0
13.41592861,6.102533797,4.078814314,9,Malay,TRUE,0.691145101,3.308854899,0
13.78943416,5.516871139,58.857305,9,Malay,FALSE,2.51497322,1.48502678,0
13.98505094,8.095479056,41.36655302,9,Malay,TRUE,1.959690401,2.040309599,0
11.13161406,8.6378418,27.09419323,8,Mandarin,FALSE,1.420834333,2.579165667,0
13.27836691,6.534985545,59.5356894,8,English,FALSE,2.502656505,1.497343495,0
13.80122019,7.688392463,16.33183275,9,Malay,TRUE,1.119290552,2.880709448,0
10.59893286,8.239310475,20.22123419,9,Malay,FALSE,1.222423573,2.777576427,0
10.70652233,7.316818474,11.45130434,9,English,FALSE,0.921943553,3.078056447,0
11.81950316,7.706706805,11.19069827,9,Malay,FALSE,0.928285375,3.071714625,0
11.50834961,5.37597142,11.30881063,8,Mandarin,TRUE,0.865803565,3.134196435,0
13.98617227,9.970503821,36.65021296,8,English,TRUE,1.781240526,2.218759474,0
13.21349394,6.893379142,17.64806134,9,Malay,TRUE,1.149337442,2.850662558,0
12.48986782,6.026162493,57.10367466,8,English,TRUE,2.408616125,1.591383875,0
10.5320276,7.400076379,49.00355875,8,Mandarin,FALSE,2.132772998,1.867227002,0
10.56283613,6.587316083,9.672346502,8,Mandarin,FALSE,0.813913072,3.186086928,0
12.58507715,6.957619232,50.03884299,8,Malay,FALSE,2.183388397,1.816611603,0
14.41438392,7.814337222,20.73946161,9,English,TRUE,1.273602599,2.726397401,0
13.87536594,6.392169847,13.66609003,8,Mandarin,TRUE,0.978211692,3.021788308,0
14.40784305,8.332403235,46.92428067,9,English,TRUE,2.151545152,1.848454848,0
12.82573489,7.158667421,51.41988328,8,English,TRUE,2.233840132,1.766159868,0
11.10688339,5.420727961,57.62694302,8,Malay,TRUE,2.406174214,1.593825786,0
10.15903675,9.434598978,25.2131508,8,Mandarin,FALSE,1.356374717,2.643625283,0
14.70137088,7.386932517,33.72668327,9,Malay,FALSE,1.70510581,2.29489419,0
12.37613872,9.614660783,36.89503178,8,English,TRUE,1.769742388,2.230257612,0
14.29508675,6.903210869,37.66224596,9,Malay,FALSE,1.827391175,2.172608825,0
13.66490541,7.713226913,24.12936414,8,Malay,FALSE,1.338093461,2.661906539,0
14.16083502,9.367809023,9.141016189,9,Mandarin,FALSE,0.89998698,3.10001302,0
11.05326702,7.311078142,4.226751942,9,English,TRUE,0.684535183,3.315464817,0
13.39721301,8.165642711,54.35930324,9,Malay,FALSE,2.387605332,1.612394668,0
13.61347985,6.235292587,21.99306199,9,English,TRUE,1.291589791,2.708410209,0
12.763087,6.19062102,10.84124,8,Malay,FALSE,0.870911747,3.129088253,0
14.17615068,7.713242704,59.0143208,9,Mandarin,TRUE,2.546037961,1.453962039,0
14.94103503,8.065939736,48.17447299,8,Malay,TRUE,2.155885514,1.844114486,0
10.05268923,8.27888183,58.87097325,8,Mandarin,TRUE,2.465681485,1.534318515,0
12.27497593,8.843195407,16.72833887,9,Malay,TRUE,1.128793009,2.871206991,0
13.76949013,9.612895985,27.7948661,9,Malay,TRUE,1.520319398,2.479680602,0
13.62827738,6.200719047,48.52157852,9,Mandarin,TRUE,2.175675915,1.824324085,0
12.33923362,8.097319459,33.11345411,9,Malay,TRUE,1.668147334,2.331852666,0
14.21077594,7.215636215,21.29780767,8,Malay,TRUE,1.244191044,2.755808956,0
13.37522615,5.44614039,9.505595654,8,Mandarin,FALSE,0.825066854,3.174933146,0
12.74179253,7.267791559,33.70591247,9,Malay,TRUE,1.683626257,2.316373743,0
11.36443408,8.95345785,35.903241,9,English,FALSE,1.759953619,2.240046381,0
11.83671819,5.395607011,43.2448732,9,Malay,TRUE,1.973819025,2.026180975,0
14.94527558,8.031090628,47.43154405,8,Mandarin,TRUE,2.130815131,1.869184869,0
14.53060741,7.050357114,7.0865213,8,Malay,TRUE,0.772027022,3.227972978,0
13.4782366,8.270328806,37.67718687,9,English,FALSE,1.833391883,2.166608117,0
14.29453371,9.106848516,46.88647544,8,English,FALSE,2.116896337,1.883103663,0
10.67989585,7.708228614,23.34034336,8,Malay,TRUE,1.28189269,2.71810731,0
11.3378815,6.5197715,16.53403655,9,Malay,FALSE,1.089711082,2.910288918,0
14.42578029,5.450753352,28.77932847,8,Mandarin,FALSE,1.478076285,2.521923715,0
12.35431064,6.443504159,18.60519611,8,Malay,FALSE,1.128151352,2.871848648,0
12.95470651,6.82326222,30.5912891,9,Mandarin,FALSE,1.577489324,2.422510676,0
14.41832757,8.206370095,18.50958461,8,English,TRUE,1.16323313,2.83676687,0
12.02004509,6.941759658,25.36209675,9,English,FALSE,1.395021272,2.604978728,0
12.40905077,7.01350968,54.90829962,9,English,FALSE,2.384502258,1.615497742,0
10.56088181,6.452457331,54.99633799,9,English,FALSE,2.363344658,1.636655342,0
14.95706575,6.814414833,59.53073554,9,Malay,FALSE,2.562072657,1.437927343,0
14.86687461,6.330138235,29.16740399,8,Malay,TRUE,1.504216928,2.495783072,0
11.48268788,8.67064471,10.08232855,9,Mandarin,TRUE,0.897610944,3.102389056,0
14.2623833,9.914807704,53.34159832,9,Mandarin,TRUE,2.379825187,1.620174813,0
13.68533728,8.673231384,35.81059727,8,English,TRUE,1.737272262,2.262727738,0
10.73293838,5.368144661,44.86320508,8,Mandarin,FALSE,1.976451,2.023549,0
10.11946421,8.163542863,9.755651559,8,Malay,FALSE,0.828018456,3.171981544,0
10.07037073,8.514470257,19.18189017,9,Mandarin,FALSE,1.185244749,2.814755251,0
10.32861015,8.891223093,16.51308139,9,English,FALSE,1.102634379,2.897365621,0
13.13695919,8.813431546,33.58537353,8,Mandarin,TRUE,1.659016358,2.340983642,0
12.46085074,7.54194176,59.83051576,8,Malay,TRUE,2.51437845,1.48562155,0
14.98377779,6.312113071,36.74092174,8,Mandarin,FALSE,1.7576563,2.2423437,0
11.43268815,5.602956526,34.37182359,9,English,TRUE,1.6760839,2.3239161,0
13.62849878,5.041862986,45.54495851,8,Malay,TRUE,2.024868901,1.975131099,0
11.93550939,5.00758661,19.72891087,9,Mandarin,TRUE,1.187061322,2.812938678,0
10.49160078,9.681033835,15.19147761,9,English,FALSE,1.068108933,2.931891067,0
14.38572776,8.039770133,50.28265018,8,Mandarin,FALSE,2.220343318,1.779656682,0
12.00000982,7.870980727,57.63309366,9,Mandarin,TRUE,2.479813028,1.520186972,0
14.58460045,6.883287415,25.2844414,8,Malay,TRUE,1.377493592,2.622506408,0
14.684637,8.992632236,2.475869664,9,Malay,FALSE,0.679301681,3.320698319,0
14.10072281,6.100898773,10.74964332,9,Malay,TRUE,0.92033766,3.07966234,0
10.13839364,8.690403906,51.41887954,8,English,TRUE,2.222250627,1.777749373,0
14.83013178,6.813984583,7.298685299,8,Mandarin,TRUE,0.779730674,3.220269326,0
10.62082197,8.538789454,45.78037311,8,English,FALSE,2.037608551,1.962391449,0
14.65654671,8.531977033,37.2146973,8,Malay,TRUE,1.792375147,2.207624853,0
13.03271892,6.576528613,43.60398315,9,English,TRUE,2.00955858,1.99044142,0
11.88730026,9.671284444,15.39543289,9,English,FALSE,1.088766944,2.911233056,0
13.60657343,7.538309721,1.099796277,8,Malay,FALSE,0.568108707,3.431891293,0
12.53430487,6.288677065,2.385266288,8,Mandarin,TRUE,0.587738696,3.412261304,0
13.97240414,8.368966124,43.49098088,9,English,FALSE,2.033113065,1.966886935,0
12.56887148,8.754322678,36.80384599,9,Mandarin,FALSE,1.800026808,2.199973192,0
11.84454565,9.753421578,50.42718812,9,Malay,TRUE,2.256885943,1.743114057,0
11.80420929,5.366369117,23.9548403,9,Mandarin,TRUE,1.330200461,2.669799539,0
11.77054431,7.699712723,33.33308094,8,Mandarin,TRUE,1.625805268,2.374194732,0
12.3644899,7.451875649,47.01034299,8,Mandarin,FALSE,2.085175089,1.914824911,0
10.55062085,6.551235194,29.79903551,8,Mandarin,FALSE,1.484319744,2.515680256,0
13.308531,8.839064815,59.60091136,9,English,TRUE,2.568173004,1.431826996,0
11.70686758,5.971333918,44.57350308,8,English,FALSE,1.982565451,2.017434549,0
12.80771315,6.638786928,40.99862642,8,Malay,FALSE,1.881085882,2.118914118,0
12.63258831,8.83075995,48.09193129,8,Malay,TRUE,2.137697859,1.862302141,0
14.28564032,7.386349603,46.63141198,9,Malay,FALSE,2.131100299,1.868899701,0
14.30845535,5.68047616,13.18171491,8,English,FALSE,0.959279812,3.040720188,0
14.94590824,9.471319181,12.6230366,9,English,FALSE,1.024940161,2.975059839,0
11.20788089,8.654038967,36.36445589,9,English,FALSE,1.770767728,2.229232272,0
10.17228759,7.813710603,26.16289239,8,Mandarin,FALSE,1.371956395,2.628043605,0
12.12452838,8.046627887,52.29459626,9,English,FALSE,2.304864771,1.695135229,0
14.48318049,8.129931744,17.40613878,9,English,TRUE,1.166335748,2.833664252,0
13.00125775,7.496470885,19.85156679,8,English,TRUE,1.186696179,2.813303821,0
11.86762344,8.723705213,9.978824908,8,Malay,TRUE,0.858540784,3.141459216,0
13.86061662,8.576623723,58.90451818,9,Malay,FALSE,2.547856343,1.452143657,0
13.56172629,5.013950497,6.962791979,9,Malay,TRUE,0.777849834,3.222150166,0
13.56782283,5.552754091,58.97399954,8,English,TRUE,2.477005754,1.522994246,0
12.57291591,5.126555393,42.38355984,8,English,TRUE,1.909780041,2.090219959,0
12.65240414,5.844526076,5.349083279,9,Malay,FALSE,0.723272078,3.276727922,0
12.77911412,5.361407574,9.120923329,9,Mandarin,TRUE,0.845435995,3.154564005,0
12.76312726,5.968964814,19.61827014,9,Malay,TRUE,1.201263259,2.798736741,0
11.03157917,7.692559618,15.62076394,9,Mandarin,FALSE,1.067933519,2.932066481,0
11.22892878,8.348483978,58.38769823,8,Mandarin,FALSE,2.462030735,1.537969265,0
11.87012473,9.592919104,36.80052477,9,English,TRUE,1.801314597,2.198685403,0
14.27734065,8.69647567,4.463397004,9,English,FALSE,0.738518063,3.261481937,0
12.31196306,5.157487522,31.52427706,9,English,FALSE,1.585503741,2.414496259,0
14.63159566,7.343547593,53.82838757,9,Mandarin,TRUE,2.374031018,1.625968982,0
13.96692307,8.378182624,24.97090919,8,Mandarin,TRUE,1.375814697,2.624185303,0
14.30751707,6.575644303,39.9678334,8,Malay,TRUE,1.861092727,2.138907273,0
10.67074067,6.844480359,46.39155484,8,Malay,TRUE,2.041537372,1.958462628,0
10.74393272,9.014009288,11.10174149,8,Malay,FALSE,0.88763747,3.11236253,0
11.18313146,5.235174571,51.33004446,9,Malay,TRUE,2.235184542,1.764815458,0
13.31310512,7.69833147,26.92926962,8,Mandarin,FALSE,1.427756687,2.572243313,0
12.38143504,9.02246438,3.40131584,8,English,FALSE,0.647416189,3.352583811,0
10.84906695,8.98706897,52.73420321,9,English,TRUE,2.316168133,1.683831867,0
13.72891285,5.602879875,33.86119264,9,English,FALSE,1.682024349,2.317975651,0
12.58737759,9.2243247,11.89930507,9,Mandarin,TRUE,0.974760525,3.025239475,0
13.65498313,5.386377704,19.04700138,9,English,TRUE,1.185313654,2.814686346,0
14.54736213,9.620324078,34.16237786,9,Malay,FALSE,1.740422791,2.259577209,0
14.57373937,6.081495322,22.45044215,8,Malay,TRUE,1.274900418,2.725099582,0
11.50558809,5.576186556,14.00292278,8,English,FALSE,0.957581839,3.042418161,0
10.79267441,5.369773029,28.75862357,8,English,FALSE,1.44024526,2.55975474,0
12.16913182,6.717037202,11.10274366,9,Malay,TRUE,0.918953146,3.081046854,0
10.41940385,6.742867304,14.72275043,9,English,FALSE,1.022381059,2.977618941,0
10.21984779,7.630748201,49.60404298,8,English,FALSE,2.151974059,1.848025941,0
14.89057373,8.664733379,13.71247324,8,English,TRUE,1.012635513,2.987364487,0
14.85912166,7.548757923,41.72204707,9,Mandarin,FALSE,1.974813698,2.025186302,0
11.75890239,9.8947359,15.02818879,9,English,FALSE,1.077476009,2.922523991,0
14.10262186,6.051610771,12.74390201,8,Malay,FALSE,0.94633906,3.05366094,0
11.11712817,6.052784752,15.06933336,9,Mandarin,TRUE,1.034010241,2.965989759,0
12.08646164,8.524678297,28.09787804,8,Malay,FALSE,1.462707334,2.537292666,0
13.63224999,6.570886307,8.776780471,8,Malay,TRUE,0.814590712,3.185409288,0
12.75271431,5.858012361,6.396752316,8,English,TRUE,0.719332344,3.280667656,0
14.10559082,8.962228191,45.40443945,8,Malay,FALSE,2.064159505,1.935840495,0
14.90019509,6.131104592,1.398100273,8,English,FALSE,0.576916339,3.423083661,0
10.04508822,8.74458361,23.12905085,9,Mandarin,FALSE,1.31886508,2.68113492,0
14.62260309,6.033453646,23.76206487,8,English,TRUE,1.318629396,2.681370604,0
12.06723627,9.697079213,53.5824806,8,English,FALSE,2.323725841,1.676274159,0
12.03974582,6.475506139,46.46946607,9,English,FALSE,2.094134722,1.905865278,0
10.00329732,8.748622417,30.64060384,9,English,TRUE,1.568872659,2.431127341,0
14.17175037,9.207196896,28.78877922,9,English,FALSE,1.553415446,2.446584554,0
13.79494448,5.613187806,33.93607798,9,Mandarin,FALSE,1.685283922,2.314716078,0
14.47005198,5.340158805,21.46966953,8,English,FALSE,1.233757759,2.766242241,0
10.83680446,7.991753891,42.04663133,8,Mandarin,TRUE,1.909839961,2.090160039,0
11.07556296,8.100472628,41.16427028,8,Malay,TRUE,1.883902698,2.116097302,0
11.51765291,8.113774762,34.4792793,8,English,FALSE,1.665623587,2.334376413,0
12.65103435,7.2808597,3.461561085,9,Malay,FALSE,0.67470431,3.32529569,0
11.72558169,9.67354183,7.610259398,9,Mandarin,TRUE,0.827666548,3.172333452,0
11.49863263,8.460508001,2.356576573,9,English,FALSE,0.638143959,3.361856041,0
10.91346985,5.371083364,43.11094401,8,English,FALSE,1.919876999,2.080123001,0
10.79600499,8.92503873,28.65598081,9,Malay,TRUE,1.512409797,2.487590203,0
12.3646987,6.377460672,57.29887017,8,Malay,FALSE,2.417383933,1.582616067,0
12.22950013,8.615166364,57.13970205,8,Malay,TRUE,2.4331034,1.5668966,0
13.92565643,5.296048429,47.89024911,9,Mandarin,TRUE,2.148558686,1.851441314,0
14.11913821,8.833460176,26.58293496,9,Mandarin,TRUE,1.475623816,2.524376184,0
13.50306988,7.713831791,18.98102397,8,English,TRUE,1.164869816,2.835130184,0
14.15601552,8.603757581,12.05845308,9,Malay,FALSE,0.989546167,3.010453833,0
10.54425963,7.471271767,13.9496952,8,Mandarin,FALSE,0.965145154,3.034854846,0
12.2887984,9.005570678,59.41910742,9,Mandarin,FALSE,2.553580605,1.446419395,0
11.43226569,9.735133287,31.82092632,8,Mandarin,TRUE,1.592371534,2.407628466,0
11.25898682,8.712431036,0.735208978,8,Malay,TRUE,0.544221144,3.455778856,0
13.56347517,8.720835235,2.657592203,9,Mandarin,FALSE,0.671429511,3.328570489,0
14.15614341,6.083487324,27.52597297,8,Mandarin,FALSE,1.43992874,2.56007126,0
10.57368651,6.772338852,26.60890718,9,Malay,FALSE,1.420423826,2.579576174,0
10.62049705,5.625210451,24.3335235,9,Mandarin,TRUE,1.333574525,2.666425475,0
13.19701717,7.662145849,49.41620513,9,Malay,TRUE,2.215798468,1.784201532,0
10.72149487,7.232789549,42.1893212,9,Malay,FALSE,1.945853551,2.054146449,0
13.84192355,6.473503827,6.445028931,9,Mandarin,TRUE,0.777988571,3.222011429,0
14.14347565,5.345950693,21.76073377,9,Malay,TRUE,1.280252056,2.719747944,0
12.61422004,9.656967165,35.80079613,9,English,TRUE,1.776071743,2.223928257,0
14.54201273,8.027058759,22.94933275,8,Malay,FALSE,1.310668473,2.689331527,0
10.1017544,6.624975441,12.49831987,8,English,FALSE,0.903877961,3.096122039,0
11.13205244,6.738609052,37.68317746,8,English,FALSE,1.75481253,2.24518747,0
13.8646964,6.977067452,36.13495019,9,Malay,TRUE,1.772915978,2.227084022,0
14.78650269,9.058154386,58.47656645,8,English,TRUE,2.507665452,1.492334548,0
14.80289763,6.0521928,33.66421926,9,English,TRUE,1.690691546,2.309308454,0
10.00199022,9.282345284,52.45785517,9,Mandarin,FALSE,2.301438528,1.698561472,0
13.15931746,6.556940117,56.95177178,9,Malay,FALSE,2.455554968,1.544445032,0
10.136645,9.355301545,26.08703849,8,Malay,FALSE,1.384487415,2.615512585,0
13.50162907,9.479434635,3.173622151,8,English,FALSE,0.655598042,3.344401958,0
13.84020877,8.483324402,8.609663858,9,Malay,FALSE,0.870224127,3.129775873,0
14.28831423,9.473648803,30.23821185,8,Malay,FALSE,1.565560025,2.434439975,0
12.64721709,8.735516168,53.57748022,8,Mandarin,FALSE,2.31974334,1.68025666,0
14.25056206,5.72269888,39.24792417,8,Mandarin,TRUE,1.827996748,2.172003252,0
14.61921708,9.780832795,12.088903,8,Malay,TRUE,0.966963932,3.033036068,0
12.66614433,5.95053357,42.06266098,9,Mandarin,FALSE,1.948255478,2.051744522,0
12.6205761,7.47314323,53.65315949,8,Malay,FALSE,2.309375843,1.690624157,0
12.52928491,6.917353077,1.813533571,9,Mandarin,TRUE,0.614917499,3.385082501,0
12.52318162,6.740728786,14.56872733,8,English,FALSE,0.998263348,3.001736652,0
13.87267085,8.918090268,9.190849476,8,Mandarin,TRUE,0.85426926,3.14573074,0
10.33664963,6.454792257,47.04618007,8,English,FALSE,2.056120421,1.943879579,0
12.26245304,7.688386955,53.48864454,9,Mandarin,FALSE,2.342463218,1.657536782,0
12.61993314,6.683078792,33.27344859,8,Malay,FALSE,1.622145072,2.377854928,0
11.0722787,9.467379493,50.89211207,9,Malay,FALSE,2.261800318,1.738199682,0
12.70638021,5.775591714,39.41622978,8,English,TRUE,1.818694045,2.181305955,0
12.27829937,5.87746348,39.40197249,8,English,FALSE,1.814956712,2.185043288,0
13.68791234,5.556123831,34.78249011,8,Malay,TRUE,1.671856699,2.328143301,0
11.76647175,8.788993266,3.00112205,9,Mandarin,TRUE,0.665592052,3.334407948,0
14.74886576,5.807462724,56.21868631,9,English,TRUE,2.439519495,1.560480505,0
12.06865174,7.665524425,21.34628561,8,Malay,TRUE,1.228884615,2.771115385,0
13.15446214,8.833903082,48.15466231,8,Mandarin,TRUE,2.145039063,1.854960937,0
11.10839801,5.577614994,48.59907423,9,Malay,TRUE,2.146829271,1.853170729,0
13.44328511,9.65236282,57.94567407,9,Malay,FALSE,2.522478948,1.477521052,0
12.56926505,6.42016205,19.60197835,9,Mandarin,TRUE,1.203293549,2.796706451,0
11.71118172,8.9615278,59.84396404,8,Mandarin,FALSE,2.521525896,1.478474104,0
11.7395525,8.967801056,18.03446887,9,Mandarin,FALSE,1.168222498,2.831777502,0
11.87727192,6.741719569,27.08220989,9,Mandarin,FALSE,1.448930245,2.551069755,0
12.18726698,7.752902224,42.37500197,9,Malay,FALSE,1.971901758,2.028098242,0
11.23824386,8.154186441,9.299317678,8,Malay,TRUE,0.823901559,3.176098441,0
11.38700522,7.077764262,15.98239107,8,Malay,TRUE,1.037394064,2.962605936,0
14.79181412,6.789410802,43.68681044,9,Mandarin,FALSE,2.032039264,1.967960736,0
11.50630857,9.260658373,58.46304929,9,Malay,TRUE,2.516437979,1.483562021,0
13.13454045,6.009649404,43.96792674,9,Malay,TRUE,2.017039456,1.982960544,0
11.72670184,8.974672108,51.73792671,9,Mandarin,FALSE,2.291611296,1.708388704,0
14.05419774,6.018626921,2.249205145,9,Mandarin,TRUE,0.635701751,3.364298249,0
13.47973052,8.500593785,34.62155457,9,English,TRUE,1.733855062,2.266144938,0
11.64113641,6.438161192,54.84551196,9,Mandarin,FALSE,2.368976708,1.631023292,0
13.58311949,9.636889117,40.94382249,8,Malay,TRUE,1.916994169,2.083005831,0
13.78372187,8.026898201,40.58773748,8,Mandarin,TRUE,1.891030783,2.108969217,0
10.69145809,7.667586167,12.1824123,9,English,TRUE,0.949670853,3.050329147,0
12.8907319,6.475975412,51.66846999,8,English,TRUE,2.235949406,1.764050594,0
14.03879652,7.54332324,51.90272125,8,Malay,FALSE,2.265911906,1.734088094,0
10.25174452,5.32933324,36.84042228,9,Mandarin,FALSE,1.743824854,2.256175146,0
12.53933211,5.716734957,25.59709236,8,Mandarin,FALSE,1.355797083,2.644202917,0
14.19917443,6.475172724,49.45640788,8,English,TRUE,2.175290401,1.824709599,0
14.76381354,9.746297187,27.89974097,9,Mandarin,TRUE,1.535092473,2.464907527,0
13.27992564,7.339377523,49.3568782,8,Malay,FALSE,2.171422305,1.828577695,0
11.63902742,7.002101116,29.09494483,9,Malay,TRUE,1.51624278,2.48375722,0
13.02421998,8.862785527,34.78763692,9,Mandarin,FALSE,1.738457952,2.261542048,0
10.1368167,8.468449654,44.88132212,8,Mandarin,TRUE,2.002096734,1.997903266,0
12.27930849,8.3197666,15.89961516,9,Malay,FALSE,1.095977923,2.904022077,0
13.63663696,8.028477626,14.81071366,8,Mandarin,FALSE,1.030341601,2.969658399,0
10.18103553,5.649827352,40.07047716,8,English,TRUE,1.813991201,2.186008799,0
13.01616733,6.952880835,57.23479676,8,English,TRUE,2.427517041,1.572482959,0
12.94161025,9.505879793,26.76203791,8,Mandarin,FALSE,1.436542831,2.563457169,0
10.94836189,9.798349544,53.89214033,9,English,FALSE,2.363871792,1.636128208,0
12.84611365,7.163395833,31.09122643,9,Malay,TRUE,1.596469309,2.403530691,0
12.04725127,5.005275463,58.4358736,8,Mandarin,TRUE,2.438387721,1.561612279,0
12.3941451,7.496622465,47.52284793,9,English,TRUE,2.143002607,1.856997393,0
11.62703247,6.135883636,51.573452,9,Malay,TRUE,2.256744228,1.743255772,0
14.05172314,5.940347401,40.77624165,9,Mandarin,FALSE,1.91912876,2.08087124,0
11.82826342,6.418961723,52.10955454,9,Mandarin,FALSE,2.279457403,1.720542597,0
13.9540502,5.613140134,35.5678967,9,Mandarin,FALSE,1.74126846,2.25873154,0
10.38286526,5.229317776,34.04020593,9,Mandarin,FALSE,1.650795361,2.349204639,0
11.39289406,7.223503697,52.42268827,8,English,TRUE,2.25358692,1.74641308,0
12.01335011,6.312755657,0.903970247,8,Mandarin,TRUE,0.533393399,3.466606601,0
12.02289807,6.280970784,28.72673418,9,Mandarin,FALSE,1.500596495,2.499403505,0
12.2064734,6.107778022,52.20443485,8,English,TRUE,2.243290343,1.756709657,0
13.26194804,7.483206241,11.76897166,9,English,FALSE,0.959750598,3.040249402,0
12.87027348,8.666131542,57.48055929,9,Malay,FALSE,2.491382693,1.508617307,0
12.60523829,8.284533848,44.43610494,9,English,FALSE,2.050101219,1.949898781,0
14.18836192,9.879680229,45.74534899,8,Mandarin,FALSE,2.085525388,1.914474612,0
10.98083449,9.570011131,39.92857085,8,English,TRUE,1.856460818,2.143539182,0
14.30119408,7.08669497,26.8484645,8,Mandarin,TRUE,1.428827707,2.571172293,0
14.05715044,9.064900113,27.65738543,8,English,FALSE,1.473133353,2.526866647,0
10.97847266,5.922356194,50.34648722,8,Malay,FALSE,2.167224529,1.832775471,0
13.12031663,6.061541388,8.348360606,9,Malay,FALSE,0.830097267,3.169902733,0
11.11638803,8.504617171,31.32404707,8,Malay,TRUE,1.560344954,2.439655046,0
14.71410321,6.083542975,18.59682352,8,Malay,TRUE,1.147870579,2.852129421,0
12.46474811,7.255956328,59.05898452,8,Malay,TRUE,2.485839862,1.514160138,0
11.01861196,6.610228208,0.221579226,9,English,FALSE,0.543674376,3.456325624,0
13.18054888,6.163191062,3.820460415,8,Mandarin,TRUE,0.64078608,3.35921392,0
13.5360449,5.772246831,58.04327201,8,English,FALSE,2.447858651,1.552141349,0
13.02484825,8.059245668,32.6275048,9,Malay,TRUE,1.658424433,2.341575567,0
11.20843481,5.280944741,8.312106841,8,Malay,TRUE,0.761964024,3.238035976,0
13.67607222,8.512761435,26.91841745,8,Mandarin,FALSE,1.439168918,2.560831082,0
14.64781379,9.473638544,19.35945258,9,Malay,TRUE,1.246529609,2.753470391,0
14.76067411,6.717359041,54.67248893,9,English,TRUE,2.397196629,1.602803371,0
13.39739841,7.066091832,41.25475876,8,Malay,FALSE,1.899793528,2.100206472,0
14.20122633,7.952913409,7.831131448,9,Malay,FALSE,0.842579112,3.157420888,0
14.89315905,8.331195036,32.18673708,8,Mandarin,FALSE,1.625134777,2.374865223,0
10.21690402,7.724052233,8.067610341,8,Malay,FALSE,0.768329907,3.231670093,0
12.38495286,8.451746926,39.91383819,8,English,FALSE,1.858828271,2.141171729,0
11.45704032,9.042795349,43.6336371,8,Malay,TRUE,1.979452927,2.020547073,0
12.37393587,9.95022443,33.7296043,8,English,TRUE,1.667561746,2.332438254,0
14.58458899,6.963695832,57.95734861,8,Malay,TRUE,2.467394468,1.532605532,0
14.91693079,7.923405554,56.66006706,8,English,TRUE,2.437072265,1.562927735,0
14.52462195,6.88093275,12.35493719,8,Malay,TRUE,0.945886787,3.054113213,0
10.98558721,6.189643835,0.01976313,8,Mandarin,FALSE,0.492411081,3.507588919,0
14.01432146,9.987893994,39.76492906,8,English,TRUE,1.88551979,2.11448021,0
14.08828311,5.069416108,28.53849344,9,Malay,TRUE,1.502860107,2.497139893,0
12.896896,5.323495953,20.07951145,9,English,TRUE,1.211520968,2.788479032,0
13.57446028,7.915219671,55.01338537,9,Malay,TRUE,2.408676312,1.591323688,0
14.52678684,8.54922907,58.71046602,8,Mandarin,TRUE,2.507775693,1.492224307,0
14.97082131,8.644183141,55.83463615,9,Mandarin,FALSE,2.457304583,1.542695417,0
10.20034822,8.516566269,30.01171548,8,Mandarin,FALSE,1.507559661,2.492440339,0
11.28581467,8.943002747,42.20139976,9,English,FALSE,1.9690015,2.0309985,0
14.67288039,8.723278129,10.29441675,8,Mandarin,FALSE,0.89710881,3.10289119,0
11.64574657,7.729885655,57.0513955,9,English,FALSE,2.455469506,1.544530494,0
10.53244569,7.350568878,17.02060131,9,English,TRUE,1.106183523,2.893816477,0
11.56633027,8.601357356,11.56436051,8,Mandarin,FALSE,0.90715556,3.09284444,0
12.59247891,8.661644041,3.609513977,9,English,TRUE,0.692858362,3.307141638,0
11.93045627,6.662749823,33.0222792,9,English,TRUE,1.646674701,2.353325299,0
13.94151554,5.014774312,56.90782743,8,English,TRUE,2.40649048,1.59350952,0
13.05517827,6.571538896,8.135295042,8,English,TRUE,0.787443673,3.212556327,0
12.17452278,7.673691035,7.249818137,8,Mandarin,FALSE,0.760142743,3.239857257,0
14.98630611,7.630551111,16.35585793,9,English,FALSE,1.131363837,2.868636163,0
14.42969421,6.899333134,39.92363358,9,Mandarin,TRUE,1.904078059,2.095921941,0
14.31128286,9.661661934,32.86881038,9,Mandarin,FALSE,1.695356461,2.304643539,0
12.83626634,7.381773314,5.772417617,8,English,FALSE,0.714594317,3.285405683,0
13.89962674,5.69524797,26.53801449,8,English,FALSE,1.40054923,2.59945077,0
11.67942726,5.967777741,4.015937183,8,Mandarin,FALSE,0.630336623,3.369663377,0
11.64925275,5.472926457,51.11420872,9,Mandarin,FALSE,2.235028749,1.764971251,0
14.4602655,6.341395044,6.426706754,9,Mandarin,TRUE,0.782240164,3.217759836,0
12.98416673,6.523633019,28.27789871,9,English,TRUE,1.497674621,2.502325379,0
11.71793395,6.670817268,30.6278149,9,English,TRUE,1.564814675,2.435185325,0
14.22661455,9.180870032,31.80757634,8,Malay,FALSE,1.61432739,2.38567261,0
12.21277012,8.827393765,36.54929488,9,English,FALSE,1.788711468,2.211288532,0
11.99987941,7.480552698,42.09494525,9,English,FALSE,1.957969163,2.042030837,0
10.13085504,7.221741154,0.261480398,9,Mandarin,TRUE,0.542241975,3.457758025,0
13.39501261,6.890484693,1.854862043,8,English,FALSE,0.584683708,3.415316292,0
12.66321226,5.067823858,36.69308376,9,Malay,TRUE,1.760413153,2.239586847,0
11.5591456,9.598634772,10.92852262,9,Mandarin,FALSE,0.935861891,3.064138109,0
10.69650716,6.457471981,49.91070685,8,Malay,FALSE,2.15523002,1.84476998,0
10.91207812,9.209485404,37.65069894,8,English,FALSE,1.776238933,2.223761067,0
11.12431007,8.704171268,58.82404372,9,Malay,TRUE,2.519086271,1.480913729,0
14.32601779,5.572052705,43.68025742,8,English,TRUE,1.974989286,2.025010714,0
12.40318033,6.566156558,5.442864743,9,Mandarin,TRUE,0.731122194,3.268877806,0
13.47748556,7.423268944,10.25855655,8,Malay,TRUE,0.87095943,3.12904057,0
12.30659211,6.310800748,2.792933835,9,English,TRUE,0.639271723,3.360728277,0
12.36865345,7.010549104,44.47055194,8,Mandarin,FALSE,1.996143757,2.003856243,0
14.11073937,6.412149373,7.609397099,9,Mandarin,TRUE,0.818875457,3.181124543,0
13.85578365,8.178595679,39.82604961,8,Mandarin,TRUE,1.86787878,2.13212122,0
11.16069088,6.803304284,33.32386466,8,English,TRUE,1.61043544,2.38956456,0
13.12859905,6.731483653,37.99785844,9,Mandarin,TRUE,1.825196108,2.174803892,0
13.40094108,6.357859832,30.52019389,8,English,FALSE,1.534927805,2.465072195,0
12.02401723,9.00762856,0.781722654,9,Malay,TRUE,0.59637388,3.40362612,0
10.34165879,8.229672502,15.19308454,8,English,FALSE,1.012149464,2.987850536,0
11.85702419,8.604824069,53.0989102,9,English,FALSE,2.334582156,1.665417844,0
11.79152599,6.969330119,55.75611409,8,English,FALSE,2.366145697,1.633854303,0
13.45314791,9.197364875,5.832587301,9,Malay,FALSE,0.780924704,3.219075296,0
14.04758907,7.081872433,57.15772191,9,English,FALSE,2.476552012,1.523447988,0
11.98007878,5.882485734,40.23156311,9,Malay,TRUE,1.879677749,2.120322251,0
13.22858127,7.55331393,55.35345442,9,Malay,FALSE,2.412934099,1.587065901,0
13.21417289,7.224547049,24.06983628,9,Malay,TRUE,1.366715076,2.633284924,0
13.24077576,5.458698504,6.104702554,9,Malay,FALSE,0.750484828,3.249515172,0
12.77154502,8.31336633,18.14719584,9,Mandarin,FALSE,1.175755641,2.824244359,0
13.14608088,9.059978817,41.38089103,9,Malay,FALSE,1.961423631,2.038576369,0
14.33843724,6.780791909,47.71328993,9,Mandarin,FALSE,2.161635289,1.838364711,0
14.60914473,8.796066689,3.007336975,8,Malay,TRUE,0.65429668,3.34570332,0
10.45899716,7.92926245,29.21710021,8,Malay,FALSE,1.477785936,2.522214064,0
10.05876287,6.36499291,3.862002132,9,Mandarin,FALSE,0.652970962,3.347029038,0
12.59457907,6.719884164,51.81679825,9,Mandarin,TRUE,2.280371241,1.719628759,0
12.0640618,9.730627016,28.58032949,8,English,TRUE,1.490624538,2.509375462,0
12.2558472,6.078948733,54.88930958,8,Mandarin,TRUE,2.332991612,1.667008388,0
12.292526,5.759594428,4.714728774,9,Mandarin,TRUE,0.69767883,3.30232117,0
14.47594296,5.378356643,19.82819909,8,Mandarin,TRUE,1.179482966,2.820517034,0
13.18313533,9.377928814,40.59230599,8,English,FALSE,1.898687508,2.101312492,0
12.21170038,8.36060338,17.61516486,9,English,FALSE,1.1528952,2.8471048,0
12.27391355,5.583325679,50.49351242,8,Malay,TRUE,2.181689473,1.818310527,0
14.22251314,8.828284073,59.2100219,9,Malay,TRUE,2.564175369,1.435824631,0
11.08528115,8.147065365,16.87317596,8,English,TRUE,1.074762664,2.925237336,0
10.07373246,9.931071962,21.66467187,8,Mandarin,FALSE,1.242203773,2.757796227,0
12.39083692,7.557084972,58.04073238,8,English,FALSE,2.454170298,1.545829702,0
14.80235479,7.582097363,21.4836664,9,English,TRUE,1.299966735,2.700033265,0
14.0718602,6.246337702,33.3591908,9,English,TRUE,1.675155006,2.324844994,0
12.04197612,5.954619076,46.15449997,8,English,TRUE,2.038449284,1.961550716,0
10.87549545,8.667665832,26.30068526,8,English,TRUE,1.392121122,2.607878878,0
12.85067615,6.863307479,22.35647695,8,Malay,TRUE,1.262355735,2.737644265,0
14.39852282,8.621884697,29.73530076,9,Mandarin,FALSE,1.581380767,2.418619233,0
13.58636783,8.872207042,46.77119298,8,Malay,TRUE,2.103625515,1.896374485,0
12.70100111,9.516453247,18.72973663,8,Malay,TRUE,1.166499098,2.833500902,0
13.6743826,7.137191361,21.04844983,8,English,FALSE,1.229730734,2.770269266,0
14.82327341,5.479206175,11.34835823,8,Malay,FALSE,0.901303403,3.098696597,0
12.76346755,5.10860942,42.09705,8,Mandarin,FALSE,1.90195577,2.09804423,0
12.77673973,6.459405361,53.96702814,8,Mandarin,TRUE,2.311262389,1.688737611,0
12.39301659,9.662384945,11.14439525,8,Mandarin,FALSE,0.912033857,3.087966143,0
12.83306489,8.738998053,2.075372224,8,English,TRUE,0.604899704,3.395100296,0
13.17581114,7.795744558,22.8762395,9,Malay,TRUE,1.332256874,2.667743126,0
11.02139588,6.198080218,24.6092859,9,English,TRUE,1.352504291,2.647495709,0
12.84014597,8.564169964,38.75181161,9,Malay,TRUE,1.865770213,2.134229787,0
10.06728671,8.704237599,5.135459939,8,Malay,TRUE,0.678897241,3.321102759,0
14.68964673,6.15222995,49.28990434,9,Mandarin,TRUE,2.211415578,1.788584422,0
10.18919648,8.540626251,34.43920843,9,Malay,FALSE,1.695271842,2.304728158,0
14.79076545,5.601166222,32.75825513,8,Mandarin,FALSE,1.615861154,2.384138846,0
14.84496384,5.508410014,18.98178202,9,English,FALSE,1.196259806,2.803740194,0
12.63395115,5.276164219,21.91605079,8,Malay,FALSE,1.22963618,2.77036382,0
11.6620909,9.050992827,3.325635032,8,Malay,FALSE,0.637985338,3.362014662,0
10.92475358,6.35305672,45.22528665,8,Mandarin,TRUE,2.000287658,1.999712342,0
10.81087348,8.020880484,36.28419381,8,Malay,TRUE,1.717790666,2.282209334,0
11.1896697,5.722414942,58.58571045,8,Mandarin,FALSE,2.441977861,1.558022139,0
12.38103258,7.212128336,21.21370636,9,English,TRUE,1.263055154,2.736944846,0
13.71449069,5.138505604,39.97462293,9,Malay,TRUE,1.881017394,2.118982606,0
11.99364794,9.299758587,55.17271783,9,English,TRUE,2.41202466,1.58797534,0
13.90506041,7.698742291,42.70085335,8,English,TRUE,1.959399805,2.040600195,0
12.82293074,9.452551571,2.418631482,9,Mandarin,TRUE,0.663375872,3.336624128,0
10.09638488,7.338917224,37.93420815,9,Mandarin,FALSE,1.798826626,2.201173374,0
10.65895742,6.581637179,32.72346086,9,Malay,FALSE,1.623187975,2.376812025,0
12.86124835,7.00401243,29.9588003,9,English,FALSE,1.557279284,2.442720716,0
10.80582787,6.219249269,33.18263806,9,Mandarin,FALSE,1.636338707,2.363661293,0
13.04155852,9.427811128,27.63394961,9,Malay,TRUE,1.50582535,2.49417465,0
12.22640332,6.478082596,41.50993396,9,English,FALSE,1.930709324,2.069290676,0
13.4504112,6.46103691,0.894774168,8,Malay,TRUE,0.548940287,3.451059713,0
11.45718529,8.158093367,11.31358275,9,English,TRUE,0.933272212,3.066727788,0
14.108126,5.61364478,21.92313773,8,English,TRUE,1.247988965,2.752011035,0
11.94442144,6.095897901,27.16003622,8,Malay,TRUE,1.405737734,2.594262266,0
13.98323987,7.149508488,7.82918088,9,English,TRUE,0.83230018,3.16769982,0
10.09685398,5.913047082,49.20875865,9,Mandarin,TRUE,2.160390966,1.839609034,0
11.96542049,6.286624528,55.76348229,8,Malay,FALSE,2.361303193,1.638696807,0
11.10094216,8.4996396,45.07292936,8,English,TRUE,2.018436796,1.981563204,0
12.21840159,6.399205433,55.7290829,9,English,TRUE,2.403812167,1.596187833,0
14.73404975,8.185980573,44.59328236,9,English,FALSE,2.075643048,1.924356952,0
10.79478631,7.472035772,26.46336113,8,English,TRUE,1.384780258,2.615219742,0
10.43998138,8.838122341,23.5879784,9,English,FALSE,1.339046984,2.660953016,0
10.29248079,8.753612976,9.983962914,9,Malay,TRUE,0.883259701,3.116740299,0
10.61679987,5.987736897,5.186822462,8,Malay,FALSE,0.65893945,3.34106055,0
10.30978837,9.716200292,13.17709692,8,Mandarin,TRUE,0.959496451,3.040503549,0
13.42369021,9.011035228,31.92814393,8,Mandarin,FALSE,1.608618719,2.391381281,0
10.58700878,7.663077979,8.096829067,8,Malay,TRUE,0.77239517,3.22760483,0
10.98719956,7.798790064,57.06981276,9,Malay,TRUE,2.450186988,1.549813012,0
13.22765475,9.14418305,13.11014742,9,English,FALSE,1.020723292,2.979276708,0
12.23078942,7.420762073,50.01788372,8,Mandarin,TRUE,2.183778306,1.816221694,0
10.27332385,7.392435705,49.12913777,9,Mandarin,TRUE,2.174295521,1.825704479,0
14.85337057,8.15092315,8.472229853,8,Mandarin,FALSE,0.832450599,3.167549401,0
12.99965518,5.441540215,42.64457086,9,English,TRUE,1.965897649,2.034102351,0
13.06895771,7.910700698,49.44683021,9,Mandarin,TRUE,2.218024258,1.781975742,0
14.26291486,6.119540017,53.05724171,9,English,FALSE,2.332399272,1.667600728,0
14.54546713,5.583521478,57.23877625,8,English,TRUE,2.429249094,1.570750906,0
10.28545179,9.077071521,55.80620787,8,English,FALSE,2.373832162,1.626167838,0
10.34173151,6.90908394,18.66822345,8,English,FALSE,1.11478227,2.88521773,0
13.88275461,7.514071658,16.0593568,8,Malay,FALSE,1.069280156,2.930719844,0
13.4791734,6.467284881,23.85182498,9,Mandarin,FALSE,1.354525415,2.645474585,0
11.08406205,5.154530129,27.90037609,8,Malay,TRUE,1.412398458,2.587601542,0
11.60613518,7.211959111,14.03310102,9,Mandarin,TRUE,1.015950977,2.984049023,0
13.05520475,8.751304261,5.164991761,8,Malay,FALSE,0.710231482,3.289768518,0
13.94495269,8.7916547,39.39518537,8,English,TRUE,1.86053892,2.13946108,0
13.01578208,9.610228875,10.45444705,9,Malay,TRUE,0.934741678,3.065258322,0
13.95984303,9.202017465,54.89398092,9,English,TRUE,2.421417969,1.578582031,0
11.14309021,9.911666787,17.26108819,8,Malay,TRUE,1.105917176,2.894082824,0
11.65557188,7.858142588,11.86117445,9,English,FALSE,0.950509627,3.049490373,0
10.50811563,5.254681567,11.64948914,8,Malay,FALSE,0.865944277,3.134055723,0
14.92407216,9.316978306,17.36810963,9,English,FALSE,1.181347492,2.818652508,0
14.04495128,9.760173716,36.72994736,8,Mandarin,TRUE,1.782382829,2.217617171,0
13.57894025,7.320864955,58.69901935,8,English,FALSE,2.48563203,1.51436797,0
10.97406232,5.569682034,29.17611267,8,Malay,FALSE,1.457974533,2.542025467,0
13.49341936,5.123119062,35.98067905,9,Mandarin,TRUE,1.745521352,2.254478648,0
14.31206391,8.067550879,50.55596324,8,English,FALSE,2.228994923,1.771005077,0
14.05174452,8.338118311,20.04224668,9,Malay,TRUE,1.251973518,2.748026482,0
13.77342685,5.081076398,10.79260035,8,Malay,FALSE,0.868298377,3.131701623,0
11.93578487,9.746304709,26.01761916,8,English,FALSE,1.404074868,2.595925132,0
13.83482113,7.711184876,19.12156033,8,Mandarin,TRUE,1.172845404,2.827154596,0
12.42286311,8.061369412,51.96778249,8,Malay,TRUE,2.257101741,1.742898259,0
12.02262779,7.820753065,58.67639078,8,Malay,TRUE,2.474313501,1.525686499,0
14.8239116,6.584677974,41.29900745,8,Malay,TRUE,1.910719477,2.089280523,0
10.73334945,9.502908475,39.22564559,8,Mandarin,FALSE,1.829884099,2.170115901,0
14.32359476,5.019049012,42.85327024,8,Mandarin,TRUE,1.941868779,2.058131221,0
11.61050142,8.735967218,28.05995046,9,Malay,FALSE,1.498796368,2.501203632,0
12.58206374,6.804154775,37.72767095,9,Malay,FALSE,1.811451217,2.188548783,0
11.81467993,5.951119005,4.275660054,9,Mandarin,TRUE,0.680179991,3.319820009,0
12.51598755,7.180530965,29.60693298,9,Mandarin,FALSE,1.543862951,2.456137049,0
14.09201282,5.990174585,19.94199722,9,English,TRUE,1.225555115,2.774444885,0
10.91506605,9.344153699,3.190820645,9,English,TRUE,0.668952886,3.331047114,0
13.77396529,8.978030246,32.68657847,8,English,FALSE,1.637072571,2.362927429,0
12.22944486,9.284984132,21.61538862,8,English,TRUE,1.255657244,2.744342756,0
14.67475126,9.179354507,35.43683129,9,Malay,FALSE,1.779768767,2.220231233,0
12.73493674,9.124068611,30.7908041,9,Malay,FALSE,1.60495019,2.39504981,0
10.206877,7.907118212,16.57317938,8,English,FALSE,1.053579265,2.946420735,0
14.55103047,9.509832228,32.3990073,8,Malay,FALSE,1.640575537,2.359424463,0
14.62246511,5.295748257,22.7264467,9,Mandarin,FALSE,1.316730357,2.683269643,0
10.89960678,6.429373601,55.26696455,8,Mandarin,TRUE,2.335521956,1.664478044,0
14.86331206,6.062821388,22.53799815,8,English,FALSE,1.280527939,2.719472061,0
12.22899741,5.605402083,2.408994713,9,Malay,TRUE,0.618643819,3.381356181,0
14.57209855,5.031753615,45.81436517,9,Mandarin,TRUE,2.083184027,1.916815973,0
11.82039014,7.013222287,57.82100335,9,Malay,TRUE,2.475702903,1.524297097,0
10.1134185,8.620004626,10.16302921,8,Mandarin,TRUE,0.846101871,3.153898129,0
13.97510244,8.224430847,58.36700224,9,Malay,FALSE,2.527562074,1.472437926,0
14.42905612,8.255231829,37.03163143,8,Mandarin,TRUE,1.781230594,2.218769406,0
10.81404327,9.440605813,50.84314929,9,Mandarin,TRUE,2.257318134,1.742681866,0
12.76990469,9.786764749,28.37372015,9,Mandarin,TRUE,1.531357366,2.468642634,0
14.15779127,8.402957198,37.35129489,9,English,TRUE,1.830650648,2.169349352,0
12.30772882,5.424619893,50.46347169,9,Malay,TRUE,2.21943921,1.78056079,0
13.94182936,8.383516281,58.96800268,8,English,TRUE,2.508853546,1.491146454,0
13.19046645,7.773874887,11.08783701,9,Malay,TRUE,0.93923798,3.06076202,0
13.60365214,5.321998779,53.92479723,9,Mandarin,FALSE,2.34674975,1.65325025,0
14.59407931,6.285582951,40.03631396,9,English,TRUE,1.903340421,2.096659579,0
12.08411677,6.188500722,56.81166841,9,Mandarin,FALSE,2.436448455,1.563551545,0
13.85487447,8.864029843,19.08640838,9,English,TRUE,1.223402656,2.776597344,0
13.5634177,6.726034904,14.55563643,9,Malay,TRUE,1.048082407,2.951917593,0
12.194945,7.503322087,21.93140768,8,Malay,FALSE,1.248029594,2.751970406,0
11.90586967,8.928627304,53.06995833,9,Malay,TRUE,2.337343581,1.662656419,0
14.40677334,9.682570711,27.57796197,9,Mandarin,FALSE,1.52015884,2.47984116,0
11.0236975,7.691070314,57.08854077,9,English,FALSE,2.450099037,1.549900963,0
11.59253553,7.776484314,14.54040568,8,English,TRUE,0.998370388,3.001629612,0
14.87241003,5.479331259,13.23253069,8,English,FALSE,0.964601769,3.035398231,0
11.38682895,7.471589679,40.70434081,8,English,FALSE,1.865395547,2.134604453,0
14.36238216,8.432333509,17.49980135,9,English,TRUE,1.171273868,2.828726132,0
11.85713892,5.945259645,7.749290407,9,English,FALSE,0.796333666,3.203666334,0
12.75601815,5.556307947,22.55629981,9,Malay,FALSE,1.294999921,2.705000079,0
11.99171127,9.316681259,15.96994627,8,Malay,TRUE,1.065415468,2.934584532,0
11.10650881,5.574382795,24.77888249,9,English,FALSE,1.352771666,2.647228334,0
13.45552931,9.565381321,11.19065975,8,English,TRUE,0.923231098,3.076768902,0
14.83305101,6.368281339,57.41897403,9,English,TRUE,2.485979124,1.514020876,0
14.46405457,6.649818345,48.09893715,8,English,TRUE,2.134436634,1.865563366,0
14.92638344,7.627898041,50.45407585,9,Malay,TRUE,2.267345343,1.732654657,0
13.45563497,5.940518549,17.86747747,8,Mandarin,TRUE,1.109544117,2.890455883,0
10.17239119,8.442767246,51.40552195,9,Malay,FALSE,2.259668983,1.740331017,0
12.77034915,7.619461502,35.44703552,8,English,FALSE,1.705465957,2.294534043,0
13.11257647,9.730564576,3.40388021,9,English,FALSE,0.701894084,3.298105916,0
10.60071894,9.556085501,9.195686299,9,Malay,FALSE,0.868090921,3.131909079,0
14.14213469,8.848565882,26.75775512,8,Malay,FALSE,1.441832176,2.558167824,0
13.65040338,5.924063963,23.6270984,8,Mandarin,TRUE,1.30331462,2.69668538,0
12.24214538,6.068958815,47.71671199,9,Mandarin,TRUE,2.133668108,1.866331892,0
11.45997375,6.342368545,52.42016466,8,Malay,FALSE,2.245362245,1.754637755,0
11.10902912,9.170721776,51.89582842,8,Malay,TRUE,2.252658456,1.747341544,0
14.82223421,8.239727719,22.51734705,9,Malay,TRUE,1.341197854,2.658802146,0
14.01037782,5.877901091,38.14647319,9,English,TRUE,1.830431895,2.169568105,0
13.46692121,7.291290131,29.82547472,8,Malay,TRUE,1.521764604,2.478235396,0
14.74190092,9.874501532,53.33515501,8,Mandarin,FALSE,2.344002525,1.655997475,0
11.01752421,8.661253908,53.33831489,8,English,TRUE,2.294731611,1.705268389,0
14.28804103,9.671428724,3.232334953,9,Malay,TRUE,0.707339196,3.292660804,0
12.91723041,9.044188697,34.32840897,9,English,TRUE,1.72389449,2.27610551,0
14.66524698,8.625297423,30.20797783,9,English,FALSE,1.599838038,2.400161962,0
13.30304989,9.14959902,46.22352922,9,English,TRUE,2.125310796,1.874689204,0
13.70766654,8.46284954,11.74848365,9,Mandarin,TRUE,0.973321282,3.026678718,0
11.11128561,7.836833644,41.69989799,9,English,FALSE,1.939477792,2.060522208,0
11.72498007,8.679430714,44.31658206,8,Mandarin,FALSE,2.00126351,1.99873649,0
11.51152822,6.147323243,1.604760932,8,Mandarin,FALSE,0.550080546,3.449919454,0
13.47072975,7.451745475,25.87609818,8,Mandarin,TRUE,1.391761358,2.608238642,0
12.05586718,9.756951528,58.73679301,9,Mandarin,FALSE,2.536021287,1.463978713,0
14.29988975,9.043062129,18.03627079,8,English,TRUE,1.154638545,2.845361455,0
11.06290759,9.631501593,53.07193179,9,Malay,FALSE,2.336008485,1.663991515,0
13.97833772,9.83724216,35.21340082,8,Malay,TRUE,1.731935826,2.268064174,0
14.06621381,7.935827344,17.79265735,9,Malay,FALSE,1.17310899,2.82689101,0
13.13939329,5.980879059,50.15922508,8,Malay,FALSE,2.183176893,1.816823107,0
10.74155072,8.705250819,59.4397025,9,Malay,FALSE,2.535791432,1.464208568,0
11.63359509,5.036656724,44.5203495,9,Malay,TRUE,2.010714168,1.989285832,0
11.98870779,5.445707468,3.677635306,9,Malay,TRUE,0.656931996,3.343068004,0
12.32724492,6.43057211,3.144636077,8,Malay,FALSE,0.612399373,3.387600627,0
13.68382987,5.075936854,29.49333236,8,Mandarin,TRUE,1.490708746,2.509291254,0
11.69186297,8.416766043,0.364015592,8,English,FALSE,0.533220143,3.466779857,0
10.0910888,9.082921927,40.55690638,8,Mandarin,FALSE,1.863636987,2.136363013,0
14.33039349,8.768843003,0.978139434,9,Malay,FALSE,0.623597013,3.376402987,0
12.16163387,5.722403181,58.38390366,9,Malay,TRUE,2.484970493,1.515029507,0
11.4144317,9.019527471,52.83794894,8,Malay,FALSE,2.285604556,1.714395444,0
14.09592921,9.142450255,48.92270167,9,English,TRUE,2.223140517,1.776859483,0
14.39422691,5.482641014,48.74472978,9,Mandarin,FALSE,2.183593005,1.816406995,0
13.65519421,7.461935217,50.06250524,8,English,FALSE,2.199921469,1.800078531,0
11.7715798,8.440625791,26.05535886,9,Mandarin,FALSE,1.430634018,2.569365982,0
11.15541864,7.033426257,47.51139953,8,Mandarin,FALSE,2.085601767,1.914398233,0
13.56399849,9.446330165,22.02901876,8,Malay,TRUE,1.284403912,2.715596088,0
10.28729691,7.645707865,50.90318181,8,Mandarin,TRUE,2.196102775,1.803897225,0
11.95526604,5.610598471,37.07797265,9,Mandarin,FALSE,1.771591067,2.228408933,0
13.79402688,7.652170899,21.5007015,8,English,TRUE,1.251152028,2.748847972,0
12.92536076,7.887196829,44.72838994,8,Mandarin,FALSE,2.019071907,1.980928093,0
13.66926423,9.768149634,14.56945708,8,English,TRUE,1.040022708,2.959977292,0
12.86458155,7.109941405,57.87983633,9,Mandarin,FALSE,2.489073107,1.510926893,0
11.19843735,9.465163205,39.88470938,9,English,FALSE,1.896126318,2.103873682,0
12.41607462,6.599851053,24.0721247,9,Malay,TRUE,1.352563413,2.647436587,0
13.86531032,7.261518497,33.04369104,9,Mandarin,FALSE,1.672724656,2.327275344,0
11.15195471,8.376353379,44.25408904,9,English,TRUE,2.030419382,1.969580618,0
14.81510331,9.427527648,47.83932891,9,English,FALSE,2.197070607,1.802929393,0
11.01431624,8.870585346,58.49752184,8,Malay,FALSE,2.468766411,1.531233589,0
10.07103504,5.777304518,12.53744641,9,Malay,FALSE,0.936398276,3.063601724,0
13.89035377,5.968487832,30.26632063,9,English,TRUE,1.56746577,2.43253423,0
14.64201441,5.341084528,5.487462188,8,English,TRUE,0.702746396,3.297253604,0
11.23321337,8.107394544,4.936447485,8,English,FALSE,0.677954329,3.322045671,0
10.77528238,7.201660917,6.259957585,9,Mandarin,TRUE,0.748434686,3.251565314,0
11.11964364,9.379181378,15.57022513,9,Mandarin,TRUE,1.083995754,2.916004246,0
13.13932282,9.947043287,41.78007386,9,English,TRUE,1.98353279,2.01646721,0
12.8951027,9.392787095,51.66807854,8,Malay,TRUE,2.265148183,1.734851817,0
13.10673368,5.233115838,26.15973708,8,Malay,FALSE,1.375389731,2.624610269,0
10.03867066,9.721793791,33.31219425,8,Malay,TRUE,1.62801112,2.37198888,0
10.78493541,5.514944658,12.3820201,8,Mandarin,FALSE,0.895732804,3.104267196,0
11.21619012,7.236024866,47.46487254,8,Malay,TRUE,2.086684568,1.913315432,0
13.48542743,6.486650559,53.30124679,9,Malay,TRUE,2.336429006,1.663570994,0
13.04373582,5.782224914,29.13580908,9,English,TRUE,1.519453243,2.480546757,0
13.11950591,5.856187146,9.652456443,9,Malay,TRUE,0.871505479,3.128494521,0
12.85357174,6.729169795,0.306099254,9,Mandarin,TRUE,0.566030724,3.433969276,0
13.72257058,5.126970402,32.18466936,9,Mandarin,FALSE,1.621317722,2.378682278,0
14.70847243,5.323282171,29.85814999,8,English,TRUE,1.515589212,2.484410788,0
13.36783189,8.571399478,55.54851858,8,English,FALSE,2.3910096,1.6089904,0
13.72481161,8.13116337,2.189058093,8,Mandarin,FALSE,0.611528353,3.388471647,0
13.0409298,5.496788796,8.937091635,8,English,FALSE,0.80328024,3.19671976,0
13.98818594,7.161722166,11.8611952,9,Mandarin,FALSE,0.966872254,3.033127746,0
14.7149261,8.038546655,32.82747766,9,Malay,FALSE,1.681783983,2.318216017,0
13.02551764,5.488217455,17.08417322,8,Mandarin,FALSE,1.074609792,2.925390208,0
10.90503371,9.85998378,12.34074116,9,Mandarin,FALSE,0.979008214,3.020991786,0
13.8513323,9.242515013,30.86492793,8,Malay,FALSE,1.579769404,2.420230596,0
13.2541657,6.136233114,2.439191705,9,Malay,TRUE,0.635210378,3.364789622,0
14.66802328,7.594316714,58.51454294,9,Malay,TRUE,2.533108165,1.466891835,0
11.3606699,7.538421522,51.66111702,9,English,TRUE,2.271028148,1.728971852,0
14.85018329,6.671054187,16.31767991,8,English,TRUE,1.079135038,2.920864962,0
12.75913045,8.798179554,20.1702108,9,English,TRUE,1.24791346,2.75208654,0
14.81998882,8.291429819,14.75389076,9,Mandarin,FALSE,1.082910545,2.917089455,0
13.92019625,9.321086661,55.70394331,8,Malay,FALSE,2.409210939,1.590789061,0
14.32979845,5.025501527,39.19183032,9,English,FALSE,1.859947344,2.140052656,0
11.61920839,8.020013804,31.2707285,8,English,TRUE,1.558749839,2.441250161,0
11.09717158,9.963786697,30.51597681,9,English,FALSE,1.58780881,2.41219119,0
13.12041825,8.946022487,9.955238126,9,English,TRUE,0.912505678,3.087494322,0
11.87165552,6.72157961,57.75878891,8,Malay,TRUE,2.431225315,1.568774685,0
14.92947469,5.780503146,54.8758463,9,Malay,TRUE,2.396294655,1.603705345,0
12.47748534,7.141397771,57.14526318,8,English,FALSE,2.421030937,1.578969063,0
10.55237246,7.121347152,17.45593243,8,Mandarin,TRUE,1.07860161,2.92139839,0
12.49401341,7.926367857,28.59891164,9,Malay,FALSE,1.517500867,2.482499133,0
12.67541496,5.330329425,31.13557002,9,Mandarin,FALSE,1.577909778,2.422090222,0
10.02364362,6.935957606,29.38048062,8,Mandarin,FALSE,1.468945366,2.531054634,0
11.22744699,9.273970883,1.151369672,9,Malay,FALSE,0.603393168,3.396606832,0
10.00669769,8.218111833,49.98895783,8,Mandarin,TRUE,2.168546689,1.831453311,0
12.80500644,7.173486374,44.79273065,8,Malay,TRUE,2.01287595,1.98712405,0
11.46066907,6.551249305,28.48789227,8,English,FALSE,1.449715593,2.550284407,0
10.86603781,6.398900975,16.04411596,9,Malay,TRUE,1.067453253,2.932546747,0
14.19291778,8.742093633,38.09861479,9,English,TRUE,1.85930394,2.14069606,0
10.15008825,7.143395048,8.297525832,8,Mandarin,FALSE,0.769519027,3.230480973,0
13.45854533,6.231131335,59.83666272,9,Mandarin,FALSE,2.551452191,1.448547809,0
12.86499577,9.063607918,7.520402112,8,English,FALSE,0.789966107,3.210033893,0
13.85776111,6.328037632,3.50726466,8,Malay,FALSE,0.638766809,3.361233191,0
10.66131655,5.322197524,36.74452408,8,English,TRUE,1.70465261,2.29534739,0
14.3579002,7.740464094,27.80469434,9,Mandarin,TRUE,1.507806788,2.492193212,0
11.60815447,6.39526199,43.14002973,9,English,TRUE,1.978035156,2.021964844,0
10.04273598,5.024417652,7.678034884,8,English,TRUE,0.726606032,3.273393968,0
13.28338453,7.507794646,21.82474298,8,English,FALSE,1.255403224,2.744596776,0
14.29675903,9.472720276,30.06200173,8,Mandarin,FALSE,1.559761517,2.440238483,0
11.76845721,8.220670145,26.81947723,8,Malay,TRUE,1.413873848,2.586126152,0
12.63787051,5.090771656,34.98201388,9,Malay,TRUE,1.703353551,2.296646449,0
12.06166552,6.893832462,6.105009994,8,Mandarin,FALSE,0.713055313,3.286944687,0
10.21232674,6.235205361,30.22347756,8,Mandarin,FALSE,1.491924573,2.508075427,0
13.76564662,8.352212601,33.28601139,9,English,FALSE,1.690712305,2.309287695,0
14.70735819,7.284549043,52.86132882,9,Malay,TRUE,2.341963366,1.658036634,0
12.1003893,5.863668393,34.26457112,8,Malay,FALSE,1.641792948,2.358207052,0
10.72217893,7.281439425,32.8377309,9,Malay,FALSE,1.634627214,2.365372786,0
12.52537176,9.656971061,48.72466909,8,Mandarin,TRUE,2.165979065,1.834020935,0
14.52377341,7.053992106,3.899850251,8,Malay,TRUE,0.665772664,3.334227336,0
13.0290967,9.351655864,38.87772956,8,English,FALSE,1.839731844,2.160268156,0
11.06178794,7.377200367,48.70826643,9,Malay,FALSE,2.167998764,1.832001236,0
12.7660411,8.788247065,5.675742654,9,Malay,TRUE,0.764734303,3.235265697,0
11.63432691,8.929246583,48.69434788,9,English,TRUE,2.188780664,1.811219336,0
10.11780024,8.803726037,47.22935562,8,English,FALSE,2.083527117,1.916472883,0
14.56821183,8.192492047,0.056587744,8,Mandarin,TRUE,0.549493297,3.450506703,0
13.97227705,9.762441417,14.76942719,8,Mandarin,FALSE,1.049661424,2.950338576,0
14.62038261,9.642889262,9.075493062,9,English,TRUE,0.905149154,3.094850846,0
13.41398783,6.513918645,30.68027032,9,Malay,FALSE,1.581954742,2.418045258,0
12.24869307,8.473305898,54.84039647,8,Malay,TRUE,2.355233205,1.644766795,0
12.46594212,8.323950374,36.16238633,9,English,FALSE,1.773311803,2.226688197,0
11.02310194,6.001305257,36.10817983,9,Mandarin,TRUE,1.733850066,2.266149934,0
11.9314955,6.325340462,7.370918165,8,English,TRUE,0.748265632,3.251734368,0
10.81925462,6.553769986,39.98275862,9,Malay,FALSE,1.866488867,2.133511133,0
12.36730918,6.657931786,53.29923475,9,Malay,FALSE,2.326893568,1.673106432,0
13.22959529,9.271813525,25.76085771,9,Mandarin,TRUE,1.443709345,2.556290655,0
11.28298122,8.78676594,40.9060748,8,Mandarin,TRUE,1.884233298,2.115766702,0
14.71883697,9.038672113,17.69586682,8,Mandarin,FALSE,1.147437318,2.852562682,0
13.23423049,9.565124401,16.13395277,9,English,TRUE,1.125791975,2.874208025,0
11.09958846,7.571710287,11.10558256,8,Mandarin,TRUE,0.876899073,3.123100927,0
10.83500311,9.177160082,14.49016406,9,English,TRUE,1.043127101,2.956872899,0
10.84985382,8.476693813,20.56550743,9,English,FALSE,1.238782391,2.761217609,0
14.86927835,7.323966928,34.00368538,9,English,FALSE,1.715388632,2.284611368,0
11.1831147,5.969269986,46.83927876,8,Mandarin,TRUE,2.052833139,1.947166861,0
10.84186895,7.151357435,17.37378863,9,English,TRUE,1.119058552,2.880941448,0
10.81994867,6.032892845,10.086697,9,Mandarin,TRUE,0.864751649,3.135248351,0
11.72147386,6.43583026,26.98576481,8,English,FALSE,1.401098535,2.598901465,0
13.07657856,6.417572638,47.37088153,9,English,FALSE,2.133970896,1.866029104,0
10.39538814,8.805166615,23.35994226,8,Mandarin,TRUE,1.290670289,2.709329711,0
10.79717289,7.538944634,54.79646894,8,English,FALSE,2.32991014,1.67008986,0
14.88226345,8.965713995,14.87488101,9,Malay,TRUE,1.094309142,2.905690858,0
13.08895951,9.387036526,45.49883282,8,English,TRUE,2.061387721,1.938612279,0
10.69841673,8.058348535,28.0655066,8,Mandarin,FALSE,1.443084539,2.556915461,0
12.75048722,7.036024942,6.427554573,8,Malay,TRUE,0.732116941,3.267883059,0
11.20468769,9.283860953,16.86433908,9,Mandarin,FALSE,1.127030123,2.872969877,0
14.86808189,7.837676098,51.49339973,8,English,TRUE,2.263504237,1.736495763,0
11.94405976,9.284683686,0.353293907,8,Mandarin,TRUE,0.544063898,3.455936102,0
10.71187559,6.327111242,45.38050123,8,English,TRUE,2.003073243,1.996926757,0
13.06482693,7.828793732,48.68439156,9,Malay,TRUE,2.191749259,1.808250741,0
10.68653465,6.058741287,7.190249929,9,Mandarin,FALSE,0.767127757,3.232872243,0
12.59034966,8.491785892,57.73136809,8,Malay,FALSE,2.455200292,1.544799708,0
14.26116479,7.934455028,52.3374445,8,Malay,TRUE,2.286537681,1.713462319,0
11.72865372,7.779998782,10.71187799,8,English,TRUE,0.872149125,3.127850875,0
12.38740748,8.195539911,14.48742072,8,Mandarin,TRUE,1.008743498,2.991256502,0
10.54163045,6.877014573,49.10747472,9,Mandarin,TRUE,2.171102274,1.828897726,0
13.2317072,5.959882541,32.78239332,9,Mandarin,FALSE,1.644662341,2.355337659,0
10.56059933,9.032063526,55.35407901,9,Malay,TRUE,2.401062596,1.598937404,0
11.63482367,6.921848862,58.74846134,8,English,FALSE,2.46384877,1.53615123,0
14.20591429,9.944680661,20.60646848,8,Malay,FALSE,1.248388232,2.751611768,0
10.74959306,7.405010899,5.818321428,8,Mandarin,FALSE,0.695490087,3.304509913,0
14.20085031,7.450070528,42.21089322,9,English,TRUE,1.983538982,2.016461018,0
13.15285934,8.3890922,55.3872422,9,English,TRUE,2.421660922,1.578339078,0
10.7052168,8.333685896,9.892675729,9,English,TRUE,0.880144885,3.119855115,0
10.84246112,5.902593746,59.12312854,8,English,TRUE,2.4582215,1.5417785,0
13.31606695,6.361551472,11.75218951,8,English,FALSE,0.908515834,3.091484166,0
13.64585592,6.157581986,5.176535839,8,Mandarin,TRUE,0.690585574,3.309414426,0
13.27866748,5.267025593,29.74187874,9,Mandarin,TRUE,1.536852889,2.463147111,0
13.57025977,5.112055634,48.33435665,8,Mandarin,TRUE,2.117968376,1.882031624,0
11.80791736,8.224957414,21.26251041,8,Mandarin,FALSE,1.229079095,2.770920905,0
10.00717657,7.49295726,19.91046533,9,Malay,FALSE,1.198683516,2.801316484,0
12.64450197,9.472978125,11.82667899,9,English,TRUE,0.975397434,3.024602566,0
12.97258873,6.503856046,59.16475208,9,English,TRUE,2.52692285,1.47307715,0
13.43827269,8.937567694,20.51192163,9,Mandarin,FALSE,1.267489125,2.732510875,0
11.15656532,5.51577017,39.98823811,8,Mandarin,FALSE,1.819664625,2.180335375,0
10.85115886,9.082208305,7.942862039,9,English,TRUE,0.82409574,3.17590426,0
14.15152711,9.605826352,26.98540438,8,Malay,TRUE,1.457087014,2.542912986,0
14.20648528,8.136686418,47.74949569,8,Malay,FALSE,2.135081573,1.864918427,0
14.93805286,8.679800596,58.22050347,9,English,TRUE,2.536861984,1.463138016,0
11.6988034,9.938973895,10.64013607,9,Mandarin,FALSE,0.931048975,3.068951025,0
10.29509034,6.890935228,5.6790119,8,English,TRUE,0.681160652,3.318839348,0
12.37941901,5.146806066,59.25020578,9,Mandarin,TRUE,2.51026911,1.48973089,0
12.39872981,8.413015235,33.25096824,9,English,TRUE,1.676483058,2.323516942,0
10.18265098,5.066648835,20.72525343,9,English,TRUE,1.203334779,2.796665221,0
12.87530716,7.841556332,57.61670453,8,Mandarin,FALSE,2.447725453,1.552274547,0
11.3040952,7.987389666,23.41134596,8,English,FALSE,1.293293047,2.706706953,0
10.5956271,7.922503557,13.92023012,9,English,FALSE,1.009188977,2.990811023,0
13.02445629,5.829594512,48.21021634,9,Malay,TRUE,2.155547719,1.844452281,0
11.41172956,5.38338041,18.83786927,8,Malay,TRUE,1.115880075,2.884119925,0
12.80786825,9.538718437,19.31866856,9,Mandarin,TRUE,1.227421486,2.772578514,0
10.0760502,7.708006698,26.69938349,9,English,TRUE,1.427820019,2.572179981,0
11.83109613,6.615420417,41.57753993,8,Malay,TRUE,1.890383163,2.109616837,0
14.32711557,8.858726464,50.5058153,8,Mandarin,FALSE,2.235385597,1.764614403,0
13.25058568,9.608271399,13.57032293,8,Malay,TRUE,1.000932668,2.999067332,0
14.33755083,7.021081429,21.74925556,8,Malay,TRUE,1.258561508,2.741438492,0
13.70237249,5.491526077,29.77011877,9,English,TRUE,1.544276278,2.455723722,0
13.59857722,8.463083212,1.536645033,8,Malay,TRUE,0.591838105,3.408161895,0
14.3501158,9.537638196,41.82633373,8,Malay,TRUE,1.953088664,2.046911336,0
10.09771557,9.902035327,33.95806019,8,English,FALSE,1.651932849,2.348067151,0
12.09999154,9.067709466,8.013624907,9,Mandarin,FALSE,0.83879784,3.16120216,0
14.80207029,6.341083429,7.819676117,8,English,FALSE,0.792087408,3.207912592,0
10.88580869,6.791101191,53.71093057,9,English,TRUE,2.327133451,1.672866549,0
13.26863678,5.683698546,40.99868782,8,Mandarin,FALSE,1.876146281,2.123853719,0
13.95096599,8.563727877,23.28363675,9,Malay,TRUE,1.361268163,2.638731837,0
14.6680226,5.846272011,20.28487931,9,English,TRUE,1.24130559,2.75869441,0
14.35898746,7.159830455,19.01119454,8,English,FALSE,1.168894664,2.831105336,0
13.38290618,7.65877798,39.27957871,8,English,TRUE,1.839736132,2.160263868,0
13.5558018,6.912663595,10.72490551,8,Mandarin,FALSE,0.882181504,3.117818496,0
11.71518142,5.748480178,59.24609596,8,English,FALSE,2.469506481,1.530493519,0
11.11967792,6.449102224,41.22332224,8,English,TRUE,1.869798543,2.130201457,0
14.79311408,8.163825174,7.627204766,8,Mandarin,TRUE,0.803809551,3.196190449,0
14.8778299,8.634118293,8.281809083,8,Malay,FALSE,0.831179785,3.168820215,0
12.12301335,8.073180571,38.89759714,8,English,FALSE,1.818548511,2.181451489,0
12.05412267,9.828760019,22.99045676,9,Malay,FALSE,1.345177386,2.654822614,0
12.25858914,8.068151294,39.59746415,8,Mandarin,TRUE,1.843182876,2.156817124,0
12.30706944,6.126697669,43.35101286,8,Malay,FALSE,1.949371433,2.050628567,0
14.21083258,7.455264582,32.27520343,8,Mandarin,FALSE,1.612501086,2.387498914,0
12.15347242,9.181146882,15.39322361,8,Mandarin,TRUE,1.046453647,2.953546353,0
14.4117567,6.629008123,33.06966718,9,Malay,TRUE,1.672729888,2.327270112,0
13.47592365,8.685153823,25.31192309,8,Malay,FALSE,1.385341544,2.614658456,0
14.82695672,8.925959651,53.42022361,8,English,FALSE,2.338203284,1.661796716,0
13.37280184,9.669826116,44.41267946,9,Mandarin,FALSE,2.070848928,1.929151072,0
12.06088179,7.005876936,37.13904813,9,Malay,FALSE,1.788635858,2.211364142,0
14.58989765,6.297121209,2.383375487,9,English,FALSE,0.648316038,3.351683962,0
11.14897209,7.539741284,59.4101768,8,Mandarin,TRUE,2.48722636,1.51277364,0
14.82477766,9.968416537,33.97628404,8,English,TRUE,1.700474743,2.299525257,0
10.21714497,9.510649854,15.5386572,8,English,TRUE,1.035233188,2.964766812,0
13.20470299,6.419775318,35.49153954,8,Mandarin,TRUE,1.699296101,2.300703899,0
10.09124826,5.983578677,49.07375712,9,English,TRUE,2.156540173,1.843459827,0
11.01986886,7.384789764,32.313421,9,Malay,TRUE,1.621160619,2.378839381,0
12.31987627,5.82887256,46.61333534,9,English,FALSE,2.095265333,1.904734667,0
10.79136517,8.790156503,24.78226426,9,English,FALSE,1.381890692,2.618109308,0
14.9441192,5.183063002,35.39776718,9,Mandarin,FALSE,1.741197395,2.258802605,0
13.86506248,6.123628718,25.33501483,9,Malay,TRUE,1.404387406,2.595612594,0
14.25427277,5.091104038,31.66778411,8,Malay,FALSE,1.569046572,2.430953428,0
14.89535229,6.133691269,10.05059194,8,Malay,TRUE,0.865310167,3.134689833,0
13.37384352,5.261561257,35.91852397,8,Malay,FALSE,1.70363818,2.29636182,0
11.33299092,8.367761615,58.73707003,8,English,FALSE,2.47490986,1.52509014,0
13.78476818,7.851369133,45.88899175,8,Malay,TRUE,2.065994432,1.934005568,0
12.92155569,6.069569388,19.20290848,9,Malay,TRUE,1.1900082,2.8099918,0
11.33749529,6.025385919,51.83161906,9,Mandarin,FALSE,2.261349447,1.738650553,0
11.83642228,6.455967541,53.74350142,9,Malay,TRUE,2.334373946,1.665626054,0
13.03933962,8.9910646,10.60837677,8,Mandarin,FALSE,0.893916601,3.106083399,0
11.97727225,5.752516341,3.188031647,9,Malay,TRUE,0.643565608,3.356434392,0
11.17565989,5.608504082,34.34855649,8,English,FALSE,1.632793523,2.367206477,0
12.14961596,7.540251674,28.55297318,8,Malay,TRUE,1.468664449,2.531335551,0
11.16800437,9.324750669,42.88117242,9,Mandarin,TRUE,1.994299964,2.005700036,0
14.37555293,6.120555022,17.58352131,9,Malay,TRUE,1.151078456,2.848921544,0
13.47036832,5.531281458,22.81271606,8,English,TRUE,1.270440366,2.729559634,0
11.88268752,7.458442811,15.83113602,8,Mandarin,TRUE,1.041115837,2.958884163,0
14.7272049,8.66077441,17.52824898,9,English,FALSE,1.178154759,2.821845241,0
11.9447423,8.091611691,0.557241255,8,Malay,FALSE,0.538938248,3.461061752,0
12.87234592,7.090828327,30.64533099,8,Malay,FALSE,1.541142775,2.458857225,0
12.5593606,5.201990279,28.3892753,9,Mandarin,FALSE,1.483922686,2.516077314,0
10.60958265,6.502966445,21.35248454,8,English,FALSE,1.202874976,2.797125024,0
12.11895993,9.596257117,32.41142004,9,English,FALSE,1.657532838,2.342467162,0
10.38772806,6.114312304,23.50561864,9,Mandarin,FALSE,1.308541025,2.691458975,0
10.85275656,8.069773218,25.95367113,9,Malay,FALSE,1.414347669,2.585652331,0
13.93764133,9.537213679,0.119066908,8,Malay,TRUE,0.558717447,3.441282553,0
11.51330962,7.440547356,3.978422878,8,English,FALSE,0.642152666,3.357847334,0
10.44477944,7.231394331,9.042151568,8,Mandarin,FALSE,0.79816679,3.20183321,0
13.59479335,5.705319749,11.04122899,8,English,TRUE,0.881042097,3.118957903,0
14.01198267,9.903058195,27.1315548,8,Malay,TRUE,1.463535569,2.536464431,0
12.89038706,5.88334805,52.49465065,9,Malay,FALSE,2.297559039,1.702440961,0
14.57805816,7.407288784,24.36203075,8,English,FALSE,1.351921161,2.648078839,0
14.2472133,5.85664705,37.63154688,8,Malay,FALSE,1.7754235,2.2245765,0
12.76356445,6.741917429,1.548174144,9,Malay,TRUE,0.606660624,3.393339376,0
13.68505197,9.420044073,51.29072819,9,Mandarin,FALSE,2.3007419,1.6992581,0
11.64620918,8.216603588,6.78806966,9,Mandarin,FALSE,0.784897116,3.215102884,0
13.18142474,5.049221241,17.05733501,8,Mandarin,FALSE,1.070884293,2.929115707,0
14.88464091,9.833812348,49.00414923,8,Malay,FALSE,2.200656174,1.799343826,0
13.99936201,8.919537473,15.89265149,8,Mandarin,FALSE,1.078944045,2.921055955,0
11.87268346,9.987679915,15.47998701,9,English,FALSE,1.094603201,2.905396799,0
14.66182962,8.814333521,36.17916495,9,Malay,FALSE,1.800733796,2.199266204,0
14.12568284,8.824268289,54.19470509,8,English,FALSE,2.355989681,1.644010319,0
10.18610652,8.496894,12.81895793,8,Malay,TRUE,0.934128603,3.065871397,0
13.73002496,7.116230499,37.24909787,9,English,FALSE,1.81009915,2.18990085,0
14.88199637,6.574726228,36.01128592,8,Mandarin,FALSE,1.734943423,2.265056577,0
11.58853282,7.62593549,39.57137708,9,Malay,TRUE,1.871190586,2.128809414,0
11.37668194,5.891187845,56.80614724,8,Malay,FALSE,2.386216939,1.613783061,0
13.20033507,8.612155734,9.952908672,9,English,FALSE,0.90988853,3.09011147,0
10.55060998,9.98659565,39.26143957,9,Malay,TRUE,1.874086709,2.125913291,0
13.37487959,8.004672512,10.94280372,8,English,FALSE,0.898555645,3.101444355,0
11.13289773,9.282287633,18.85807234,8,Mandarin,TRUE,1.152754265,2.847245735,0
12.25765544,5.86164384,23.39769201,9,English,FALSE,1.32111606,2.67888394,0
14.45985104,9.12535225,50.12345192,8,English,FALSE,2.226633764,1.773366236,0
13.9839362,9.537167025,3.222601797,9,Malay,FALSE,0.702631092,3.297368908,0
10.53996009,9.194337813,44.01914749,8,Mandarin,TRUE,1.984647895,2.015352105,0
13.80692205,8.136297679,54.75552202,8,Mandarin,TRUE,2.364616264,1.635383736,0
12.05855415,9.631900275,4.754510389,9,Mandarin,FALSE,0.735388224,3.264611776,0
14.97220846,9.807335016,47.44380097,8,Mandarin,TRUE,2.149255467,1.850744533,0
11.49868068,9.076818229,6.458534919,8,Malay,FALSE,0.741039486,3.258960514,0
12.35299577,7.735573176,57.77121889,9,Malay,TRUE,2.486592986,1.513407014,0
11.705889,9.176495414,48.92188277,8,Malay,FALSE,2.15955327,1.84044673,0
12.9309634,6.859703528,41.69906041,8,Mandarin,TRUE,1.90787535,2.09212465,0
11.32937863,6.732957119,33.00356822,9,English,TRUE,1.640742298,2.359257702,0
14.56323412,6.739537208,55.24904929,9,Mandarin,TRUE,2.41466269,1.58533731,0
13.08494562,5.996091179,7.144277995,9,Mandarin,FALSE,0.788952968,3.211047032,0
14.71354912,8.114724317,7.307052811,8,Mandarin,TRUE,0.791851161,3.208148839,0
13.40258894,8.307390764,49.34937078,9,English,FALSE,2.222078823,1.777921177,0
10.92917278,9.298198091,28.93919269,9,English,FALSE,1.526913465,2.473086535,0
10.07709809,8.472553728,50.7033833,9,Malay,FALSE,2.235609295,1.764390705,0
12.03788653,8.899685711,23.43970335,8,Mandarin,FALSE,1.310699167,2.689300833,0
14.96755251,8.444160582,27.11161315,8,Mandarin,TRUE,1.457837569,2.542162431,0
14.38463902,8.485227538,19.92472018,8,Mandarin,FALSE,1.212856005,2.787143995,0
14.23400716,6.702742197,57.04429571,8,Mandarin,TRUE,2.430844017,1.569155983,0
12.84342107,9.829423873,27.89700268,9,Malay,FALSE,1.516628539,2.483371461,0
10.47419693,8.193954312,45.30582435,9,English,FALSE,2.056875657,1.943124343,0
10.07587545,7.935682614,41.75452895,9,Malay,TRUE,1.931933212,2.068066788,0
14.19311384,9.236083564,14.10521662,8,Malay,TRUE,1.024465861,2.975534139,0
10.88696308,7.104780244,54.83894303,9,Malay,TRUE,2.367882201,1.632117799,0
10.38348528,5.481262479,32.68092542,8,English,FALSE,1.568011658,2.431988342,0
13.54877969,6.20051287,51.34836284,9,Malay,TRUE,2.26910502,1.73089498,0
10.00587156,9.040458455,49.93127299,8,Mandarin,FALSE,2.174839066,1.825160934,0
13.70408805,8.659071921,3.520197893,8,Malay,TRUE,0.660971529,3.339028471,0
10.96165861,5.585943921,37.18636769,9,Mandarin,FALSE,1.765021615,2.234978385,0
11.60697217,5.348263618,47.33906803,9,Malay,TRUE,2.107521292,1.892478708,0
10.8584887,8.109530971,54.38989635,8,Malay,TRUE,2.322676742,1.677323258,0
13.88574048,9.693241251,30.37774099,8,Mandarin,FALSE,1.568381184,2.431618816,0
12.42386353,5.874603418,45.04275864,9,Mandarin,FALSE,2.044409958,1.955590042,0
10.82914919,7.745110798,58.17782581,9,Mandarin,TRUE,2.48500346,1.51499654,0
10.1926564,9.059837217,49.67054564,8,Mandarin,FALSE,2.168209791,1.831790209,0
14.93354776,7.64346325,51.26538997,9,Mandarin,FALSE,2.294616443,1.705383557,0
13.57183691,6.755632025,24.4369692,8,English,TRUE,1.337840329,2.662159671,0
13.39976231,8.952865552,5.501320285,8,English,TRUE,0.726903621,3.273096379,0
12.51404451,8.856129742,57.96171306,9,English,TRUE,2.505758845,1.494241155,0
12.17493071,9.152426961,41.74911365,9,Malay,TRUE,1.964910698,2.035089302,0
13.9798228,9.725509405,10.26983946,9,English,FALSE,0.939381304,3.060618696,0
14.13303806,5.75315557,58.42993167,9,Mandarin,TRUE,2.506526325,1.493473675,0
10.30550605,6.703904077,42.94716497,8,English,TRUE,1.921666267,2.078333733,0
14.29710196,9.929936571,5.42209963,8,English,FALSE,0.74300704,3.25699296,0
13.80775165,7.972681275,10.24880781,9,Malay,TRUE,0.919431256,3.080568744,0
12.4310638,8.350649683,51.92462333,9,Mandarin,FALSE,2.298637912,1.701362088,0
12.38162206,9.420476275,57.22994936,8,Malay,FALSE,2.445685962,1.554314038,0
14.1739843,8.455220513,21.88963866,8,English,TRUE,1.27594667,2.72405333,0
13.96780975,8.416168195,24.79571326,8,English,FALSE,1.370363555,2.629636445,0
10.69398424,5.522514956,23.72727285,9,Malay,TRUE,1.313074087,2.686925913,0
12.74597718,7.534204627,50.12137172,8,Malay,TRUE,2.193514209,1.806485791,0
14.84678714,8.365967172,27.19536818,8,Mandarin,TRUE,1.458639816,2.541360184,0
13.67730909,9.036458697,22.51543306,9,English,FALSE,1.337652113,2.662347887,0
14.86489144,7.066190484,37.31211763,8,Mandarin,FALSE,1.783048074,2.216951926,0
13.87998737,5.617675266,29.43197762,9,English,FALSE,1.536042547,2.463957453,0
12.6233072,6.829128126,32.0054067,9,English,TRUE,1.621371243,2.378628757,0
13.02451332,7.148676757,24.42078997,8,Malay,TRUE,1.335758233,2.664241767,0
13.54706691,8.755044787,27.63085155,9,English,TRUE,1.504049502,2.495950498,0
13.64413352,5.098904509,2.158519952,8,English,TRUE,0.579381045,3.420618955,0
13.73779401,6.928989115,55.54693929,9,Mandarin,FALSE,2.418232474,1.581767526,0
14.65129672,7.239418081,1.834365517,8,English,FALSE,0.600052665,3.399947335,0
11.54582462,7.750577979,46.36874404,8,English,FALSE,2.058588827,1.941411173,0
14.14736272,9.849997467,17.89612394,8,English,FALSE,1.156511066,2.843488934,0
12.84840851,8.703010312,6.73525724,8,English,TRUE,0.760022763,3.239977237,0
14.42664839,6.112146309,36.58165218,8,Malay,FALSE,1.744776353,2.255223647,0
13.15546873,8.168311548,42.417098,9,English,TRUE,1.987141069,2.012858931,0
14.67574364,6.730640258,37.81209819,8,English,FALSE,1.794467112,2.205532888,0
12.12016768,9.05707287,34.56502513,9,Malay,TRUE,1.72393991,2.27606009,0
10.49646397,5.855348631,32.17119267,9,English,FALSE,1.595891215,2.404108785,0
13.22431665,5.722515439,32.46352329,9,Malay,FALSE,1.631585764,2.368414236,0
13.87294704,5.506969392,51.92526572,8,Mandarin,TRUE,2.244641355,1.755358645,0
13.45717103,7.720523419,5.409219141,8,English,FALSE,0.712084249,3.287915751,0
13.62490726,5.616275341,9.442124872,9,Malay,FALSE,0.867149322,3.132850678,0
10.144403,5.208768023,48.75905903,8,Mandarin,FALSE,2.098833678,1.901166322,0
14.82461864,6.662280204,18.18239602,8,English,TRUE,1.140948856,2.859051144,0
11.32089689,8.990832915,46.29360792,8,Mandarin,FALSE,2.066237562,1.933762438,0
12.06931041,5.780369051,21.1617567,9,English,TRUE,1.243888685,2.756111315,0
12.09211368,6.789451326,55.52460701,9,Malay,TRUE,2.399635884,1.600364116,0
14.53377785,7.178690172,16.88002027,8,Malay,FALSE,1.099792022,2.900207978,0
13.71899819,9.379850712,25.61378229,8,Malay,TRUE,1.404781232,2.595218768,0
13.10103223,7.381816804,9.530488707,9,Malay,FALSE,0.882511447,3.117488553,0
10.5998618,7.559777064,40.00107188,8,Malay,FALSE,1.834965451,2.165034549,0
11.61714975,6.27312378,24.17286625,9,English,TRUE,1.344664944,2.655335056,0
12.45885774,8.342714875,56.47225091,8,Malay,FALSE,2.41042409,1.58957591,0
10.57450575,5.128311977,0.944880311,9,English,TRUE,0.548524188,3.451475812,0
12.8565385,9.822199502,23.2590828,9,English,TRUE,1.36209014,2.63790986,0
11.07170453,7.490601417,1.417776907,8,English,FALSE,0.55288229,3.44711771,0
14.12244641,5.30906626,19.74249162,9,English,TRUE,1.212398181,2.787601819,0
14.14469365,7.79585223,22.81471441,9,English,FALSE,1.339895939,2.660104061,0
12.99472915,7.56991084,15.48818375,9,English,TRUE,1.081919192,2.918080808,0
11.79750821,6.203512448,15.33186686,8,Malay,TRUE,1.011072435,2.988927565,0
10.2227758,6.044048062,15.60357133,8,Malay,FALSE,1.002787283,2.997212717,0
13.14494264,6.353829162,15.97539264,8,Malay,FALSE,1.047500806,2.952499194,0
13.92293039,5.648660048,16.93716984,9,English,TRUE,1.120288232,2.879711768,0
13.95199541,7.657112009,51.07787613,8,English,TRUE,2.238686945,1.761313055,0
12.42234738,9.394679868,2.343243205,9,English,TRUE,0.656278379,3.343721621,0
10.70212032,9.61563795,59.33458787,8,English,FALSE,2.500997178,1.499002822,0
10.32406983,9.764935311,16.89138996,8,Mandarin,TRUE,1.083936384,2.916063616,0
10.2786505,8.001870972,1.676769337,9,Mandarin,FALSE,0.598697526,3.401302474,0
11.24738807,8.107745281,10.50955021,8,Malay,TRUE,0.863869674,3.136130326,0
10.70742302,6.552583776,56.51197637,9,Malay,TRUE,2.416332613,1.583667387,0
10.8443354,9.426727857,59.85140865,8,English,TRUE,2.517757587,1.482242413,0
13.49496405,7.4407277,14.80518408,9,English,TRUE,1.062863054,2.937136946,0
10.89753619,6.396543137,13.5269561,8,Malay,TRUE,0.94383933,3.05616067,0
13.46167539,9.828339303,50.16541568,8,Malay,FALSE,2.22508067,1.77491933,0
11.75804758,8.526890729,54.85271488,9,Malay,FALSE,2.391273212,1.608726788,0
13.87389272,7.323257235,39.02166886,8,English,FALSE,1.832693795,2.167306205,0
10.79527141,5.343184168,56.14921891,9,Malay,TRUE,2.393025186,1.606974814,0
10.11682869,5.700808068,57.00074873,8,English,FALSE,2.378201325,1.621798675,0
10.44609804,5.982383461,45.58129531,8,Mandarin,TRUE,2.003661325,1.996338675,0
14.83073931,9.51420379,20.92250006,8,English,TRUE,1.2608661,2.7391339,0
12.68975051,9.857943947,8.96758035,9,Malay,TRUE,0.88439629,3.11560371,0
13.03515389,6.334893723,31.06035596,9,Mandarin,TRUE,1.589045675,2.410954325,0
14.83502894,7.491575075,17.37660559,8,Malay,TRUE,1.122486227,2.877513773,0
13.88002978,8.959426571,7.110109886,9,Mandarin,FALSE,0.825398226,3.174601774,0
10.56326179,6.923187604,23.63978706,9,English,FALSE,1.322857396,2.677142604,0
12.10886303,7.461886408,28.78594464,9,Malay,TRUE,1.515238982,2.484761018,0
14.10696497,9.438117603,39.71916912,8,Malay,TRUE,1.87942313,2.12057687,0
13.32496787,6.037555269,13.26836242,8,Malay,FALSE,0.955903979,3.044096021,0
11.07872005,9.969262317,52.10962112,8,Mandarin,TRUE,2.267467194,1.732532806,0
14.02853769,7.28153089,11.12650705,8,English,FALSE,0.903984254,3.096015746,0
12.7941741,6.291514774,59.8337857,8,Malay,FALSE,2.505316412,1.494683588,0
13.9415875,9.462469612,33.41274912,9,Mandarin,FALSE,1.707798875,2.292201125,0
13.13232525,5.382520088,8.810541722,8,Mandarin,FALSE,0.798833177,3.201166823,0
12.31436925,8.211596106,50.06361942,8,Malay,TRUE,2.194046968,1.805953032,0
13.64255582,5.308446044,15.22387046,8,English,TRUE,1.016972367,2.983027633,0
14.32823426,9.730963038,11.29878135,8,Mandarin,TRUE,0.937218018,3.062781982,0
12.32782643,8.198597084,8.087566267,8,Mandarin,TRUE,0.794849777,3.205150223,0
10.14893865,6.989853045,33.05368719,8,Malay,FALSE,1.59317749,2.40682251,0
12.96612438,7.122015224,52.75958914,8,Malay,FALSE,2.279534367,1.720465633,0
10.45168264,5.825682857,53.8266063,9,Malay,FALSE,2.316993865,1.683006135,0
11.62262003,6.800040567,47.13711506,9,Malay,TRUE,2.115463775,1.884536225,0
12.74890956,9.518994871,34.88683552,9,Mandarin,TRUE,1.745573562,2.254426438,0
11.72636314,9.026874785,31.79302143,9,Mandarin,FALSE,1.62729976,2.37270024,0
11.4046568,8.307410658,22.42630459,9,Mandarin,TRUE,1.304664161,2.695335839,0
10.10055672,9.838910889,2.64398392,9,Mandarin,FALSE,0.647527473,3.352472527,0
11.34635083,7.867183384,50.19533147,8,Mandarin,TRUE,2.185313058,1.814686942,0
11.92399186,5.881390647,59.96833449,9,Malay,TRUE,2.536998308,1.463001692,0
11.45126855,8.568075763,55.25082014,8,Mandarin,FALSE,2.361887448,1.638112552,0
13.14209351,7.959574889,55.98231316,9,English,TRUE,2.437093789,1.562906211,0
13.32905372,7.182735348,19.99338201,8,Malay,FALSE,1.191563958,2.808436042,0
13.899517,5.734908422,5.958350329,9,Malay,FALSE,0.754955932,3.245044068,0
10.92952513,8.388295129,52.29499105,9,Malay,FALSE,2.296344571,1.703655429,0
13.09463522,7.22032919,45.82859251,8,English,TRUE,2.050769394,1.949230606,0
12.15029793,7.893167156,23.42244364,9,Mandarin,FALSE,1.341182772,2.658817228,0
11.61441558,6.57701145,50.01465344,9,Mandarin,TRUE,2.209069385,1.790930615,0
12.41387336,5.778637866,8.324140512,8,Malay,TRUE,0.779396463,3.220603537,0
12.4064725,6.799537668,39.06505139,9,English,FALSE,1.854228482,2.145771518,0
13.19685225,9.26052414,57.20303314,8,Malay,TRUE,2.451341535,1.548658465,0
12.79609187,5.797829662,54.62509989,8,Mandarin,TRUE,2.326775879,1.673224121,0
13.15637217,7.356166503,45.65098495,9,Malay,FALSE,2.086824885,1.913175115,0
14.90247166,6.488042216,15.99496721,9,English,TRUE,1.107070712,2.892929288,0
14.05232561,9.811661189,6.153821499,9,Mandarin,FALSE,0.803767251,3.196232749,0
11.46029102,5.423367669,19.48416676,9,Malay,TRUE,1.178308812,2.821691188,0
12.66743281,6.226744888,37.04120633,8,English,TRUE,1.743648655,2.256351345,0
11.14680503,7.247783707,18.99035437,9,English,FALSE,1.1769577,2.8230423,0
12.59443974,6.236390551,24.7868615,9,English,FALSE,1.374537019,2.625462981,0
13.56041181,8.532963737,24.21637659,9,English,FALSE,1.388146308,2.611853692,0
10.32885414,6.854425653,20.14960361,9,Mandarin,FALSE,1.203486252,2.796513748,0
10.68712175,8.903884665,55.4070946,9,English,TRUE,2.402813217,1.597186783,0
10.03655315,7.756367236,19.19715436,8,Malay,FALSE,1.137834349,2.862165651,0
11.89333828,7.134120066,59.61163663,8,English,FALSE,2.497329138,1.502670862,0
13.83657639,6.8243806,12.56004812,9,Mandarin,TRUE,0.98527784,3.01472216,0
12.24757926,6.110093355,52.35750073,8,Mandarin,FALSE,2.24882675,1.75117325,0
12.85391476,6.262791965,43.9402283,9,Malay,TRUE,2.015841344,1.984158656,0
12.94935331,5.881898519,40.12830423,8,Malay,TRUE,1.845922659,2.154077341,0
10.44770272,9.258726249,26.72089411,9,Malay,TRUE,1.44776076,2.55223924,0
10.87228581,7.741418481,48.99522724,9,Malay,TRUE,2.179311284,1.820688716,0
14.57607113,7.414375895,29.53313407,8,English,TRUE,1.524342273,2.475657727,0
12.29355509,6.611255197,8.13241943,8,English,FALSE,0.780128751,3.219871249,0
12.09306301,7.584344628,16.82983695,8,English,FALSE,1.077768641,2.922231359,0
13.75493247,9.41277072,10.94576491,8,Malay,TRUE,0.916535862,3.083464138,0
10.22596597,9.280493168,34.17680453,9,Malay,TRUE,1.694291409,2.305708591,0
14.20390674,7.995455236,39.32432946,8,Malay,TRUE,1.852804602,2.147195398,0
13.35217659,7.649785219,20.15607978,8,English,FALSE,1.201888944,2.798111056,0
10.72461983,6.128909595,2.370948298,9,English,TRUE,0.607566904,3.392433096,0
10.32462139,8.464640678,39.52425668,8,Malay,FALSE,1.825367843,2.174632157,0
10.01444255,9.266589337,3.717585988,8,Malay,FALSE,0.636729852,3.363270148,0
11.47076398,6.528456539,57.9404099,9,English,FALSE,2.471339202,1.528660798,0
11.62400029,7.1777039,53.23666455,8,Malay,TRUE,2.282572527,1.717427473,0
10.88403572,5.533551895,49.85289658,8,English,FALSE,2.145939096,1.854060904,0
11.43545102,9.290987752,22.05257758,9,English,FALSE,1.302350307,2.697649693,0
12.81018898,5.488542273,44.69957403,9,Malay,TRUE,2.032973114,1.967026886,0
10.56429653,8.521687072,2.751159133,9,Malay,TRUE,0.64256514,3.35743486,0
11.00569533,5.93489842,5.378081461,9,Malay,FALSE,0.708675319,3.291324681,0
12.80995203,8.668243445,29.67276915,8,Mandarin,FALSE,1.52387426,2.47612574,0
13.52236485,8.213393941,35.20592149,8,Mandarin,FALSE,1.710888304,2.289111696,0
14.65635376,8.451977205,46.0170427,9,Malay,FALSE,2.124984733,1.875015267,0
12.55277029,8.178989625,17.86285498,9,Mandarin,TRUE,1.162746099,2.837253901,0
10.56612114,6.983353116,32.55629724,8,English,FALSE,1.580704651,2.419295349,0
12.95764111,8.100966045,3.752554552,8,English,FALSE,0.655671223,3.344328777,0
14.97681673,6.173268696,28.25206477,8,English,TRUE,1.473236347,2.526763653,0
14.41532261,6.369686293,40.27562688,9,English,TRUE,1.910370985,2.089629015,0
13.90081321,5.325666073,59.37849556,9,English,FALSE,2.531547978,1.468452022,0
13.67298034,8.064138275,46.07762329,9,English,FALSE,2.113291962,1.886708038,0
13.77777782,9.203974935,59.72890344,9,English,FALSE,2.580780976,1.419219024,0
10.45354312,6.892249914,29.87493774,9,English,TRUE,1.529289189,2.470710811,0
12.60089538,6.043391361,25.97713847,9,Mandarin,FALSE,1.412347483,2.587652517,0
13.44789947,9.119648091,50.05238169,9,Mandarin,TRUE,2.254088199,1.745911801,0
10.36361124,8.220632151,27.7431058,9,Malay,TRUE,1.470612627,2.529387373,0
14.57378858,9.467648279,45.36828701,9,English,TRUE,2.112690602,1.887309398,0
10.63843826,5.031218268,59.67018365,8,English,TRUE,2.465702687,1.534297313,0
10.44097893,7.005782266,43.47575465,8,English,FALSE,1.943659434,2.056340566,0
10.61721591,9.504790333,0.858171339,8,Mandarin,FALSE,0.549825774,3.450174226,0
12.11617859,8.376914664,10.8170007,9,Malay,FALSE,0.925497622,3.074502378,0
12.71587882,7.344330759,16.57608276,8,Mandarin,TRUE,1.073138188,2.926861812,0
10.47369486,7.072744093,49.32812839,9,English,TRUE,2.179735336,1.820264664,0
13.92992291,9.475802386,55.92799722,9,Mandarin,FALSE,2.458323827,1.541676173,0
11.00080464,9.158975499,38.98185762,8,Mandarin,TRUE,1.820993055,2.179006945,0
12.80232208,5.061558927,5.282230232,8,Mandarin,FALSE,0.674713151,3.325286849,0
12.455615,5.605450287,29.9714639,8,Mandarin,TRUE,1.499659449,2.500340551,0
14.5281779,7.561576584,51.5425431,8,English,TRUE,2.258982315,1.741017685,0
14.46651745,5.57318102,21.73113885,9,English,FALSE,1.28476828,2.71523172,0
11.19206053,6.373820222,3.916422135,8,Mandarin,TRUE,0.626206212,3.373793788,0
12.69212546,9.174543546,46.77484055,9,English,TRUE,2.137828042,1.862171958,0
14.92700068,6.930696336,39.4271817,9,Mandarin,FALSE,1.89281636,2.10718364,0
11.65923625,7.254572858,28.01828075,9,Malay,FALSE,1.483080783,2.516919217,0
10.36834636,5.870955059,50.98836775,8,Malay,TRUE,2.182005272,1.817994728,0
13.59016223,8.011570158,50.98273728,9,English,TRUE,2.2754419,1.7245581,0
12.51596908,5.601550752,42.05756813,9,English,FALSE,1.943094136,2.056905864,0
14.69816448,8.151106958,56.53909814,9,English,TRUE,2.473129319,1.526870681,0
12.87599902,8.7336792,27.23664241,9,Mandarin,TRUE,1.483984863,2.516015137,0
12.55748216,9.368044557,43.73573397,9,Malay,TRUE,2.037113066,1.962886934,0
14.57423438,7.912239431,49.84090644,9,Malay,TRUE,2.246228286,1.753771714,0
11.90191751,6.659772265,38.13566472,9,English,FALSE,1.816805722,2.183194278,0
12.98723172,9.258383696,33.18661896,9,Malay,FALSE,1.688676786,2.311323214,0
14.22852868,7.983121366,43.91989642,9,English,FALSE,2.046113048,1.953886952,0
12.98793389,6.790688013,21.2703171,8,English,TRUE,1.226796789,2.773203211,0
11.48897922,6.612696736,21.98581683,8,Malay,FALSE,1.23387732,2.76612268,0
12.79161085,6.603070791,58.59679917,8,Malay,FALSE,2.467173456,1.532826544,0
12.16012859,5.281717231,7.130263042,9,Mandarin,FALSE,0.772093893,3.227906107,0
14.92356849,5.506671878,50.5198358,9,English,FALSE,2.24829693,1.75170307,0
10.25471294,5.448535885,47.32475515,9,Mandarin,TRUE,2.094524327,1.905475673,0
13.83984207,6.560939846,3.249617257,8,Mandarin,FALSE,0.632328394,3.367671606,0
10.12007651,7.369883439,42.21014257,8,Malay,FALSE,1.901904352,2.098095648,0
13.01957302,5.737900042,5.633006162,8,Malay,TRUE,0.695341603,3.304658397,0
12.15468294,9.139756341,12.63007955,8,Malay,FALSE,0.953947044,3.046052956,0
14.55221902,5.328081942,57.49285186,9,Mandarin,TRUE,2.475231405,1.524768595,0
12.69670216,9.726558305,21.72903289,9,Malay,TRUE,1.308533701,2.691466299,0
14.13666749,5.372170175,3.408109035,8,Malay,FALSE,0.628692011,3.371307989,0
13.36070769,9.473331006,31.27188689,9,English,FALSE,1.630736616,2.369263384,0
12.23529511,6.303541116,12.38480522,8,Malay,FALSE,0.918215203,3.081784797,0
11.68855663,9.93373381,25.57975172,9,English,FALSE,1.428881295,2.571118705,0
10.58518396,7.606639132,6.099478148,9,Mandarin,TRUE,0.745234169,3.254765831,0
10.06759527,5.09153841,5.758133377,8,English,TRUE,0.663529116,3.336470884,0
10.00698104,6.413345151,30.24858,9,Malay,FALSE,1.532489262,2.467510738,0
11.1295247,9.700817012,20.15263661,8,English,FALSE,1.200057971,2.799942029,0
12.80460799,6.498329093,9.31621921,8,Malay,FALSE,0.823570011,3.176429989,0
14.87747272,6.798041341,34.82226188,8,Mandarin,TRUE,1.697497203,2.302502797,0
13.526145,5.220741036,3.731527399,8,English,TRUE,0.631853107,3.368146893,0
10.35341411,6.266282034,45.16433018,9,Malay,TRUE,2.031674634,1.968325366,0
13.22603569,6.296600771,3.080287703,9,Malay,FALSE,0.657902621,3.342097379,0
12.42747821,8.579869136,58.22226293,8,English,TRUE,2.470815571,1.529184429,0
13.18091717,7.528841391,44.13748316,9,English,FALSE,2.038347024,1.961652976,0
13.11595947,5.805038404,53.83276096,9,Mandarin,FALSE,2.343635344,1.656364656,0
10.71972484,8.977996962,26.396945,8,Malay,TRUE,1.396875385,2.603124615,0
14.59729831,8.057593749,3.484862386,8,Malay,FALSE,0.662711,3.337289,0
12.77270772,6.342296525,13.76640637,8,English,TRUE,0.970030255,3.029969745,0
13.50380651,6.11891822,58.26569792,9,English,TRUE,2.498417178,1.501582822,0
11.93539382,9.624540339,37.13349493,9,Mandarin,TRUE,1.813382506,2.186617494,0
10.61145739,8.185281361,13.67229977,8,English,FALSE,0.963710713,3.036289287,0
13.45464852,9.037083725,28.96905516,8,English,TRUE,1.510552495,2.489447505,0
14.71244373,6.127587167,19.04648168,9,Mandarin,FALSE,1.203283032,2.796716968,0
12.90566249,7.9436802,29.38306467,8,English,TRUE,1.507928916,2.492071084,0
10.99323459,5.267447931,50.19744927,8,Malay,TRUE,2.155855134,1.844144866,0
13.11626165,7.973601763,13.35332945,9,Malay,FALSE,1.016009616,2.983990384,0
12.14465886,6.01791288,23.94528198,9,Mandarin,TRUE,1.339801784,2.660198216,0
11.99519118,8.345463974,26.76539906,8,Mandarin,FALSE,1.41558652,2.58441348,0
14.56752384,9.659832015,35.22320587,8,Mandarin,FALSE,1.736380421,2.263619579,0
13.68540913,7.293548711,4.663710454,9,English,FALSE,0.725246594,3.274753406,0
12.5438677,6.526981635,12.42069517,8,English,TRUE,0.924731666,3.075268334,0
12.08750704,5.616336023,23.86996113,8,Malay,FALSE,1.292703802,2.707296198,0
11.21463855,8.352958624,48.56044294,8,Mandarin,TRUE,2.134357403,1.865642597,0
11.7173189,7.920888831,11.21052569,8,Mandarin,TRUE,0.890066267,3.109933733,0
12.70308296,7.722853482,52.89142743,8,Mandarin,FALSE,2.287306946,1.712693054,0
10.24171066,9.679830325,20.34984057,8,Malay,TRUE,1.197543429,2.802456571,0
11.7875897,9.890776585,15.23036087,9,Mandarin,FALSE,1.084462358,2.915537642,0
12.47043541,8.584918954,24.56293788,8,Malay,FALSE,1.34931814,2.65068186,0
13.04147444,5.979946949,33.2224645,9,Mandarin,FALSE,1.657629697,2.342370303,0
13.71550359,9.733817097,44.03844924,9,Malay,FALSE,2.062441515,1.937558485,0
10.06915826,6.724633307,28.61652169,8,Malay,FALSE,1.441821972,2.558178028,0
11.47401864,5.395774668,49.0801782,8,English,TRUE,2.124703873,1.875296127,0
11.3047851,6.205423946,49.12457477,9,Malay,FALSE,2.172587916,1.827412084,0
12.60639776,9.151882194,0.104396957,9,Mandarin,FALSE,0.581062698,3.418937302,0
12.33006503,6.018824036,47.49498578,8,Mandarin,TRUE,2.086655083,1.913344917,0
10.39950366,6.975336977,26.56521411,8,Malay,TRUE,1.379255544,2.620744456,0
13.80675735,6.367530347,58.02523339,8,Malay,TRUE,2.455917323,1.544082677,0
13.43635539,5.239087942,49.21358901,9,English,TRUE,2.1872074,1.8127926,0
14.10572108,7.808595626,23.04042866,8,Malay,TRUE,1.307157456,2.692842544,0
10.55517379,8.143785085,38.07797051,8,English,FALSE,1.776255273,2.223744727,0
12.53116176,8.955736129,11.65462649,8,Mandarin,FALSE,0.923356528,3.076643472,0
13.01861039,7.073302556,17.4209671,9,English,FALSE,1.141618033,2.858381967,0
10.24469814,5.706652414,12.12632586,9,Malay,TRUE,0.923724368,3.076275632,0
14.79707858,8.260778993,45.0693788,9,Mandarin,TRUE,2.092891202,1.907108798,0
13.97217034,9.450325981,0.49296114,8,Malay,TRUE,0.570657001,3.429342999,0
11.21825864,5.599106823,24.43638637,8,Malay,TRUE,1.302719867,2.697280133,0
13.14375745,5.91308454,50.2539599,8,Mandarin,TRUE,2.185700417,1.814299583,0
10.71688284,6.645990585,42.54480164,9,English,FALSE,1.951788789,2.048211211,0
14.36605176,8.251482318,25.30526474,8,English,TRUE,1.389684165,2.610315835,0
10.49170671,7.619061808,37.98260092,9,English,FALSE,1.807194382,2.192805618,0
14.52047237,8.561842554,25.90787378,8,English,FALSE,1.414418942,2.585581058,0
14.13929253,5.156688258,50.64045096,8,English,TRUE,2.20097484,1.79902516,0
12.39113105,9.052288874,34.3560962,8,English,TRUE,1.679637406,2.320362594,0
13.26299695,9.937412655,37.95708844,9,Mandarin,FALSE,1.857240377,2.142759623,0
11.22905557,5.233322432,59.31727399,8,Malay,TRUE,2.461866246,1.538133754,0
11.92175141,7.477077367,46.20643798,8,Mandarin,TRUE,2.054202887,1.945797113,0
11.08722351,8.699571094,17.15756969,9,Malay,FALSE,1.129786936,2.870213064,0
12.63808796,7.381996893,46.37844761,9,Mandarin,TRUE,2.106149102,1.893850898,0
11.59339672,7.96469887,55.7092049,9,Malay,TRUE,2.412554453,1.587445547,0
11.75773668,9.604634776,17.70457664,9,Malay,FALSE,1.163776269,2.836223731,0
12.2138259,7.69921794,49.03796106,9,Mandarin,TRUE,2.19372914,1.80627086,0
14.36296058,6.182974293,14.26928613,8,English,TRUE,1.00110222,2.99889778,0
12.74309747,8.693134201,26.0420043,8,Malay,FALSE,1.402429127,2.597570873,0
14.03298023,6.877146392,41.4103756,8,Mandarin,TRUE,1.909447119,2.090552881,0
14.24276027,6.425575391,14.61165169,9,Malay,FALSE,1.053738413,2.946261587,0
11.2271419,6.242027182,11.23771777,9,English,TRUE,0.909282283,3.090717717,0
13.88844767,5.396818051,27.75261949,9,Malay,TRUE,1.477939974,2.522060026,0
13.24331113,9.6645367,46.99209194,8,English,TRUE,2.115481543,1.884518457,0
12.53702686,7.816787778,35.75179288,9,Malay,FALSE,1.755264576,2.244735424,0
10.44333473,9.77550307,42.07287593,8,English,TRUE,1.924617576,2.075382424,0
12.86169184,9.308944105,41.3566273,9,Malay,TRUE,1.960260603,2.039739397,0
10.77690479,5.151142385,32.66993536,8,English,FALSE,1.568278317,2.431721683,0
14.08127657,6.236426256,18.93661054,8,Malay,FALSE,1.15439738,2.84560262,0
14.67310905,6.576806183,25.30267352,9,Mandarin,TRUE,1.415921603,2.584078397,0
12.39053827,7.449109047,22.83722838,9,Malay,TRUE,1.319637419,2.680362581,0
12.20263589,8.580642978,4.744182737,9,English,TRUE,0.725972213,3.274027787,0
12.44391146,8.403842079,53.90773567,8,English,TRUE,2.325402058,1.674597942,0
10.33591046,9.936359706,38.51129666,9,Malay,FALSE,1.84643259,2.15356741,0
11.18490778,9.616613004,51.43133991,8,Malay,FALSE,2.242393205,1.757606795,0
14.70305428,5.931333593,46.56362798,9,Malay,TRUE,2.118464811,1.881535189,0
11.725372,9.299335663,4.09771719,9,English,TRUE,0.70683765,3.29316235,0
12.95678865,9.214676311,12.97842265,8,Mandarin,FALSE,0.974328738,3.025671262,0
13.24570871,7.873991977,57.04407831,9,Mandarin,FALSE,2.472666284,1.527333716,0
14.38578006,6.690603892,27.71583246,8,Mandarin,FALSE,1.454624921,2.545375079,0
11.19089172,6.043083975,48.71641778,8,English,TRUE,2.11622035,1.88377965,0
14.45065047,6.062286793,34.52860405,9,English,TRUE,1.716082841,2.283917159,0
11.9582801,6.68913087,49.41371297,8,Mandarin,FALSE,2.153597876,1.846402124,0
14.60888529,7.519732536,44.07649275,9,Mandarin,TRUE,2.050502603,1.949497397,0
12.05658969,7.919104405,16.7838867,9,English,FALSE,1.119219831,2.880780169,0
10.51979991,6.625200391,59.47287221,8,English,TRUE,2.473879077,1.526120923,0
10.26061455,6.782895671,29.43125761,8,English,FALSE,1.471477023,2.528522977,0
14.83643994,5.067596847,35.09964917,8,English,TRUE,1.689028674,2.310971326,0
10.60668084,5.010597573,32.42610198,8,English,FALSE,1.55704285,2.44295715,0
12.70595813,9.535912269,53.1109225,8,English,TRUE,2.312782787,1.687217213,0
12.63489748,5.070068628,16.7933965,9,Mandarin,TRUE,1.096829544,2.903170456,0
12.00678618,5.165607102,3.702745912,8,English,FALSE,0.615148797,3.384851203,0
12.09015456,6.02817654,25.68556816,8,Malay,FALSE,1.357368916,2.642631084,0
12.37858064,8.716992433,55.09912922,8,English,TRUE,2.367593371,1.632406629,0
10.49767131,8.394602075,26.35874467,9,English,TRUE,1.427547556,2.572452444,0
13.95453432,8.235885378,16.65368829,9,Mandarin,FALSE,1.13702714,2.86297286,0
11.88531894,7.874765816,37.10975738,8,Mandarin,FALSE,1.75459276,2.24540724,0
11.22269793,6.008494984,44.25286387,8,English,TRUE,1.967407392,2.032592608,0
11.59133656,6.989668702,27.76540228,8,English,TRUE,1.431323462,2.568676538,0
13.059349,7.390500121,22.80166113,8,Malay,TRUE,1.284553862,2.715446138,0
13.8755254,7.912214043,21.87026559,8,Mandarin,FALSE,1.266886248,2.733113752,0
10.76709849,5.992146548,25.27875532,9,Mandarin,TRUE,1.370217628,2.629782372,0
12.96284394,8.645168323,50.56029001,8,English,FALSE,2.221423123,1.778576877,0
12.11206149,6.544573041,28.95362765,9,English,TRUE,1.511687267,2.488312733,0
14.30986039,8.30112035,18.86136255,9,Malay,TRUE,1.214821892,2.785178108,0
14.7464954,7.569915825,10.93889706,8,Malay,FALSE,0.907794014,3.092205986,0
13.39271191,7.961072304,16.95696862,9,Malay,FALSE,1.138770129,2.861229871,0
12.94902571,7.065742031,27.76378804,8,Malay,FALSE,1.445607279,2.554392721,0
13.90177734,7.225345273,32.8688373,9,Malay,FALSE,1.666899136,2.333100864,0
12.47903023,9.340938309,37.28935809,9,English,FALSE,1.821178289,2.178821711,0
10.27686176,7.379376687,4.282765019,9,English,TRUE,0.679321218,3.320678782,0
13.50547925,8.969444118,36.79025597,8,Mandarin,TRUE,1.771091099,2.228908901,0
12.90192291,6.975122923,21.11959058,9,Mandarin,FALSE,1.262756811,2.737243189,0
10.75718885,8.50266071,15.41818716,8,Mandarin,TRUE,1.026538068,2.973461932,0
11.06483498,6.164475992,19.86358931,8,English,FALSE,1.154412753,2.845587247,0
11.15338278,9.585095004,47.06793176,9,Mandarin,FALSE,2.136315837,1.863684163,0
13.66204832,9.836381667,48.19728349,9,Mandarin,FALSE,2.201560416,1.798439584,0
12.59185987,9.506621858,6.225475823,9,Malay,FALSE,0.788500678,3.211499322,0
10.23947176,6.732086817,29.68042847,9,Malay,TRUE,1.519063202,2.480936798,0
14.18982523,6.382450349,31.76990418,9,Mandarin,FALSE,1.624719562,2.375280438,0
13.22483215,5.91219812,1.812855969,8,Malay,FALSE,0.571798835,3.428201165,0
13.66575087,9.364971378,43.02379378,9,Mandarin,FALSE,2.024433682,1.975566318,0
14.68718401,5.593082245,22.00764109,8,Malay,TRUE,1.256390699,2.743609301,0
11.30083815,8.211651448,25.07986338,8,English,TRUE,1.351120342,2.648879658,0
12.94804193,6.657319914,36.59570192,8,English,TRUE,1.735910349,2.264089651,0
13.80074221,5.939589974,28.13642626,9,English,FALSE,1.495284197,2.504715803,0
12.56395876,5.92242649,44.87699428,8,Mandarin,FALSE,2.000763662,1.999236338,0
12.43034909,9.354850455,35.75151691,9,Mandarin,TRUE,1.769569226,2.230430774,0
14.64362092,9.29910268,13.56209452,8,Mandarin,FALSE,1.011497053,2.988502947,0
11.21801542,6.360143845,52.22927009,9,Malay,TRUE,2.276757262,1.723242738,0
13.26442324,5.168834673,12.94756662,9,Mandarin,FALSE,0.975918133,3.024081867,0
14.85144125,9.345433893,42.81196489,8,Mandarin,TRUE,1.989034248,2.010965752,0
11.09993585,5.286626718,47.53255982,8,English,FALSE,2.068284286,1.931715714,0
12.31205894,5.423600928,41.29693178,8,Mandarin,TRUE,1.873920991,2.126079009,0
14.87718646,9.109603507,25.30827005,9,Malay,TRUE,1.443476901,2.556523099,0
10.1792707,9.086097997,52.67717834,9,English,FALSE,2.308559632,1.691440368,0
13.14927291,6.012448463,19.66198289,9,English,TRUE,1.207016643,2.792983357,0
12.02270702,5.191091715,41.22457588,9,Malay,FALSE,1.906290517,2.093709483,0
13.85546037,5.314910991,52.65978363,9,Mandarin,TRUE,2.307029835,1.692970165,0
11.6162033,7.266946207,9.325675591,8,English,FALSE,0.819687348,3.180312652,0
11.86441681,7.091172911,39.15811271,8,English,TRUE,1.814826321,2.185173679,0
12.57818414,5.911444805,54.05755407,9,Mandarin,FALSE,2.346814759,1.653185241,0
11.72941058,9.545201308,6.184876065,8,Malay,TRUE,0.738908654,3.261091346,0
11.29787149,7.762046078,8.745195355,8,Mandarin,TRUE,0.802105688,3.197894312,0
11.77666885,9.036694621,22.69533729,9,Malay,TRUE,1.324644878,2.675355122,0
14.53975497,5.518630074,59.65864604,9,Mandarin,TRUE,2.549205385,1.450794615,0
11.71337674,9.867292682,13.43614712,9,English,FALSE,1.023678265,2.976321735,0
14.49716184,9.048688234,19.48321465,8,Mandarin,FALSE,1.204898989,2.795101011,0
11.02509835,6.439120211,50.10580363,9,Mandarin,TRUE,2.20483564,1.79516436,0
13.36090394,5.103927755,7.844601449,9,English,TRUE,0.806135032,3.193864968,0
13.72481198,5.822543938,59.77238276,8,English,TRUE,2.507886318,1.492113682,0
10.55682915,7.092530828,44.33169983,9,Malay,TRUE,2.014216928,1.985783072,0
12.71993053,5.014927262,57.5502213,8,Malay,FALSE,2.415689288,1.584310712,0
10.06543301,5.204202544,8.663879673,9,Mandarin,FALSE,0.801492345,3.198507655,0
14.64113045,5.493180109,13.94623967,9,Mandarin,FALSE,1.026217761,2.973782239,0
12.62131053,9.0485823,22.24649019,9,English,TRUE,1.318248601,2.681751399,0
10.18382996,7.734329025,3.060681104,9,English,FALSE,0.641204293,3.358795707,0
13.41611457,5.954903792,3.641498653,9,Mandarin,TRUE,0.675093472,3.324906528,0
14.42853785,6.322331361,54.22928527,9,Mandarin,FALSE,2.375151535,1.624848465,0
13.68760585,8.210893744,2.564895772,9,Mandarin,FALSE,0.664481522,3.335518478,0
10.66870832,6.593050776,44.99758195,8,Malay,TRUE,1.992536989,2.007463011,0
12.69943898,8.410662523,43.05854006,8,Mandarin,FALSE,1.966385684,2.033614316,0
13.6654927,8.891141217,4.368876491,8,English,FALSE,0.691195556,3.308804444,0
14.00285031,6.533122165,11.25814591,9,Mandarin,FALSE,0.940631255,3.059368745,0
10.08001007,6.832563455,27.28903834,8,English,FALSE,1.398760347,2.601239653,0
11.4186973,5.250371102,38.49943118,8,English,TRUE,1.770005057,2.229994943,0
14.42321877,9.098991694,53.74961091,8,Malay,FALSE,2.346875802,1.653124198,0
11.29215931,8.030351797,31.60991376,8,English,FALSE,1.566888903,2.433111097,0
12.36266064,9.441342474,56.18200645,8,Malay,TRUE,2.410773579,1.589226421,0
13.48332605,5.944598082,11.41532932,9,Mandarin,FALSE,0.934790218,3.065209782,0
14.92799369,9.803002209,37.36680115,8,English,FALSE,1.812869997,2.187130003,0
12.12930187,8.533678363,50.6784261,8,Mandarin,TRUE,2.215910672,1.784089328,0
12.51837311,5.983051702,13.9994792,8,Mandarin,FALSE,0.971663555,3.028336445,0
12.79314785,7.314859066,47.31272034,9,English,FALSE,2.138170747,1.861829253,0
11.17082695,8.494754732,24.01735363,9,Mandarin,FALSE,1.357234271,2.642765729,0
11.84339177,5.08486324,59.97745047,8,English,FALSE,2.488530899,1.511469101,0
12.17233144,8.901433215,5.493087151,9,English,FALSE,0.753840552,3.246159448,0
10.09661703,9.738401423,33.19633852,9,Mandarin,FALSE,1.664894802,2.335105198,0
10.03807254,5.407481827,46.98209945,8,English,TRUE,2.040525525,1.959474475,0
11.12154313,9.490588805,40.57179854,9,Malay,FALSE,1.918514604,2.081485396,0
12.56111712,7.322219646,30.33509571,8,Malay,TRUE,1.530003225,2.469996775,0
14.77845801,7.577993585,30.78653874,9,Mandarin,FALSE,1.609782474,2.390217526,0
14.86302196,9.200540062,24.3257734,9,English,FALSE,1.411494733,2.588505267,0
13.23592273,7.948290563,20.53802551,9,Mandarin,TRUE,1.256442983,2.743557017,0
14.13504662,6.757128777,35.61999269,8,Mandarin,TRUE,1.716254844,2.283745156,0
14.50349692,8.662955533,44.90204741,9,English,FALSE,2.088399438,1.911600562,0
14.19569015,5.69163577,16.7562323,9,Mandarin,TRUE,1.117414336,2.882585664,0
12.71853641,8.331375722,56.79713352,9,English,TRUE,2.463736905,1.536263095,0
13.52086794,8.873118889,21.88910393,9,English,TRUE,1.313576666,2.686423334,0
10.0182062,6.673848459,26.0384826,9,Mandarin,FALSE,1.394869967,2.605130033,0
13.24035567,9.851163448,24.66840193,8,Malay,TRUE,1.373195256,2.626804744,0
12.12931873,8.203009326,6.680386528,9,Malay,TRUE,0.786002831,3.213997169,0
13.22356108,5.478393495,6.954664464,9,Malay,FALSE,0.778841695,3.221158305,0
13.47203893,9.831422133,47.71625661,8,English,FALSE,2.143576498,1.856423502,0
10.48947932,8.719965331,22.8793994,8,Mandarin,TRUE,1.274741093,2.725258907,0
14.37270728,8.478223836,12.95925575,8,English,TRUE,0.980484503,3.019515497,0
10.87865899,6.266248742,42.46202624,9,Mandarin,TRUE,1.946849952,2.053150048,0
10.05230166,7.365734437,57.58444311,8,English,FALSE,2.413661798,1.586338202,0
12.14853536,9.505254523,56.20814418,9,Mandarin,TRUE,2.450142705,1.549857295,0
10.44832925,6.54077189,43.40442395,9,Malay,TRUE,1.976705143,2.023294857,0
14.77988647,7.116659197,11.49734995,8,Malay,TRUE,0.922210455,3.077789545,0
11.41906078,6.28375991,9.245564654,8,Malay,FALSE,0.805213695,3.194786305,0
11.11799798,6.079508328,52.26038809,8,Malay,TRUE,2.233987999,1.766012001,0
11.30994858,5.218575272,57.76885574,9,Mandarin,TRUE,2.450913763,1.549086237,0
11.4167806,8.684498767,37.33912233,9,Mandarin,FALSE,1.805650205,2.194349795,0
10.312867,5.45379601,54.07527664,9,Malay,FALSE,2.320175851,1.679824149,0
12.70003293,7.656621138,48.89339672,9,Mandarin,FALSE,2.193346431,1.806653569,0
10.09002604,5.248977403,9.240766747,8,English,TRUE,0.781415593,3.218584407,0
13.73385152,9.9193847,13.37817943,9,Mandarin,TRUE,1.042471676,2.957528324,0
13.83865146,8.54722886,4.065551134,9,Mandarin,FALSE,0.719377174,3.280622826,0
11.99848945,8.151923162,28.44341468,8,English,TRUE,1.469617949,2.530382051,0
14.85409495,5.931967107,19.43689231,8,Malay,FALSE,1.175757031,2.824242969,0
13.90896765,7.64027031,25.5627615,9,English,TRUE,1.42758443,2.57241557,0
10.61532761,7.517790397,0.51983714,9,Malay,TRUE,0.558659085,3.441340915,0
14.89924128,6.793243424,43.27464086,9,English,FALSE,2.019412876,1.980587124,0
14.2256107,5.780559727,12.03430116,8,Malay,FALSE,0.921205076,3.078794924,0
13.51995298,6.835654675,22.09595458,9,English,FALSE,1.300087896,2.699912104,0
13.26724659,8.045520351,24.14254744,9,Mandarin,TRUE,1.377879251,2.622120749,0
13.02375025,7.436751892,3.974660885,8,English,TRUE,0.657093718,3.342906282,0
14.95112989,7.850221215,21.93088616,8,English,TRUE,1.27904305,2.72095695,0
12.39246196,7.860089449,53.99081386,8,Malay,TRUE,2.322219309,1.677780691,0
10.82914006,6.223373936,53.59220793,9,Malay,FALSE,2.316932071,1.683067929,0
11.47229327,5.554875998,1.47539463,8,Mandarin,TRUE,0.539451514,3.460548486,0
11.87608265,7.608757025,1.787384256,8,English,TRUE,0.574427872,3.425572128,0
11.58215252,9.461860829,35.63794063,8,Mandarin,FALSE,1.718371488,2.281628512,0
10.15176104,9.976829796,12.28937859,9,Malay,TRUE,0.970931861,3.029068139,0
10.36863565,8.929497778,53.91067867,8,English,TRUE,2.310003957,1.689996043,0
10.02464139,6.105583998,28.97125282,8,Mandarin,TRUE,1.447010681,2.552989319,0
13.39555951,8.151616807,19.54758048,8,Mandarin,FALSE,1.187057779,2.812942221,0
13.32252093,6.194332062,57.19661516,9,Malay,TRUE,2.461722368,1.538277632,0
10.34064542,7.882261527,19.07568792,8,English,TRUE,1.138085333,2.861914667,0
11.57592217,7.403440215,19.24971184,8,Malay,TRUE,1.151450685,2.848549315,0
11.41506116,6.907778473,7.985828306,9,Malay,FALSE,0.809422673,3.190577327,0
12.26802333,8.208196319,13.33512348,9,English,TRUE,1.009266312,2.990733688,0
11.79348369,9.288559808,45.62944141,8,English,TRUE,2.051801815,1.948198185,0
14.10256035,6.687382522,45.58474779,9,Malay,FALSE,2.087391022,1.912608978,0
14.41340207,7.431272257,23.19593257,8,Malay,FALSE,1.311644496,2.688355504,0
11.03020495,7.279124377,20.96250754,9,English,TRUE,1.241843545,2.758156455,0
10.60498988,6.246119874,25.1036774,9,Mandarin,TRUE,1.365300344,2.634699656,0
14.19652804,7.105557795,18.05021308,9,Mandarin,TRUE,1.174694628,2.825305372,0
12.50747908,5.107922554,36.46765938,8,English,FALSE,1.711742662,2.288257338,0
11.62186728,7.587160107,50.1949481,9,English,FALSE,2.225255211,1.774744789,0
10.25696244,8.603963743,0.562416693,8,English,FALSE,0.527356485,3.472643515,0
13.03062357,6.838057104,56.1604243,9,Mandarin,TRUE,2.43070095,1.56929905,0
11.03862944,8.7328709,7.077202702,8,English,FALSE,0.75362176,3.24637824,0
10.18843369,8.753280575,53.98236741,9,Malay,FALSE,2.34882939,1.65117061,0
12.22404429,9.920576814,14.01343798,8,English,FALSE,1.00856081,2.99143919,0
12.9856875,7.729720715,55.02195552,8,English,TRUE,2.361219266,1.638780734,0
10.85688464,7.020320521,47.23986505,8,Malay,FALSE,2.07343422,1.92656578,0
13.25726582,8.197621623,16.15015995,8,English,TRUE,1.072887539,2.927112461,0
10.9444394,8.132881411,1.6965787,8,Malay,FALSE,0.567325831,3.432674169,0
10.10369939,9.936710934,42.95059248,9,Mandarin,FALSE,1.992090519,2.007909481,0
10.74466206,8.538469473,49.30576469,8,Mandarin,TRUE,2.156356805,1.843643195,0
12.93497485,6.532902305,40.78584533,9,English,TRUE,1.914206949,2.085793051,0
13.17654763,5.937549282,22.89997845,9,Mandarin,TRUE,1.314473584,2.685526416,0
